<?xml version="1.0" encoding="UTF-8"?>
<kml xmlns="http://www.opengis.net/kml/2.2">
  <Document>
    <name>Trayectoria Cuadriga</name>
    <Placemark>
      <name>Trayectoria Cuadriga</name>
      <Style>
        <LineStyle>
          <color>ff0000ff</color>
          <width>3</width>
        </LineStyle>
      </Style>
      <LineString>
        <tessellate>1</tessellate>
        <coordinates>
          -4.489446749,36.717307294,100.9661
          -4.489446747,36.717307293,100.9661
          -4.48944674,36.717307288,100.9661
          -4.489446723,36.717307288,100.9659
          -4.489446731,36.717307286,100.966
          -4.489446734,36.717307279,100.9663
          -4.489446735,36.717307273,100.9664
          -4.489446724,36.717307275,100.9663
          -4.489446729,36.717307269,100.9664
          -4.489446737,36.717307268,100.9664
          -4.48944674,36.717307264,100.9664
          -4.489446728,36.717307266,100.9666
          -4.489446732,36.717307263,100.9666
          -4.489446749,36.717307263,100.9668
          -4.489446757,36.717307267,100.9665
          -4.489446756,36.717307265,100.9666
          -4.489446749,36.717307263,100.9667
          -4.489446769,36.717307268,100.9662
          -4.489446775,36.717307287,100.9656
          -4.489446773,36.717307282,100.9659
          -4.489446762,36.71730728,100.9659
          -4.489446786,36.717307308,100.9652
          -4.489446787,36.717307332,100.9648
          -4.489446782,36.717307318,100.9651
          -4.489446775,36.717307314,100.9654
          -4.489446777,36.717307311,100.9655
          -4.489446767,36.717307312,100.9654
          -4.489446772,36.717307309,100.9654
          -4.48944677,36.717307305,100.9655
          -4.489446763,36.717307305,100.9654
          -4.489446747,36.717307305,100.9653
          -4.489446817,36.717306648,100.9612
          -4.489446916,36.717306371,100.9629
          -4.489447081,36.717306046,100.9636
          -4.489447199,36.71730571,100.9631
          -4.489447284,36.717305506,100.9665
          -4.489447322,36.717305125,100.9618
          -4.489447442,36.717304673,100.9587
          -4.489447506,36.717304351,100.9588
          -4.489447677,36.717303986,100.9582
          -4.48944791,36.717303388,100.952
          -4.489448099,36.717302916,100.9478
          -4.489448316,36.717302459,100.9423
          -4.489448453,36.717302022,100.9401
          -4.4894487,36.717301649,100.9406
          -4.489448855,36.717301226,100.9396
          -4.489448898,36.717300819,100.9397
          -4.489449565,36.717300489,100.9382
          -4.489450296,36.717300204,100.9411
          -4.489450597,36.717299839,100.944
          -4.489451197,36.717299525,100.9402
          -4.489451467,36.717299156,100.9461
          -4.489451814,36.717298796,100.9501
          -4.489451996,36.717298415,100.9664
          -4.489452096,36.717297988,100.9677
          -4.489452075,36.717297488,100.985
          -4.489451991,36.717297023,100.9839
          -4.489452103,36.71729665,100.986
          -4.489452222,36.717296315,100.9862
          -4.489452324,36.717295916,100.9728
          -4.489452431,36.717295532,100.9666
          -4.489452548,36.71729519,100.9681
          -4.489452672,36.717294837,100.9674
          -4.489452787,36.717294428,100.9655
          -4.489452996,36.717294134,100.9586
          -4.489453243,36.717293725,100.9502
          -4.489453595,36.717293461,100.9422
          -4.48945369,36.717293056,100.9394
          -4.489454144,36.717292716,100.9295
          -4.489454518,36.717292327,100.9141
          -4.489454653,36.717291958,100.9141
          -4.48945481,36.717291637,100.9177
          -4.489455198,36.717291254,100.9146
          -4.489455401,36.717290818,100.9085
          -4.489455577,36.717290486,100.9077
          -4.489455724,36.717290093,100.9081
          -4.489455829,36.717289697,100.9129
          -4.489456111,36.717289297,100.9098
          -4.489456418,36.717288905,100.9042
          -4.489456604,36.717288551,100.9014
          -4.489456677,36.717288182,100.9034
          -4.48945693,36.71728781,100.9053
          -4.489457168,36.717287393,100.9061
          -4.489457388,36.717287103,100.9035
          -4.48945752,36.717286685,100.9044
          -4.489457684,36.717286315,100.9106
          -4.489457896,36.71728585,100.9069
          -4.489458046,36.717285507,100.9078
          -4.489458158,36.717285095,100.9082
          -4.489458222,36.717284755,100.9087
          -4.489458429,36.717284237,100.9029
          -4.489458676,36.717283838,100.9013
          -4.489458887,36.71728343,100.8992
          -4.489459054,36.717283011,100.8993
          -4.489459278,36.717282632,100.8986
          -4.489459343,36.717282181,100.8942
          -4.489459607,36.717281808,100.8937
          -4.489459883,36.717281428,100.8959
          -4.489459935,36.71728106,100.8974
          -4.489460129,36.717280672,100.8974
          -4.489460375,36.717280317,100.8959
          -4.489460665,36.71727999,100.894
          -4.489460982,36.717279698,100.8918
          -4.489461434,36.717279458,100.8851
          -4.489461566,36.717279084,100.8821
          -4.489462,36.717278798,100.8663
          -4.489462196,36.717278428,100.8539
          -4.489462441,36.717278104,100.8494
          -4.489462509,36.717277601,100.8446
          -4.489462726,36.717277143,100.8409
          -4.489462853,36.717276755,100.84
          -4.489462953,36.717276424,100.8405
          -4.489463254,36.717276072,100.8458
          -4.489463385,36.717275712,100.8514
          -4.489463432,36.717275333,100.8511
          -4.489463516,36.717274872,100.8433
          -4.489463626,36.717274485,100.8416
          -4.489463823,36.717274154,100.8421
          -4.489463972,36.717273814,100.8481
          -4.489464139,36.717273391,100.8477
          -4.489464334,36.717272934,100.8462
          -4.489464348,36.717272583,100.8454
          -4.489464536,36.717272087,100.8413
          -4.489464753,36.717271677,100.8409
          -4.489464846,36.717271294,100.8394
          -4.489465157,36.717270926,100.8379
          -4.489465208,36.717270625,100.8388
          -4.489465374,36.717270283,100.8398
          -4.489466099,36.717269879,100.8352
          -4.489466473,36.717269475,100.8285
          -4.489466651,36.717269173,100.8286
          -4.489466894,36.717268676,100.8185
          -4.489466948,36.717268314,100.8258
          -4.489467154,36.717267906,100.826
          -4.489467235,36.717267607,100.8273
          -4.489467467,36.717267162,100.8268
          -4.489467537,36.717266823,100.8306
          -4.489467834,36.717266311,100.828
          -4.489468012,36.717265984,100.8302
          -4.489468244,36.717265551,100.8272
          -4.489468327,36.717265146,100.8248
          -4.489468371,36.717264747,100.8209
          -4.489468419,36.717264357,100.818
          -4.489468888,36.717264037,100.8177
          -4.489469004,36.717263688,100.8209
          -4.489469079,36.717263296,100.82
          -4.48946917,36.717262988,100.822
          -4.489469241,36.717262665,100.8209
          -4.489469474,36.717262288,100.8172
          -4.489469567,36.717261934,100.8163
          -4.489469821,36.71726137,100.8102
          -4.489469823,36.717261109,100.8136
          -4.489469961,36.717260617,100.8082
          -4.489470117,36.717260106,100.8018
          -4.489470344,36.717259716,100.8018
          -4.489470508,36.717259342,100.7992
          -4.489470702,36.717259007,100.7957
          -4.489470926,36.717258573,100.7901
          -4.489470947,36.717258234,100.7895
          -4.489471162,36.717257737,100.7845
          -4.489471308,36.717257389,100.7841
          -4.489471571,36.717256918,100.7794
          -4.489471607,36.717256585,100.7786
          -4.489471942,36.717256194,100.7708
          -4.489472225,36.717255791,100.7626
          -4.489472467,36.717255352,100.7578
          -4.489472703,36.717254852,100.7482
          -4.489473037,36.717254519,100.7436
          -4.489473259,36.717254138,100.738
          -4.489473227,36.717253815,100.7402
          -4.489473583,36.717253437,100.7331
          -4.489473851,36.717253052,100.728
          -4.489473861,36.717252744,100.7316
          -4.48947416,36.717252305,100.7294
          -4.489474228,36.717251951,100.7276
          -4.489474212,36.71725163,100.7333
          -4.48947428,36.717251318,100.7374
          -4.489474361,36.717250937,100.7367
          -4.489474446,36.717250611,100.7379
          -4.489474563,36.717250202,100.7385
          -4.48947472,36.71724984,100.7366
          -4.489474937,36.717249187,100.7291
          -4.489475088,36.717248901,100.7278
          -4.489475147,36.717248527,100.7263
          -4.489475403,36.717248096,100.7227
          -4.48947543,36.71724773,100.7228
          -4.489475799,36.717247238,100.7222
          -4.489475879,36.717246834,100.7157
          -4.489476353,36.717246389,100.7226
          -4.489476769,36.717246032,100.7266
          -4.489476992,36.717245589,100.7331
          -4.489477155,36.717245204,100.7415
          -4.489477042,36.717244736,100.7386
          -4.489477197,36.717244313,100.7339
          -4.489477439,36.717243928,100.7277
          -4.489477468,36.717243572,100.723
          -4.489477528,36.717243174,100.7213
          -4.489477758,36.717242711,100.7174
          -4.489477887,36.717242344,100.7169
          -4.489478044,36.717241931,100.7144
          -4.489478286,36.717241567,100.7122
          -4.489478377,36.717241188,100.7125
          -4.489478542,36.717240836,100.7102
          -4.489478727,36.717240477,100.7093
          -4.489478771,36.717240177,100.7129
          -4.4894789,36.717239798,100.7103
          -4.489479012,36.717239413,100.7055
          -4.489479021,36.717239038,100.7013
          -4.48947916,36.71723863,100.6979
          -4.48947929,36.71723832,100.6994
          -4.489479487,36.717237985,100.7027
          -4.489479482,36.717237523,100.7005
          -4.489479679,36.717236951,100.6948
          -4.489479811,36.717236512,100.6954
          -4.489480001,36.71723608,100.6943
          -4.489480156,36.717235651,100.6933
          -4.489480285,36.7172352,100.692
          -4.489480499,36.717234759,100.6896
          -4.489480642,36.717234407,100.6857
          -4.489480722,36.717234006,100.6844
          -4.489480926,36.717233455,100.6791
          -4.489481039,36.717233096,100.682
          -4.489481215,36.717232739,100.6838
          -4.489481388,36.717232392,100.6842
          -4.489481616,36.717232017,100.683
          -4.489481765,36.717231583,100.6813
          -4.489481768,36.717231316,100.6853
          -4.489481893,36.717230983,100.6847
          -4.489482172,36.717230507,100.6835
          -4.489482422,36.717230115,100.6826
          -4.48948268,36.717229736,100.6793
          -4.489482879,36.717229255,100.6782
          -4.489483058,36.717228909,100.6852
          -4.489483261,36.717228523,100.6899
          -4.48948333,36.717228133,100.6895
          -4.489483405,36.717227755,100.6871
          -4.489483418,36.717227284,100.6781
          -4.489483511,36.717226849,100.6729
          -4.48948366,36.717226474,100.6736
          -4.489483788,36.717226064,100.6717
          -4.489483885,36.717225625,100.6686
          -4.489483985,36.717225259,100.6691
          -4.489484034,36.717224852,100.6666
          -4.489484125,36.717224502,100.6683
          -4.489484219,36.717224043,100.6661
          -4.489484355,36.717223593,100.664
          -4.489484417,36.717223232,100.6635
          -4.489484552,36.717222792,100.6597
          -4.489484678,36.717222332,100.6546
          -4.489484831,36.717221929,100.6525
          -4.48948494,36.717221567,100.6524
          -4.489485063,36.71722121,100.6509
          -4.489485199,36.717220816,100.6509
          -4.489485495,36.717220441,100.6554
          -4.489485642,36.717220089,100.6571
          -4.489485963,36.717219644,100.6651
          -4.489486204,36.717219289,100.6703
          -4.48948629,36.717218884,100.6756
          -4.489486454,36.717218462,100.671
          -4.489486596,36.717218075,100.663
          -4.48948673,36.717217631,100.6485
          -4.489486857,36.717217229,100.6432
          -4.489486964,36.717216887,100.642
          -4.489486967,36.717216454,100.6393
          -4.489487127,36.717216049,100.6361
          -4.489487179,36.717215678,100.6385
          -4.489487208,36.717215244,100.6339
          -4.489487323,36.71721486,100.6334
          -4.489487408,36.717214495,100.6337
          -4.489487525,36.717214029,100.6293
          -4.489487576,36.717213642,100.6305
          -4.489487702,36.71721317,100.6268
          -4.489487768,36.717212823,100.626
          -4.48948787,36.717212378,100.6231
          -4.489488005,36.717212084,100.6254
          -4.48948808,36.717211634,100.6259
          -4.489488191,36.717211201,100.625
          -4.489488295,36.717210785,100.622
          -4.489488436,36.717210411,100.6208
          -4.489488577,36.717209957,100.6177
          -4.489488722,36.717209624,100.6186
          -4.489488795,36.717209203,100.6156
          -4.489488871,36.717208768,100.6125
          -4.489489025,36.717208282,100.6047
          -4.489489113,36.71720794,100.6037
          -4.489489296,36.717207502,100.5997
          -4.489489453,36.717207181,100.5999
          -4.489489585,36.717206643,100.5931
          -4.489489526,36.717206266,100.5946
          -4.489489754,36.717205854,100.5911
          -4.489489877,36.717205439,100.5882
          -4.489490033,36.717204999,100.5818
          -4.489490162,36.717204588,100.5782
          -4.489490337,36.717204168,100.5753
          -4.489490363,36.717203779,100.5763
          -4.489490423,36.717203401,100.5777
          -4.489490523,36.717203062,100.5786
          -4.489490599,36.717202616,100.5725
          -4.489490663,36.717202284,100.5716
          -4.489490762,36.717201908,100.5692
          -4.489490849,36.717201491,100.5672
          -4.489490921,36.717201108,100.5675
          -4.489491014,36.717200786,100.5687
          -4.48949109,36.717200407,100.5699
          -4.489491216,36.717199953,100.571
          -4.4894913,36.717199536,100.5695
          -4.489491405,36.717199067,100.5679
          -4.489491531,36.717198652,100.5656
          -4.489491578,36.717198246,100.5639
          -4.489491742,36.717197829,100.5619
          -4.489491816,36.717197433,100.5605
          -4.489491949,36.717196944,100.5589
          -4.489492044,36.717196553,100.5594
          -4.489492207,36.717196106,100.5587
          -4.489492196,36.717195719,100.5604
          -4.489492233,36.717195317,100.5576
          -4.489492303,36.717194966,100.5584
          -4.489492578,36.717194489,100.5611
          -4.489492744,36.717194103,100.5616
          -4.489492982,36.717193684,100.5587
          -4.489492965,36.717193287,100.5589
          -4.489492897,36.71719288,100.5505
          -4.489493093,36.717192477,100.5484
          -4.48949331,36.717192079,100.5463
          -4.489493344,36.717191643,100.5432
          -4.489493398,36.717191243,100.5428
          -4.489493436,36.717190806,100.541
          -4.489493436,36.717190484,100.5417
          -4.489493557,36.717190088,100.5406
          -4.489493649,36.717189749,100.5406
          -4.489493794,36.717189296,100.538
          -4.489493866,36.717188914,100.5362
          -4.489494034,36.717188373,100.53
          -4.489494132,36.71718803,100.531
          -4.489494163,36.717187614,100.5301
          -4.489494273,36.717187165,100.5255
          -4.489494335,36.717186808,100.5253
          -4.489494375,36.71718635,100.5219
          -4.489494468,36.717185936,100.5212
          -4.489494575,36.717185506,100.5175
          -4.489494666,36.717185108,100.516
          -4.489494841,36.717184649,100.5121
          -4.489494903,36.717184282,100.5122
          -4.489495006,36.71718386,100.5097
          -4.489495075,36.717183501,100.5106
          -4.489495184,36.717183081,100.5073
          -4.489495319,36.717182678,100.5045
          -4.489495406,36.717182248,100.4998
          -4.489495482,36.717181836,100.4979
          -4.489495604,36.717181478,100.4982
          -4.489495661,36.717181032,100.4967
          -4.489495775,36.717180649,100.499
          -4.489495817,36.717180254,100.498
          -4.48949595,36.717179799,100.4954
          -4.489495978,36.717179396,100.4921
          -4.489496041,36.717178981,100.4872
          -4.489496082,36.717178548,100.4837
          -4.489496101,36.717178197,100.486
          -4.489496169,36.717177715,100.4814
          -4.489496304,36.717177383,100.4813
          -4.489496313,36.717176929,100.4791
          -4.489496366,36.717176475,100.4749
          -4.489496453,36.717176085,100.4731
          -4.489496572,36.717175713,100.4732
          -4.489496582,36.717175295,100.4706
          -4.489496608,36.717174858,100.469
          -4.489496726,36.717174413,100.4663
          -4.489496738,36.717174018,100.4658
          -4.489496811,36.717173609,100.4623
          -4.489496919,36.717173205,100.4595
          -4.48949702,36.717172811,100.4581
          -4.489497149,36.71717242,100.4577
          -4.489497165,36.717171962,100.4574
          -4.489497276,36.71717159,100.4576
          -4.489497358,36.717171137,100.455
          -4.489497477,36.717170742,100.4536
          -4.489497522,36.717170313,100.4492
          -4.489497575,36.717169927,100.4481
          -4.489497701,36.717169519,100.4479
          -4.489497758,36.717169083,100.4447
          -4.489497881,36.717168702,100.4457
          -4.489497935,36.717168225,100.4422
          -4.489498013,36.717167846,100.4392
          -4.489498083,36.717167465,100.4393
          -4.489498159,36.717167085,100.4383
          -4.489498139,36.717166639,100.4356
          -4.489498196,36.717166313,100.4357
          -4.489498229,36.717165898,100.4319
          -4.489498267,36.717165475,100.43
          -4.489498293,36.717165056,100.4268
          -4.489498297,36.71716465,100.4252
          -4.489498368,36.717164258,100.422
          -4.489498435,36.717163866,100.4225
          -4.489498465,36.71716344,100.4194
          -4.48949851,36.717162986,100.4185
          -4.489498555,36.717162552,100.4161
          -4.489498555,36.717162068,100.4135
          -4.48949865,36.717161739,100.4146
          -4.489498679,36.717161323,100.4107
          -4.48949878,36.717160885,100.4085
          -4.489498774,36.71716044,100.4048
          -4.489498825,36.717160043,100.4024
          -4.48949882,36.717159627,100.401
          -4.489498941,36.71715918,100.3949
          -4.489498903,36.717158816,100.3957
          -4.489498956,36.717158415,100.3948
          -4.489499052,36.717157919,100.3878
          -4.489499194,36.717157527,100.3841
          -4.489499295,36.717157105,100.3823
          -4.489499297,36.717156678,100.3808
          -4.489499321,36.717156231,100.3764
          -4.489499375,36.717155878,100.3753
          -4.489499447,36.717155462,100.377
          -4.489499483,36.717155095,100.3777
          -4.489499469,36.717154682,100.377
          -4.489499517,36.717154315,100.3766
          -4.489499546,36.717153857,100.3727
          -4.489499659,36.717153525,100.372
          -4.489499647,36.717153056,100.3683
          -4.489499696,36.717152677,100.3687
          -4.489499751,36.717152265,100.3673
          -4.489499743,36.71715183,100.365
          -4.489499701,36.717151409,100.3633
          -4.489499767,36.717150966,100.3612
          -4.489499773,36.717150537,100.358
          -4.489499797,36.717150151,100.356
          -4.489499837,36.717149681,100.3528
          -4.489499723,36.717149254,100.35
          -4.489499672,36.717148826,100.3528
          -4.489499453,36.717148223,100.3437
          -4.489499328,36.717147774,100.3428
          -4.489499057,36.717147276,100.3393
          -4.489498899,36.717146855,100.3374
          -4.489498688,36.717146427,100.3353
          -4.489498572,36.717146045,100.3349
          -4.489498324,36.717145614,100.3309
          -4.489497958,36.71714528,100.3274
          -4.489497643,36.717144913,100.3265
          -4.489497328,36.717144515,100.3269
          -4.489496972,36.717144202,100.3243
          -4.48949666,36.717143841,100.3204
          -4.489496246,36.717143511,100.3192
          -4.489495963,36.717143231,100.3223
          -4.489495633,36.717143002,100.3238
          -4.489495295,36.717142752,100.3244
          -4.489494903,36.717142479,100.3233
          -4.489494555,36.717142208,100.3221
          -4.489494089,36.71714199,100.3227
          -4.489493681,36.717141714,100.3216
          -4.489493326,36.71714148,100.323
          -4.489492832,36.717141257,100.3227
          -4.489492371,36.717140992,100.3185
          -4.489491918,36.717140794,100.3205
          -4.489491409,36.717140593,100.3207
          -4.489490989,36.71714041,100.322
          -4.489490455,36.717140217,100.3236
          -4.489489954,36.717140019,100.3225
          -4.489489538,36.717139809,100.3226
          -4.489489051,36.717139618,100.3221
          -4.489488548,36.71713946,100.3226
          -4.489488149,36.71713931,100.3224
          -4.489487664,36.717139192,100.3233
          -4.489487142,36.717139081,100.3211
          -4.4894867,36.717138941,100.3211
          -4.489486187,36.717138751,100.3194
          -4.48948579,36.717138605,100.3213
          -4.48948532,36.717138452,100.3216
          -4.489484869,36.717138283,100.3223
          -4.489484406,36.717138157,100.3251
          -4.489483893,36.717138074,100.3256
          -4.489483262,36.717138,100.3248
          -4.489482798,36.7171379,100.3252
          -4.489482202,36.717137761,100.325
          -4.489481764,36.717137699,100.3269
          -4.489481269,36.717137639,100.3265
          -4.489480709,36.717137596,100.3234
          -4.489480192,36.717137506,100.3226
          -4.489479661,36.717137465,100.323
          -4.489479068,36.717137433,100.3224
          -4.489478572,36.717137403,100.324
          -4.489478002,36.717137371,100.3237
          -4.489477484,36.717137382,100.3243
          -4.489477101,36.717137371,100.3282
          -4.489476591,36.717137342,100.3298
          -4.489476056,36.717137299,100.3302
          -4.489475531,36.717137267,100.3297
          -4.489474967,36.717137294,100.3285
          -4.489474465,36.717137291,100.3296
          -4.489473972,36.717137304,100.3309
          -4.489473413,36.717137337,100.33
          -4.489472954,36.717137335,100.3309
          -4.489472416,36.717137403,100.3324
          -4.489471927,36.717137475,100.3315
          -4.489471439,36.717137531,100.3327
          -4.48947089,36.717137592,100.3335
          -4.489470382,36.717137657,100.3342
          -4.489469816,36.717137759,100.3314
          -4.48946938,36.717137845,100.3335
          -4.489468847,36.71713786,100.3327
          -4.48946829,36.717137965,100.332
          -4.489467768,36.717138102,100.3325
          -4.489467243,36.717138231,100.3331
          -4.489466762,36.717138406,100.334
          -4.489466235,36.717138479,100.3354
          -4.489465751,36.717138611,100.3348
          -4.489465244,36.717138784,100.3333
          -4.489464827,36.717138899,100.3361
          -4.489464342,36.717139036,100.3379
          -4.48946387,36.717139236,100.3388
          -4.489463429,36.717139348,100.3407
          -4.489462993,36.717139564,100.3401
          -4.489462552,36.717139739,100.3407
          -4.489462102,36.717139909,100.3421
          -4.489461679,36.717140019,100.3453
          -4.489461181,36.717140173,100.345
          -4.489460704,36.71714035,100.3451
          -4.489460267,36.71714055,100.3463
          -4.489459772,36.717140713,100.3468
          -4.489459297,36.71714087,100.3476
          -4.489458806,36.717141138,100.3465
          -4.489458393,36.717141331,100.3496
          -4.489458047,36.717141513,100.3535
          -4.489457592,36.717141712,100.3536
          -4.48945714,36.717141907,100.3555
          -4.489456763,36.717142029,100.3605
          -4.489456258,36.71714231,100.3579
          -4.489455785,36.717142512,100.3542
          -4.489455369,36.717142671,100.358
          -4.489454992,36.717142879,100.3622
          -4.489454509,36.7171431,100.3628
          -4.489454115,36.71714336,100.365
          -4.489453748,36.717143495,100.3697
          -4.489453276,36.717143603,100.3723
          -4.48945291,36.717143863,100.374
          -4.489452396,36.717144172,100.3702
          -4.489451927,36.717144413,100.3706
          -4.489451558,36.717144612,100.3731
          -4.489451119,36.717144831,100.3754
          -4.489450744,36.717145068,100.3783
          -4.489450329,36.717145348,100.378
          -4.489449859,36.71714563,100.3757
          -4.489449524,36.717145768,100.3788
          -4.489449071,36.717146028,100.3788
          -4.489448574,36.717146337,100.3775
          -4.489448198,36.717146623,100.379
          -4.489447926,36.71714679,100.3832
          -4.489447459,36.717147158,100.382
          -4.489447003,36.71714741,100.3824
          -4.489446613,36.717147581,100.3862
          -4.489446214,36.71714786,100.3867
          -4.489445932,36.717148075,100.3898
          -4.489445544,36.717148407,100.3902
          -4.48944516,36.717148619,100.3918
          -4.489444787,36.717148923,100.3932
          -4.489444407,36.717149185,100.3947
          -4.489444043,36.717149443,100.3945
          -4.489443691,36.717149778,100.3957
          -4.489443327,36.717150046,100.3984
          -4.489442935,36.717150321,100.3988
          -4.489442577,36.717150622,100.4011
          -4.489442196,36.717150876,100.4032
          -4.489441822,36.717151217,100.4034
          -4.489441384,36.717151428,100.4045
          -4.489441047,36.717151717,100.4072
          -4.489440695,36.71715198,100.4108
          -4.489440363,36.717152321,100.4133
          -4.489440032,36.717152611,100.4143
          -4.489439718,36.717152885,100.4166
          -4.4894394,36.717153192,100.4209
          -4.489439074,36.717153453,100.4239
          -4.489438773,36.717153764,100.4269
          -4.489438462,36.717153997,100.4309
          -4.48943811,36.717154316,100.4334
          -4.489437797,36.717154537,100.4382
          -4.489437467,36.717154932,100.4386
          -4.489437139,36.717155226,100.4415
          -4.489436824,36.717155552,100.4437
          -4.489436508,36.717155912,100.4438
          -4.489436233,36.717156192,100.448
          -4.489435894,36.717156568,100.4485
          -4.489435612,36.71715684,100.4508
          -4.489435252,36.717157196,100.4511
          -4.489434993,36.717157521,100.4538
          -4.489434647,36.71715785,100.4553
          -4.489434335,36.717158132,100.458
          -4.489433983,36.717158493,100.4596
          -4.489433682,36.717158798,100.4623
          -4.48943337,36.717159143,100.4623
          -4.489433064,36.71715949,100.4644
          -4.489432739,36.71715982,100.4677
          -4.489432455,36.717160121,100.4713
          -4.489432109,36.717160439,100.4719
          -4.489431775,36.717160878,100.4701
          -4.489431457,36.717161134,100.4726
          -4.48943117,36.717161514,100.4733
          -4.489430768,36.717161815,100.4731
          -4.489430518,36.717162181,100.4747
          -4.48943022,36.717162512,100.4763
          -4.489429975,36.717162852,100.4806
          -4.489429669,36.717163162,100.483
          -4.489429372,36.717163497,100.4847
          -4.489429037,36.717163777,100.4872
          -4.489428759,36.717164126,100.4885
          -4.489428489,36.717164425,100.4914
          -4.489428183,36.71716473,100.4944
          -4.489427915,36.717165043,100.497
          -4.489427559,36.717165407,100.4963
          -4.489427218,36.717165719,100.497
          -4.489426903,36.717165999,100.4999
          -4.489426594,36.717166405,100.5007
          -4.489426304,36.71716677,100.5013
          -4.489425996,36.717167124,100.5025
          -4.489425746,36.717167463,100.5046
          -4.489425436,36.717167806,100.5067
          -4.489425163,36.717168131,100.5086
          -4.489424865,36.717168487,100.5104
          -4.489424563,36.717168813,100.5118
          -4.489424261,36.717169147,100.513
          -4.489423947,36.71716952,100.5132
          -4.489423657,36.717169827,100.5151
          -4.489423398,36.717170213,100.5166
          -4.489423164,36.717170442,100.5218
          -4.489422829,36.717170889,100.5204
          -4.489422592,36.717171224,100.5215
          -4.48942236,36.717171554,100.5249
          -4.48942206,36.717171868,100.5268
          -4.489421804,36.717172248,100.5275
          -4.489421535,36.717172603,100.5305
          -4.489421256,36.717172919,100.5314
          -4.489421017,36.717173267,100.5338
          -4.489420713,36.717173543,100.5362
          -4.489420396,36.71717384,100.5392
          -4.489420122,36.717174238,100.5399
          -4.489419884,36.717174618,100.5418
          -4.489419612,36.717174988,100.5437
          -4.489419327,36.717175332,100.546
          -4.489419052,36.717175681,100.5468
          -4.489418784,36.717176033,100.5488
          -4.489418564,36.717176378,100.5514
          -4.489418306,36.717176746,100.5541
          -4.489418043,36.717177067,100.5562
          -4.489417829,36.717177477,100.5558
          -4.489417626,36.71717785,100.5556
          -4.48941736,36.717178265,100.5555
          -4.489417179,36.717178598,100.5587
          -4.489416977,36.717179074,100.5582
          -4.489416843,36.717179376,100.5622
          -4.489416698,36.717179855,100.5614
          -4.489416573,36.717180262,100.5629
          -4.489416391,36.717180635,100.5652
          -4.489416268,36.717181035,100.5656
          -4.489416182,36.717181389,100.5681
          -4.489416041,36.717181859,100.5684
          -4.489415902,36.717182239,100.5716
          -4.4894158,36.717182646,100.5739
          -4.489415666,36.717183036,100.5758
          -4.489415618,36.717183448,100.5769
          -4.489415418,36.717183833,100.578
          -4.489415306,36.717184219,100.5775
          -4.489415267,36.71718464,100.5783
          -4.489415211,36.717185028,100.5798
          -4.489415137,36.717185458,100.5815
          -4.489415032,36.717185829,100.5809
          -4.489414961,36.717186255,100.5813
          -4.489414889,36.717186644,100.5815
          -4.489414857,36.717187122,100.5816
          -4.489414824,36.717187525,100.5856
          -4.489414762,36.717187878,100.5898
          -4.489414711,36.717188298,100.5909
          -4.489414741,36.717188728,100.5923
          -4.489414658,36.717189106,100.5953
          -4.489414594,36.717189502,100.5971
          -4.489414566,36.71718991,100.5977
          -4.489414496,36.717190365,100.5983
          -4.489414495,36.717190743,100.602
          -4.489414479,36.717191136,100.6039
          -4.489414467,36.717191497,100.6068
          -4.489414446,36.717191935,100.6095
          -4.489414422,36.717192336,100.6109
          -4.489414427,36.717192784,100.611
          -4.489414441,36.717193146,100.614
          -4.489414437,36.717193549,100.6154
          -4.489414511,36.717194031,100.617
          -4.489414391,36.717194351,100.6237
          -4.489414425,36.717194822,100.6229
          -4.489414399,36.717195199,100.6227
          -4.489414434,36.717195554,100.6262
          -4.489414452,36.717196017,100.6257
          -4.489414489,36.717196456,100.6257
          -4.489414533,36.717196891,100.626
          -4.489414556,36.717197311,100.627
          -4.489414547,36.717197705,100.6294
          -4.489414553,36.717198129,100.6323
          -4.489414551,36.717198563,100.6333
          -4.489414589,36.717198975,100.637
          -4.489414621,36.717199333,100.6398
          -4.489414679,36.717199715,100.6416
          -4.48941478,36.717200201,100.64
          -4.489414811,36.717200616,100.64
          -4.489414862,36.717200998,100.6425
          -4.489414925,36.717201382,100.6455
          -4.48941499,36.717201793,100.6486
          -4.48941499,36.71720224,100.6478
          -4.489415024,36.71720261,100.6511
          -4.489415103,36.717203048,100.6512
          -4.489415137,36.717203417,100.6547
          -4.489415138,36.717203836,100.6551
          -4.489415139,36.71720424,100.6579
          -4.489415179,36.717204653,100.6599
          -4.489415188,36.717205028,100.6622
          -4.489415276,36.717205465,100.6621
          -4.489415408,36.717205918,100.6611
          -4.489415429,36.717206336,100.6617
          -4.489415458,36.71720669,100.6656
          -4.489415544,36.717207133,100.6671
          -4.489415613,36.71720755,100.667
          -4.489415692,36.717207932,100.6666
          -4.489415872,36.717208318,100.668
          -4.48941597,36.717208677,100.6696
          -4.489416086,36.717209045,100.6726
          -4.489416254,36.717209455,100.6736
          -4.489416428,36.717209905,100.6719
          -4.489416568,36.717210251,100.673
          -4.489416761,36.71721056,100.6778
          -4.489417034,36.717210978,100.677
          -4.489417243,36.717211411,100.6747
          -4.489417441,36.717211778,100.6745
          -4.489417714,36.717212168,100.6757
          -4.489417891,36.71721252,100.677
          -4.489418083,36.717212881,100.6778
          -4.489418328,36.717213252,100.6792
          -4.489418537,36.717213613,100.68
          -4.489418796,36.717214004,100.6791
          -4.48941901,36.717214397,100.6788
          -4.489419265,36.717214741,100.6796
          -4.489419455,36.717215084,100.6813
          -4.489419746,36.717215462,100.6824
          -4.489419989,36.717215773,100.6856
          -4.489420299,36.717216096,100.6874
          -4.489420535,36.717216457,100.6905
          -4.489420862,36.717216841,100.6899
          -4.489421186,36.717217181,100.6921
          -4.489421408,36.717217493,100.6947
          -4.489421688,36.717217842,100.6975
          -4.48942194,36.717218172,100.6981
          -4.489422257,36.717218522,100.7003
          -4.489422577,36.717218827,100.701
          -4.489422845,36.717219134,100.7025
          -4.489423123,36.717219508,100.7035
          -4.48942346,36.717219822,100.7018
          -4.489423769,36.717220126,100.7038
          -4.489424106,36.717220472,100.7035
          -4.489424449,36.717220754,100.7058
          -4.489424789,36.717221073,100.7078
          -4.489424997,36.717221397,100.7101
          -4.489425354,36.717221743,100.7094
          -4.489425597,36.717222026,100.7118
          -4.489425983,36.717222389,100.712
          -4.489426404,36.717222715,100.7095
          -4.489426618,36.717222988,100.7116
          -4.489426969,36.717223265,100.7146
          -4.489427222,36.717223599,100.7174
          -4.489427685,36.717223901,100.7143
          -4.489427959,36.717224209,100.7143
          -4.489428412,36.71722454,100.7132
          -4.489428749,36.717224765,100.7162
          -4.489429061,36.71722509,100.7206
          -4.489429379,36.717225418,100.7223
          -4.489429728,36.71722567,100.7223
          -4.489430189,36.717226008,100.7192
          -4.489430484,36.717226291,100.7197
          -4.489430925,36.717226636,100.717
          -4.489431262,36.717226914,100.7199
          -4.489431648,36.717227222,100.7222
          -4.489432071,36.717227487,100.7213
          -4.489432411,36.71722775,100.7249
          -4.489432796,36.717228071,100.724
          -4.489433104,36.71722832,100.7277
          -4.489433515,36.717228598,100.7273
          -4.489433869,36.717228886,100.7263
          -4.489434252,36.717229181,100.7261
          -4.489434666,36.717229427,100.726
          -4.489435048,36.717229647,100.7282
          -4.489435368,36.717229949,100.7305
          -4.489435748,36.717230178,100.7315
          -4.489436183,36.717230442,100.731
          -4.489436603,36.717230764,100.7308
          -4.489436989,36.717230993,100.7334
          -4.489437425,36.717231231,100.7342
          -4.489437815,36.717231526,100.7352
          -4.489438112,36.717231811,100.7378
          -4.489438544,36.717232049,100.7379
          -4.489438838,36.717232372,100.7367
          -4.48943933,36.717232647,100.7348
          -4.489439708,36.717232859,100.7367
          -4.489440176,36.717233172,100.7362
          -4.489440588,36.717233422,100.7357
          -4.489440939,36.717233683,100.738
          -4.489441392,36.71723391,100.7367
          -4.489441794,36.717234134,100.7366
          -4.489442209,36.717234385,100.736
          -4.489442636,36.71723461,100.7346
          -4.489443043,36.717234814,100.7353
          -4.489443441,36.71723498,100.7351
          -4.489443919,36.717235209,100.7333
          -4.489444324,36.717235426,100.7355
          -4.489444723,36.717235614,100.7374
          -4.489445154,36.717235794,100.7378
          -4.489445557,36.717236005,100.7368
          -4.489446015,36.717236187,100.7381
          -4.489446368,36.71723637,100.7415
          -4.489446847,36.71723663,100.7414
          -4.489447378,36.71723675,100.7416
          -4.489447795,36.717236974,100.7401
          -4.489448204,36.717237188,100.7417
          -4.489448474,36.717237373,100.7473
          -4.489448973,36.717237534,100.749
          -4.489449411,36.717237704,100.7504
          -4.489449985,36.717237854,100.7474
          -4.489450503,36.717238035,100.746
          -4.489450901,36.717238218,100.7493
          -4.489451389,36.717238373,100.7509
          -4.489451852,36.717238597,100.7505
          -4.489452381,36.717238727,100.749
          -4.489452759,36.717238865,100.7501
          -4.489453299,36.717239062,100.7477
          -4.489453842,36.71723923,100.747
          -4.489454423,36.717239429,100.7414
          -4.489454891,36.717239567,100.7402
          -4.489455328,36.717239632,100.7398
          -4.489455752,36.717239814,100.7409
          -4.489456388,36.717239931,100.7383
          -4.489456725,36.717240097,100.7402
          -4.489457253,36.717240237,100.7399
          -4.489457685,36.717240366,100.741
          -4.489458156,36.717240517,100.7415
          -4.489458714,36.717240679,100.7364
          -4.489459173,36.717240861,100.7326
          -4.489459694,36.717240973,100.7308
          -4.489460088,36.717241072,100.7344
          -4.489460671,36.717241219,100.7316
          -4.489461119,36.71724133,100.7308
          -4.489461613,36.71724145,100.7303
          -4.489462135,36.717241591,100.7288
          -4.489462637,36.717241738,100.7267
          -4.489463207,36.71724184,100.7242
          -4.489463621,36.717241957,100.7265
          -4.489464094,36.717242067,100.7274
          -4.489464549,36.717242214,100.7291
          -4.489465052,36.717242323,100.728
          -4.489465529,36.71724247,100.7262
          -4.489466026,36.717242603,100.7261
          -4.489466503,36.717242731,100.7241
          -4.48946698,36.71724281,100.7217
          -4.489467397,36.717242993,100.7196
          -4.489467997,36.717243069,100.7176
          -4.489468408,36.717243215,100.7159
          -4.489468893,36.717243301,100.7171
          -4.489469392,36.717243444,100.7137
          -4.489469898,36.717243465,100.7144
          -4.489470339,36.717243612,100.7148
          -4.489470834,36.717243759,100.7135
          -4.489471418,36.71724376,100.7194
          -4.489471998,36.717243861,100.7233
          -4.489472457,36.717243998,100.7223
          -4.489472991,36.717244052,100.7216
          -4.4894735,36.717244252,100.7176
          -4.489474054,36.717244362,100.7147
          -4.489474523,36.717244477,100.7139
          -4.489474944,36.717244612,100.7148
          -4.489475424,36.717244687,100.7167
          -4.4894759,36.717244791,100.7179
          -4.489476299,36.717244925,100.72
          -4.489476778,36.71724496,100.7192
          -4.489477312,36.717245061,100.7167
          -4.489477759,36.717245206,100.7161
          -4.489478168,36.717245281,100.7191
          -4.489478732,36.717245268,100.7189
          -4.489479229,36.717245398,100.7157
          -4.489479764,36.717245412,100.7158
          -4.489480223,36.717245544,100.7186
          -4.489480743,36.717245572,100.7217
          -4.48948129,36.717245612,100.7236
          -4.489481827,36.71724563,100.7245
          -4.489482289,36.717245705,100.7262
          -4.489482732,36.717245826,100.7279
          -4.489483278,36.717245843,100.7265
          -4.489483838,36.717245827,100.7234
          -4.489484284,36.717245895,100.7277
          -4.489484787,36.717245962,100.7295
          -4.489485312,36.717246013,100.7302
          -4.489485824,36.717246075,100.7292
          -4.489486337,36.717246053,100.7278
          -4.489486851,36.717246038,100.7262
          -4.489487358,36.717246069,100.727
          -4.489487875,36.717246048,100.7267
          -4.489488405,36.717246144,100.7278
          -4.489489023,36.717246071,100.7258
          -4.489489501,36.717246128,100.7253
          -4.489490078,36.717246135,100.7204
          -4.489490567,36.717246148,100.7176
          -4.489491008,36.717246164,100.7179
          -4.489491549,36.717246116,100.7153
          -4.489492027,36.717246104,100.7144
          -4.489492536,36.71724608,100.7142
          -4.489492999,36.717246101,100.7153
          -4.489493467,36.717246112,100.7134
          -4.489493989,36.717246139,100.7138
          -4.489494501,36.717246147,100.7133
          -4.489494986,36.717246157,100.7105
          -4.489495501,36.717246136,100.7113
          -4.489496021,36.71724615,100.7103
          -4.489496565,36.717246101,100.71
          -4.489497103,36.717246057,100.7079
          -4.489497585,36.717246035,100.7098
          -4.489498137,36.717245976,100.7081
          -4.489498612,36.717245998,100.7097
          -4.489499186,36.717245915,100.7114
          -4.489499678,36.71724587,100.7099
          -4.489500123,36.717245807,100.7123
          -4.489500697,36.717245671,100.7125
          -4.489501157,36.717245638,100.7115
          -4.489501712,36.71724559,100.7138
          -4.489502213,36.717245606,100.713
          -4.489502643,36.71724555,100.7131
          -4.489503263,36.717245527,100.7103
          -4.4895037,36.717245516,100.7118
          -4.489504216,36.71724549,100.7117
          -4.489504706,36.717245439,100.712
          -4.489505203,36.717245383,100.7113
          -4.48950572,36.717245301,100.7101
          -4.489506181,36.717245269,100.7099
          -4.489506686,36.717245187,100.7081
          -4.489507151,36.717245096,100.7037
          -4.489507686,36.717244977,100.703
          -4.489508135,36.717244975,100.7064
          -4.489508693,36.717244905,100.7039
          -4.489509201,36.717244789,100.6998
          -4.489509731,36.717244695,100.702
          -4.489510198,36.717244619,100.7016
          -4.489510737,36.717244547,100.7038
          -4.489511248,36.717244403,100.705
          -4.489511752,36.717244308,100.7057
          -4.489512277,36.717244247,100.7046
          -4.489512702,36.717244149,100.7081
          -4.489513285,36.717244051,100.7065
          -4.489513816,36.717243941,100.7046
          -4.48951438,36.71724385,100.7003
          -4.489514848,36.71724371,100.6997
          -4.489515276,36.717243632,100.7023
          -4.489515869,36.71724352,100.6989
          -4.489516455,36.717243326,100.6937
          -4.48951691,36.717243249,100.6975
          -4.48951737,36.717243124,100.7014
          -4.489517791,36.717243031,100.7034
          -4.489518235,36.717242988,100.7053
          -4.489518642,36.717242876,100.7054
          -4.4895191,36.717242778,100.7023
          -4.489519503,36.717242679,100.7017
          -4.489519935,36.717242555,100.7016
          -4.489520445,36.71724245,100.7026
          -4.489520924,36.717242287,100.702
          -4.489521329,36.717242099,100.7041
          -4.489521819,36.717241979,100.7022
          -4.489522264,36.717241801,100.7026
          -4.4895228,36.717241563,100.7003
          -4.48952325,36.717241469,100.6982
          -4.48952382,36.717241175,100.6947
          -4.489524341,36.717241024,100.6941
          -4.489524855,36.717240817,100.693
          -4.489525362,36.71724069,100.6963
          -4.489525782,36.717240541,100.6979
          -4.489526244,36.717240333,100.6948
          -4.489526606,36.717240238,100.6911
          -4.489527091,36.717240059,100.6946
          -4.489527531,36.717239918,100.6965
          -4.489528022,36.717239761,100.698
          -4.48952839,36.7172396,100.6991
          -4.489528882,36.717239439,100.6929
          -4.489529326,36.717239271,100.7029
          -4.489529843,36.717239115,100.6987
          -4.489530233,36.717238996,100.7021
          -4.489530724,36.717238861,100.6968
          -4.489531141,36.717238658,100.6922
          -4.489531721,36.717238465,100.6973
          -4.489532167,36.717238263,100.7013
          -4.489532638,36.717238095,100.6998
          -4.489533073,36.717237904,100.6971
          -4.489533537,36.717237768,100.6923
          -4.489533902,36.717237576,100.6925
          -4.489534379,36.717237415,100.6862
          -4.48953491,36.71723722,100.6871
          -4.489535363,36.717237018,100.684
          -4.489535848,36.717236846,100.6834
          -4.489536274,36.717236623,100.6825
          -4.489536758,36.717236422,100.6856
          -4.489537335,36.717236226,100.6848
          -4.489537885,36.717236005,100.6805
          -4.489538365,36.717235872,100.6818
          -4.489538889,36.71723559,100.6794
          -4.489539307,36.717235393,100.6817
          -4.489539696,36.71723518,100.6825
          -4.489540128,36.717234949,100.6811
          -4.489540555,36.717234734,100.6798
          -4.489541,36.717234563,100.6772
          -4.489541531,36.717234411,100.6785
          -4.489541937,36.717234225,100.6777
          -4.489542342,36.717234078,100.6742
          -4.489542772,36.717233808,100.6668
          -4.489543238,36.717233664,100.6714
          -4.489543729,36.717233355,100.6677
          -4.489544134,36.717233144,100.6702
          -4.489544554,36.717232929,100.6671
          -4.489544946,36.717232777,100.6637
          -4.489545406,36.717232491,100.6647
          -4.489545838,36.717232346,100.6616
          -4.48954627,36.717232111,100.6577
          -4.489546674,36.717231948,100.6543
          -4.489547048,36.717231741,100.6538
          -4.489547535,36.717231509,100.6513
          -4.48954792,36.717231335,100.652
          -4.489548413,36.717231107,100.6508
          -4.489548887,36.717230839,100.6502
          -4.489549272,36.717230643,100.6471
          -4.489549692,36.71723041,100.6487
          -4.489550131,36.717230203,100.6498
          -4.489550635,36.717229848,100.6455
          -4.489551093,36.717229554,100.6438
          -4.48955146,36.717229277,100.6436
          -4.489551876,36.717228992,100.6428
          -4.489552288,36.717228736,100.6423
          -4.489552701,36.717228403,100.6417
          -4.489553066,36.717228168,100.6427
          -4.489553419,36.717227833,100.6389
          -4.489553801,36.717227588,100.6401
          -4.489554229,36.717227317,100.6365
          -4.48955468,36.717227087,100.6349
          -4.489555035,36.717226754,100.6351
          -4.489555351,36.717226503,100.6334
          -4.489555713,36.717226253,100.6313
          -4.489556077,36.717225949,100.6316
          -4.489556432,36.71722564,100.6323
          -4.489556751,36.717225313,100.6292
          -4.489557034,36.717225038,100.6333
          -4.489557353,36.717224633,100.6283
          -4.489557674,36.717224244,100.6246
          -4.489558021,36.717223855,100.6201
          -4.489558241,36.717223581,100.6198
          -4.489558468,36.717223292,100.6191
          -4.489558738,36.717222883,100.6156
          -4.489558959,36.717222535,100.6141
          -4.489559209,36.717222308,100.6179
          -4.489559418,36.717221835,100.6117
          -4.489559663,36.717221283,100.6052
          -4.489559901,36.717220959,100.6051
          -4.489560113,36.717220583,100.6038
          -4.489560335,36.717220244,100.6031
          -4.489560514,36.717219875,100.6022
          -4.489560779,36.717219608,100.6024
          -4.489561086,36.717219221,100.5989
          -4.489561365,36.717219007,100.6048
          -4.489561519,36.717218547,100.6032
          -4.489561885,36.717218201,100.5975
          -4.489562029,36.717217915,100.5999
          -4.489562282,36.717217544,100.5973
          -4.489562553,36.717217138,100.5938
          -4.489562799,36.717216856,100.595
          -4.489563006,36.717216511,100.5933
          -4.489563213,36.717216207,100.5941
          -4.489563531,36.717215761,100.5902
          -4.489563854,36.717215421,100.5911
          -4.489564107,36.717215014,100.5915
          -4.489564374,36.717214694,100.5932
          -4.489564622,36.717214303,100.5903
          -4.489564696,36.71721396,100.5901
          -4.489565028,36.717213498,100.583
          -4.489565208,36.717213187,100.5836
          -4.489565555,36.717212819,100.5797
          -4.489565743,36.717212444,100.5786
          -4.489565978,36.71721214,100.5782
          -4.489566162,36.71721173,100.5743
          -4.489566353,36.717211378,100.5728
          -4.489566559,36.717211005,100.5692
          -4.489566839,36.717210675,100.5665
          -4.489567003,36.717210315,100.5689
          -4.489567328,36.717210027,100.5695
          -4.489567518,36.717209646,100.5679
          -4.489567708,36.717209263,100.5669
          -4.489567941,36.71720894,100.568
          -4.489568163,36.71720862,100.5677
          -4.489568383,36.717208278,100.5669
          -4.489568612,36.717207907,100.565
          -4.489568803,36.717207525,100.5622
          -4.48956911,36.71720713,100.5631
          -4.489569325,36.717206796,100.5607
          -4.489569567,36.717206316,100.5535
          -4.489569848,36.717205928,100.5497
          -4.489570114,36.717205463,100.5422
          -4.48957033,36.717205073,100.5405
          -4.489570577,36.717204736,100.5376
          -4.489570748,36.717204322,100.5325
          -4.489570906,36.717203896,100.5295
          -4.489571085,36.717203482,100.5301
          -4.489571334,36.717203055,100.5287
          -4.48957158,36.717202616,100.5246
          -4.489571743,36.717202295,100.5245
          -4.48957185,36.717201964,100.5205
          -4.489572008,36.717201644,100.518
          -4.489572153,36.717201347,100.5195
          -4.489572291,36.717201056,100.5224
          -4.489572437,36.717200613,100.5162
          -4.489572551,36.717200255,100.5164
          -4.489572727,36.717199906,100.5157
          -4.489572954,36.717199453,100.5104
          -4.48957317,36.717199164,100.508
          -4.48957329,36.717198779,100.5058
          -4.489573414,36.717198375,100.5037
          -4.48957354,36.717198069,100.5035
          -4.489573675,36.717197571,100.4992
          -4.489573814,36.717197125,100.4965
          -4.489574004,36.717196728,100.4946
          -4.489574138,36.717196319,100.4878
          -4.489574373,36.717195812,100.4875
          -4.489574582,36.717195354,100.4882
          -4.489574738,36.717194942,100.4879
          -4.489574865,36.717194593,100.487
          -4.489575048,36.717194232,100.4856
          -4.489575218,36.717193784,100.4887
          -4.489575433,36.717193437,100.4891
          -4.489575623,36.717193153,100.4897
          -4.489575815,36.717192722,100.4886
          -4.489575981,36.717192387,100.4848
          -4.489576133,36.717191872,100.4816
          -4.489576238,36.717191467,100.4825
          -4.48957633,36.71719102,100.476
          -4.489576523,36.717190618,100.4766
          -4.489576744,36.717190205,100.4763
          -4.489576853,36.717189835,100.4769
          -4.48957699,36.717189532,100.4784
          -4.489577144,36.71718918,100.4773
          -4.489577196,36.717188676,100.4707
          -4.48957728,36.717188318,100.4701
          -4.489577383,36.717187898,100.4655
          -4.489577503,36.717187548,100.4665
          -4.489577634,36.717187144,100.4639
          -4.489577719,36.717186769,100.4618
          -4.489577854,36.717186371,100.4586
          -4.489577927,36.717185953,100.4563
          -4.489578001,36.717185541,100.4511
          -4.489578072,36.717185032,100.4473
          -4.489578123,36.717184646,100.4461
          -4.489578244,36.717184182,100.4427
          -4.489578369,36.717183854,100.4456
          -4.489578413,36.717183365,100.4455
          -4.489578549,36.717183071,100.4496
          -4.48957866,36.717182703,100.4533
          -4.489578693,36.71718226,100.449
          -4.48957873,36.717181884,100.4425
          -4.489578769,36.717181447,100.436
          -4.489578929,36.717180931,100.4287
          -4.489578973,36.717180518,100.4256
          -4.489578991,36.717180151,100.4256
          -4.489579043,36.717179786,100.4252
          -4.489579105,36.717179367,100.4251
          -4.489579166,36.717178945,100.4246
          -4.489579198,36.717178535,100.4231
          -4.489579252,36.717178035,100.4241
          -4.489579257,36.717177638,100.4238
          -4.489579294,36.717177281,100.4227
          -4.489579321,36.717176867,100.4161
          -4.489579332,36.717176481,100.4114
          -4.489579354,36.717176097,100.4077
          -4.489579386,36.717175702,100.4037
          -4.489579382,36.717175251,100.405
          -4.489579483,36.717174867,100.4052
          -4.489579462,36.717174442,100.4045
          -4.489579515,36.717174111,100.4069
          -4.489579449,36.717173646,100.4075
          -4.489579458,36.717173181,100.4034
          -4.48957944,36.717172688,100.3971
          -4.489579481,36.717172293,100.3945
          -4.489579511,36.7171719,100.3929
          -4.489579454,36.717171495,100.3916
          -4.48957945,36.717171114,100.3923
          -4.489579416,36.717170691,100.3926
          -4.489579391,36.717170256,100.3903
          -4.489579477,36.717169862,100.3885
          -4.489579359,36.717169319,100.3825
          -4.489579312,36.717168953,100.3823
          -4.489579259,36.717168488,100.38
          -4.489579218,36.717168122,100.3784
          -4.489579116,36.717167714,100.3775
          -4.489578994,36.717167255,100.3752
          -4.489578939,36.717166876,100.3747
          -4.489578865,36.717166487,100.3754
          -4.489578884,36.717166122,100.3764
          -4.489578908,36.717165724,100.3775
          -4.489578825,36.717165351,100.3788
          -4.489578714,36.717165009,100.3798
          -4.489578649,36.717164626,100.379
          -4.489578472,36.717164201,100.3757
          -4.489578437,36.71716382,100.3757
          -4.489578286,36.717163404,100.3745
          -4.489578177,36.717163045,100.3763
          -4.489578061,36.717162617,100.3753
          -4.489577942,36.71716222,100.3741
          -4.489577838,36.717161825,100.3743
          -4.489577784,36.717161436,100.3714
          -4.489577662,36.717160955,100.3671
          -4.489577572,36.717160507,100.3643
          -4.489577449,36.717160071,100.3613
          -4.489577326,36.717159663,100.3612
          -4.48957718,36.717159258,100.36
          -4.489577058,36.717158878,100.3607
          -4.489576926,36.717158489,100.3598
          -4.489576755,36.71715809,100.3588
          -4.489576669,36.717157682,100.3566
          -4.4895766,36.717157265,100.3539
          -4.489576529,36.717156877,100.3524
          -4.489576358,36.717156486,100.3513
          -4.489576179,36.717156079,100.351
          -4.489576009,36.717155695,100.351
          -4.489575904,36.717155318,100.3509
          -4.489575734,36.717154894,100.3497
          -4.489575511,36.717154491,100.3485
          -4.48957533,36.717154058,100.3469
          -4.489575221,36.717153722,100.3477
          -4.489575011,36.717153297,100.3446
          -4.48957489,36.717152911,100.3433
          -4.489574706,36.717152501,100.3406
          -4.489574502,36.71715214,100.3399
          -4.489574214,36.717151766,100.3378
          -4.489574095,36.717151414,100.3395
          -4.489573987,36.717151017,100.3385
          -4.48957368,36.717150539,100.3307
          -4.489573602,36.717150245,100.3332
          -4.489573422,36.717149841,100.3336
          -4.489573336,36.71714951,100.3341
          -4.489573129,36.717149145,100.3335
          -4.489572964,36.717148741,100.3327
          -4.489572755,36.717148366,100.3311
          -4.489572585,36.717147993,100.3296
          -4.489572343,36.717147611,100.3256
          -4.489572167,36.717147224,100.3251
          -4.489571966,36.717146889,100.3244
          -4.489571765,36.717146504,100.3225
          -4.489571648,36.717146015,100.3191
          -4.489571369,36.717145516,100.3147
          -4.48957118,36.717145142,100.3139
          -4.489570993,36.717144751,100.3136
          -4.489570776,36.717144377,100.3123
          -4.489570639,36.717144012,100.3127
          -4.489570453,36.717143607,100.3113
          -4.489570324,36.71714329,100.3124
          -4.489570088,36.717142886,100.31
          -4.489569915,36.717142551,100.3122
          -4.489569725,36.717142177,100.3101
          -4.489569554,36.717141796,100.3102
          -4.489569328,36.717141423,100.3096
          -4.489569103,36.71714106,100.308
          -4.489568892,36.717140715,100.3095
          -4.489568736,36.717140315,100.3096
          -4.489568605,36.71713994,100.31
          -4.489568409,36.717139542,100.3101
          -4.489568121,36.71713916,100.3084
          -4.489567856,36.717138751,100.3065
          -4.48956765,36.71713833,100.3045
          -4.489567468,36.717137946,100.3035
          -4.489567251,36.717137543,100.301
          -4.489566978,36.717137132,100.2962
          -4.489566775,36.717136766,100.2948
          -4.489566616,36.717136429,100.2955
          -4.489566354,36.717136027,100.2963
          -4.489566066,36.717135656,100.2953
          -4.489565816,36.717135222,100.2889
          -4.489565553,36.717134862,100.2886
          -4.489565328,36.717134516,100.287
          -4.489565128,36.717134181,100.2882
          -4.489564855,36.717133814,100.2869
          -4.489564605,36.71713349,100.2866
          -4.489564303,36.717133158,100.2868
          -4.48956408,36.717132812,100.2861
          -4.489563844,36.717132416,100.2847
          -4.489563527,36.71713202,100.2805
          -4.48956331,36.717131688,100.2787
          -4.489563084,36.71713136,100.2791
          -4.489562804,36.717131014,100.2794
          -4.489562576,36.717130672,100.281
          -4.489562266,36.717130248,100.2767
          -4.489561934,36.717129923,100.2757
          -4.489561617,36.71712966,100.2771
          -4.489561359,36.717129374,100.2786
          -4.489561052,36.717129038,100.2781
          -4.48956084,36.717128675,100.2767
          -4.489560642,36.717128338,100.2752
          -4.489560329,36.717127988,100.272
          -4.489559918,36.717127646,100.2686
          -4.489559743,36.717127282,100.2678
          -4.489559363,36.717126915,100.2665
          -4.489559086,36.717126599,100.2668
          -4.489558745,36.717126242,100.2633
          -4.489558412,36.717125904,100.2611
          -4.48955804,36.717125578,100.2605
          -4.489557739,36.717125225,100.2594
          -4.489557507,36.717124912,100.2607
          -4.489557154,36.717124591,100.26
          -4.48955687,36.717124236,100.2596
          -4.489556598,36.717123876,100.2592
          -4.489556399,36.717123556,100.2593
          -4.489556152,36.717123239,100.2602
          -4.489555824,36.717122902,100.2584
          -4.489555446,36.717122558,100.2551
          -4.489555196,36.717122259,100.2581
          -4.489554899,36.717121942,100.2595
          -4.489554574,36.717121587,100.2568
          -4.489554249,36.717121255,100.2558
          -4.489553899,36.71712091,100.2516
          -4.489553541,36.717120623,100.2504
          -4.489553241,36.717120301,100.2509
          -4.489552975,36.717119963,100.2506
          -4.489552668,36.717119647,100.2523
          -4.489552374,36.71711934,100.252
          -4.489552099,36.717119042,100.2516
          -4.489551693,36.717118715,100.251
          -4.489551383,36.717118351,100.2475
          -4.489551005,36.717118076,100.2485
          -4.489550731,36.717117715,100.2468
          -4.489550306,36.717117414,100.2436
          -4.489549987,36.717117144,100.2423
          -4.489549699,36.717116809,100.2418
          -4.489549341,36.717116461,100.2413
          -4.489549046,36.71711613,100.2413
          -4.489548658,36.717115808,100.2394
          -4.489548334,36.717115518,100.2394
          -4.489547992,36.717115198,100.2386
          -4.48954767,36.717114909,100.2392
          -4.48954739,36.717114648,100.2406
          -4.489547042,36.717114302,100.2383
          -4.489546651,36.717113968,100.2333
          -4.489546317,36.717113655,100.2312
          -4.489545959,36.71711329,100.2258
          -4.489545543,36.717113007,100.225
          -4.489545184,36.717112674,100.2239
          -4.489544821,36.717112359,100.2222
          -4.489544584,36.717112094,100.2235
          -4.489544259,36.71711177,100.2221
          -4.489543775,36.71711149,100.219
          -4.489543404,36.717111126,100.2155
          -4.48954305,36.717110866,100.2146
          -4.489542759,36.717110553,100.2133
          -4.489542393,36.717110275,100.2124
          -4.489542026,36.717109982,100.2098
          -4.489541711,36.717109708,100.2083
          -4.489541293,36.717109431,100.2054
          -4.489540921,36.717109117,100.2058
          -4.489540599,36.717108799,100.2059
          -4.489540196,36.717108496,100.2042
          -4.489539822,36.71710826,100.2049
          -4.489539438,36.717107978,100.2048
          -4.489539057,36.717107702,100.2036
          -4.489538634,36.71710741,100.1994
          -4.48953823,36.717107111,100.1972
          -4.489537813,36.717106847,100.1953
          -4.489537429,36.717106617,100.1965
          -4.489536969,36.717106345,100.194
          -4.489536561,36.717106132,100.1917
          -4.48953614,36.71710587,100.189
          -4.489535722,36.717105661,100.1894
          -4.489535241,36.71710546,100.1897
          -4.489534806,36.717105214,100.1873
          -4.489534454,36.717104926,100.1857
          -4.489534051,36.717104695,100.1837
          -4.489533592,36.717104512,100.183
          -4.48953317,36.71710428,100.182
          -4.489532766,36.717104059,100.1827
          -4.489532309,36.717103837,100.1828
          -4.489531851,36.717103662,100.1826
          -4.489531357,36.717103474,100.1809
          -4.489530956,36.717103292,100.1786
          -4.489530521,36.717103096,100.1766
          -4.489530071,36.717102908,100.1766
          -4.489529549,36.717102697,100.1765
          -4.489529075,36.717102484,100.1739
          -4.48952861,36.71710232,100.1728
          -4.489528153,36.717102159,100.172
          -4.489527702,36.717101916,100.1704
          -4.489527241,36.717101737,100.1708
          -4.489526719,36.71710158,100.169
          -4.489526279,36.717101436,100.1686
          -4.489525756,36.717101278,100.166
          -4.489525243,36.717101092,100.1637
          -4.489524748,36.717100945,100.1639
          -4.489524289,36.71710076,100.161
          -4.489523785,36.717100635,100.1588
          -4.489523279,36.717100406,100.154
          -4.489522804,36.717100216,100.1532
          -4.489522353,36.717100035,100.1515
          -4.489521773,36.717099893,100.147
          -4.489521311,36.717099751,100.1457
          -4.48952076,36.717099587,100.142
          -4.489520318,36.717099423,100.1419
          -4.489519797,36.717099256,100.138
          -4.489519353,36.717099125,100.1382
          -4.489518908,36.717098973,100.1368
          -4.48951842,36.717098859,100.1361
          -4.489517924,36.717098652,100.1343
          -4.489517406,36.717098482,100.1323
          -4.489516849,36.717098367,100.128
          -4.489516425,36.717098208,100.1273
          -4.489515948,36.717098069,100.1265
          -4.489515504,36.717097928,100.1257
          -4.489515021,36.717097746,100.1211
          -4.489514477,36.717097599,100.1168
          -4.48951403,36.717097439,100.1154
          -4.489513494,36.717097304,100.1112
          -4.489513036,36.717097173,100.1095
          -4.48951257,36.71709701,100.1079
          -4.489512109,36.717096872,100.1061
          -4.489511741,36.717096701,100.107
          -4.48951122,36.717096527,100.1061
          -4.489510755,36.7170964,100.1056
          -4.489510371,36.717096225,100.1056
          -4.489509929,36.717096125,100.1061
          -4.489509517,36.717095983,100.1073
          -4.489509039,36.717095841,100.1071
          -4.489508677,36.717095719,100.1106
          -4.489508149,36.71709561,100.1099
          -4.489507748,36.717095522,100.1111
          -4.489507273,36.717095378,100.1113
          -4.489506698,36.717095298,100.1088
          -4.489506303,36.717095098,100.1096
          -4.489505733,36.717095006,100.1058
          -4.489505242,36.717094886,100.1053
          -4.489504703,36.717094709,100.1022
          -4.489504157,36.71709461,100.0989
          -4.489503609,36.717094432,100.0961
          -4.489503145,36.717094359,100.0977
          -4.489502598,36.717094232,100.0947
          -4.489502014,36.717094105,100.0904
          -4.489501524,36.717093992,100.0879
          -4.48950113,36.717093824,100.089
          -4.489500592,36.717093699,100.0862
          -4.489500182,36.717093547,100.087
          -4.489499638,36.717093429,100.0843
          -4.489499261,36.717093243,100.0867
          -4.489498858,36.717093021,100.0839
          -4.489498421,36.717092882,100.0846
          -4.489497975,36.717092724,100.0848
          -4.489497584,36.717092541,100.0847
          -4.489497184,36.717092449,100.0873
          -4.489496707,36.717092289,100.0874
          -4.489496251,36.717092226,100.0889
          -4.489495757,36.717092088,100.0879
          -4.489495375,36.71709197,100.0916
          -4.489494947,36.717091747,100.0878
          -4.489494395,36.717091674,100.0869
          -4.489493863,36.717091545,100.0864
          -4.489493352,36.717091482,100.0878
          -4.489492922,36.717091363,100.09
          -4.489492436,36.717091269,100.0911
          -4.489491916,36.717091199,100.0914
          -4.489491313,36.717091123,100.0891
          -4.489490788,36.71709104,100.0889
          -4.489490351,36.717090959,100.0914
          -4.489489842,36.717090873,100.0912
          -4.489489354,36.71709078,100.0918
          -4.489488862,36.717090715,100.0934
          -4.489488367,36.717090672,100.0936
          -4.489487846,36.717090625,100.0921
          -4.489487304,36.717090599,100.092
          -4.48948685,36.717090556,100.0935
          -4.48948627,36.717090504,100.0925
          -4.48948578,36.717090493,100.095
          -4.489485262,36.7170905,100.0976
          -4.489484698,36.717090471,100.0967
          -4.489484211,36.717090411,100.0983
          -4.489483734,36.717090395,100.1007
          -4.489483164,36.717090448,100.1004
          -4.489482629,36.717090505,100.1014
          -4.489482117,36.71709053,100.1025
          -4.489481627,36.717090514,100.1027
          -4.489481117,36.717090549,100.1047
          -4.489480611,36.717090579,100.1043
          -4.489480048,36.717090593,100.1025
          -4.489479539,36.7170907,100.1046
          -4.489479054,36.717090705,100.1063
          -4.489478506,36.717090752,100.1073
          -4.489477948,36.717090823,100.1052
          -4.489477498,36.717090831,100.1068
          -4.489476972,36.717090898,100.1068
          -4.489476404,36.71709092,100.1055
          -4.489475848,36.717090951,100.1033
          -4.489475312,36.717091056,100.1044
          -4.489474821,36.717091164,100.1063
          -4.489474346,36.717091217,100.1083
          -4.489473883,36.71709127,100.1089
          -4.489473322,36.717091326,100.1053
          -4.489472821,36.717091431,100.1048
          -4.489472337,36.717091525,100.1059
          -4.489471792,36.7170916,100.1045
          -4.489471324,36.717091611,100.1072
          -4.489470749,36.717091763,100.105
          -4.48947029,36.717091826,100.1069
          -4.489469812,36.717091877,100.1096
          -4.489469286,36.717091928,100.107
          -4.489468696,36.717092094,100.1044
          -4.489468198,36.71709212,100.1062
          -4.489467653,36.717092292,100.1052
          -4.489467155,36.717092434,100.1036
          -4.489466798,36.717092524,100.1065
          -4.48946625,36.717092581,100.107
          -4.489465696,36.717092714,100.1039
          -4.489465132,36.71709285,100.1053
          -4.489464523,36.717092885,100.1013
          -4.48946403,36.717092956,100.1003
          -4.489463548,36.717093024,100.0983
          -4.489463105,36.717093094,100.0991
          -4.489462539,36.717093139,100.0976
          -4.489462096,36.717093318,100.0987
          -4.48946168,36.717093441,100.1036
          -4.489461284,36.717093478,100.1076
          -4.489460772,36.717093555,100.1076
          -4.48946035,36.71709367,100.1125
          -4.489459887,36.717093713,100.1135
          -4.489459448,36.717093856,100.1158
          -4.4894591,36.717093877,100.1227
          -4.489458622,36.717094002,100.1239
          -4.489458224,36.717094058,100.1286
          -4.489457803,36.717094114,100.1296
          -4.489457281,36.717094308,100.1288
          -4.48945681,36.717094289,100.1302
          -4.489456298,36.717094478,100.1335
          -4.489455796,36.717094547,100.1365
          -4.489455319,36.717094672,100.1393
          -4.489454754,36.717094802,100.1394
          -4.48945428,36.717094942,100.1414
          -4.489453817,36.717095009,100.1437
          -4.489453244,36.717095207,100.1442
          -4.489452762,36.71709522,100.1454
          -4.489452186,36.717095407,100.1456
          -4.4894517,36.717095539,100.1464
          -4.489451204,36.717095606,100.1498
          -4.489450679,36.717095777,100.1512
          -4.489450124,36.717095872,100.1511
          -4.489449703,36.717096032,100.1561
          -4.489449191,36.717096156,100.1571
          -4.48944877,36.717096186,100.1606
          -4.489448232,36.717096345,100.1589
          -4.489447761,36.717096471,100.1606
          -4.489447384,36.717096577,100.164
          -4.489446846,36.717096738,100.1641
          -4.489446439,36.717096775,100.1668
          -4.489445882,36.71709696,100.1671
          -4.48944539,36.717097033,100.1681
          -4.489444884,36.717097137,100.1695
          -4.489444293,36.717097293,100.1669
          -4.489443871,36.717097355,100.1718
          -4.489443352,36.71709744,100.1739
          -4.489442866,36.71709762,100.1738
          -4.489442398,36.717097773,100.1759
          -4.489441925,36.717097828,100.1782
          -4.489441392,36.717097909,100.178
          -4.48944091,36.71709803,100.1791
          -4.48944036,36.717098151,100.1779
          -4.489439871,36.717098277,100.1798
          -4.489439405,36.717098352,100.1828
          -4.489438905,36.717098486,100.1843
          -4.489438438,36.717098644,100.1869
          -4.489437952,36.717098765,100.1889
          -4.489437432,36.717099009,100.1898
          -4.489437027,36.717099031,100.1936
          -4.489436565,36.717099184,100.1959
          -4.489436067,36.717099362,100.1967
          -4.48943563,36.71709946,100.1998
          -4.489435225,36.717099573,100.2022
          -4.489434664,36.717099734,100.2015
          -4.489434332,36.717099921,100.2067
          -4.489433746,36.717100084,100.2078
          -4.489433304,36.71710022,100.2087
          -4.489432792,36.71710043,100.2093
          -4.489432263,36.7171006,100.2091
          -4.48943189,36.717100691,100.2157
          -4.489431405,36.717100835,100.2188
          -4.48943099,36.717100912,100.2221
          -4.489430518,36.717101056,100.2238
          -4.489429964,36.717101233,100.2225
          -4.489429515,36.717101344,100.2255
          -4.489428922,36.717101588,100.2232
          -4.489428465,36.717101752,100.2247
          -4.489428011,36.717101927,100.2265
          -4.489427588,36.717102075,100.2293
          -4.48942709,36.717102315,100.2305
          -4.489426568,36.717102442,100.2311
          -4.489426041,36.717102615,100.2307
          -4.489425613,36.717102791,100.2323
          -4.489425112,36.717103046,100.2316
          -4.489424646,36.717103231,100.2325
          -4.489424221,36.717103382,100.2355
          -4.489423737,36.717103593,100.2348
          -4.489423328,36.717103854,100.2369
          -4.489422841,36.717104025,100.2376
          -4.489422404,36.717104226,100.24
          -4.48942195,36.717104376,100.2431
          -4.489421465,36.717104535,100.2425
          -4.489421074,36.717104691,100.244
          -4.489420609,36.717104918,100.2444
          -4.489420216,36.717105096,100.2461
          -4.489419729,36.717105319,100.2466
          -4.489419296,36.717105464,100.2484
          -4.489418788,36.717105626,100.2483
          -4.489418388,36.717105838,100.2514
          -4.48941795,36.717106052,100.2532
          -4.489417541,36.7171062,100.2563
          -4.489417082,36.7171064,100.2582
          -4.489416589,36.71710663,100.2565
          -4.489416145,36.717106813,100.2576
          -4.489415709,36.717106982,100.2604
          -4.489415222,36.717107233,100.2595
          -4.489414817,36.717107412,100.2629
          -4.489414385,36.71710759,100.2643
          -4.489413902,36.717107855,100.2632
          -4.489413512,36.717108103,100.2651
          -4.489413012,36.717108291,100.2651
          -4.489412589,36.717108469,100.2668
          -4.489412143,36.717108676,100.2677
          -4.489411712,36.717108902,100.2696
          -4.489411293,36.717109105,100.2729
          -4.489410807,36.717109313,100.2734
          -4.489410414,36.717109486,100.2761
          -4.489409933,36.717109728,100.2761
          -4.489409534,36.717109957,100.2783
          -4.489409052,36.717110219,100.2788
          -4.489408647,36.717110384,100.2818
          -4.489408226,36.717110609,100.2828
          -4.489407745,36.717110878,100.2825
          -4.489407279,36.717111175,100.2828
          -4.489406859,36.717111392,100.284
          -4.489406446,36.71711157,100.2875
          -4.489406032,36.717111721,100.2909
          -4.489405541,36.717112,100.2902
          -4.489405113,36.717112293,100.2914
          -4.489404734,36.717112535,100.2948
          -4.489404276,36.717112737,100.2949
          -4.489403852,36.717113028,100.2976
          -4.489403455,36.717113121,100.3003
          -4.489402996,36.717113473,100.2971
          -4.489402652,36.717113598,100.3018
          -4.489402201,36.717113871,100.3025
          -4.489401844,36.717114035,100.3035
          -4.489401351,36.71711432,100.302
          -4.489400941,36.717114583,100.3038
          -4.489400547,36.717114833,100.3056
          -4.489400116,36.717115064,100.3067
          -4.489399674,36.717115357,100.3061
          -4.489399276,36.717115546,100.31
          -4.489398858,36.717115893,100.3096
          -4.48939839,36.717116134,100.3088
          -4.489398048,36.717116443,100.3119
          -4.48939761,36.717116773,100.3112
          -4.489397237,36.717117004,100.3136
          -4.489396883,36.717117217,100.3159
          -4.489396479,36.717117458,100.3166
          -4.489396041,36.717117684,100.3156
          -4.489395685,36.717117994,100.3179
          -4.489395357,36.717118315,100.3209
          -4.489394968,36.717118587,100.3221
          -4.489394577,36.717118847,100.3229
          -4.489394213,36.717119133,100.324
          -4.489393852,36.71711937,100.3266
          -4.489393473,36.717119666,100.3282
          -4.489393125,36.717119981,100.3303
          -4.489392685,36.717120326,100.3285
          -4.489392359,36.717120531,100.3312
          -4.489392045,36.717120859,100.3331
          -4.489391705,36.717121187,100.3332
          -4.489391343,36.717121469,100.3347
          -4.489390994,36.717121811,100.3358
          -4.489390608,36.717122085,100.3377
          -4.489390273,36.717122418,100.3374
          -4.489389938,36.717122724,100.34
          -4.489389582,36.717123059,100.3416
          -4.489389249,36.71712338,100.3434
          -4.48938892,36.71712365,100.3446
          -4.489388586,36.717123978,100.3464
          -4.489388203,36.717124264,100.3468
          -4.489387913,36.717124621,100.3482
          -4.489387568,36.717124928,100.3474
          -4.489387204,36.717125247,100.347
          -4.489386908,36.717125508,100.3506
          -4.489386523,36.717125764,100.3521
          -4.489386192,36.717126047,100.3538
          -4.489385822,36.717126391,100.3527
          -4.489385516,36.717126734,100.3537
          -4.489385161,36.717127109,100.3527
          -4.489384847,36.717127388,100.355
          -4.489384519,36.717127692,100.3563
          -4.489384168,36.717128044,100.3567
          -4.489383833,36.71712833,100.3581
          -4.489383448,36.717128675,100.3573
          -4.489383067,36.717128937,100.3584
          -4.48938268,36.717129208,100.3612
          -4.489382408,36.717129497,100.3631
          -4.489382054,36.717129832,100.3636
          -4.489381731,36.717130078,100.3675
          -4.489381389,36.717130387,100.3696
          -4.489381111,36.717130687,100.3717
          -4.48938076,36.717130957,100.3733
          -4.489380417,36.717131252,100.3721
          -4.489380058,36.717131503,100.3731
          -4.489379722,36.717131857,100.3726
          -4.489379374,36.717132187,100.3731
          -4.489378967,36.717132563,100.3716
          -4.489378668,36.717132874,100.3737
          -4.489378311,36.717133225,100.3733
          -4.489377977,36.717133531,100.3737
          -4.489377702,36.717133893,100.3756
          -4.489377397,36.717134236,100.3761
          -4.489377108,36.717134578,100.3788
          -4.489376768,36.717134871,100.3805
          -4.489376472,36.717135124,100.3838
          -4.489376131,36.717135466,100.3839
          -4.489375855,36.717135719,100.3867
          -4.489375568,36.717136073,100.3876
          -4.489375283,36.717136321,100.3907
          -4.489374996,36.717136645,100.393
          -4.489374724,36.717137123,100.3918
          -4.489374472,36.717137381,100.3958
          -4.489374167,36.717137686,100.3962
          -4.489373872,36.717137978,100.3982
          -4.489373549,36.717138237,100.403
          -4.489373225,36.717138544,100.4048
          -4.489372936,36.717138969,100.4052
          -4.489372542,36.717139266,100.4045
          -4.489372298,36.717139641,100.4064
          -4.489371988,36.717140028,100.4087
          -4.489371537,36.717140307,100.4054
          -4.489371315,36.71714075,100.4055
          -4.489370939,36.717141011,100.4064
          -4.489370602,36.717141434,100.4044
          -4.489370324,36.717141732,100.4065
          -4.489370046,36.717142078,100.4096
          -4.489369707,36.717142412,100.4096
          -4.489369366,36.717142725,100.4095
          -4.489369109,36.717143127,100.4101
          -4.489368838,36.717143457,100.4128
          -4.489368565,36.717143759,100.415
          -4.489368283,36.717144198,100.4132
          -4.489368005,36.717144495,100.4135
          -4.489367713,36.717144878,100.4136
          -4.489367461,36.717145163,100.4164
          -4.489367215,36.717145417,100.4223
          -4.489366947,36.717145808,100.4226
          -4.489366709,36.717146168,100.4233
          -4.489366492,36.717146549,100.4234
          -4.489366268,36.717146913,100.4234
          -4.489366042,36.717147174,100.4266
          -4.489365801,36.717147443,100.4308
          -4.489365562,36.717147869,100.4315
          -4.489365311,36.717148174,100.4345
          -4.489365093,36.717148497,100.4367
          -4.489364795,36.717148761,100.4402
          -4.489364519,36.717149266,100.4377
          -4.489364339,36.717149724,100.4398
          -4.489364098,36.717150036,100.4417
          -4.489363879,36.717150467,100.4423
          -4.489363623,36.717150827,100.4419
          -4.489363368,36.717151276,100.4414
          -4.48936314,36.717151624,100.4436
          -4.489362878,36.717152049,100.444
          -4.489362735,36.717152437,100.445
          -4.489362444,36.717152819,100.4445
          -4.489362257,36.717153171,100.4461
          -4.489362032,36.717153539,100.4486
          -4.489361812,36.717153907,100.4506
          -4.48936153,36.717154237,100.4526
          -4.489361432,36.717154554,100.4559
          -4.489361147,36.717154956,100.4543
          -4.489361027,36.717155248,100.4598
          -4.489360809,36.717155655,100.4614
          -4.489360587,36.717156051,100.4609
          -4.489360408,36.717156446,100.4608
          -4.489360235,36.717156828,100.4627
          -4.489359968,36.717157188,100.4637
          -4.48935973,36.717157547,100.4644
          -4.489359511,36.717157879,100.4667
          -4.489359306,36.717158283,100.4685
          -4.489359075,36.717158657,100.4702
          -4.489358849,36.717159063,100.4707
          -4.489358656,36.717159524,100.4702
          -4.489358479,36.717159852,100.4728
          -4.489358276,36.717160254,100.4737
          -4.489358081,36.717160608,100.4746
          -4.48935788,36.717161016,100.4736
          -4.489357665,36.717161345,100.4758
          -4.489357447,36.717161753,100.4764
          -4.489357289,36.717162118,100.4793
          -4.489357074,36.717162542,100.4781
          -4.489356982,36.717162908,100.4796
          -4.489356775,36.717163276,100.4808
          -4.489356579,36.717163684,100.4823
          -4.489356419,36.71716396,100.4873
          -4.489356219,36.717164379,100.4884
          -4.489356088,36.717164806,100.4882
          -4.48935591,36.717165161,100.4901
          -4.489355749,36.717165522,100.4925
          -4.4893555,36.717165853,100.4956
          -4.489355352,36.717166281,100.4939
          -4.489355255,36.717166738,100.4931
          -4.489355094,36.717167137,100.4931
          -4.489354872,36.717167464,100.4969
          -4.489354694,36.717167921,100.4966
          -4.489354558,36.717168291,100.4998
          -4.489354347,36.71716871,100.4999
          -4.489354249,36.71716912,100.5
          -4.489354025,36.717169465,100.5033
          -4.489353867,36.717169876,100.5062
          -4.489353641,36.717170265,100.5067
          -4.489353536,36.717170618,100.5091
          -4.489353376,36.717170955,100.5115
          -4.489353189,36.717171294,100.5145
          -4.489352914,36.71717169,100.5157
          -4.489352725,36.717172103,100.5157
          -4.489352589,36.717172524,100.5175
          -4.489352438,36.717172896,100.5191
          -4.489352255,36.717173308,100.5189
          -4.489352057,36.717173726,100.5195
          -4.489351815,36.717174093,100.5195
          -4.489351602,36.717174488,100.5226
          -4.48935144,36.717174882,100.5248
          -4.489351272,36.717175206,100.5295
          -4.489351146,36.717175631,100.5317
          -4.489350998,36.717176039,100.5325
          -4.489350849,36.717176339,100.5361
          -4.489350775,36.717176834,100.5363
          -4.489350613,36.717177169,100.5392
          -4.489350449,36.71717764,100.5375
          -4.489350303,36.71717802,100.5401
          -4.489350141,36.717178361,100.5448
          -4.489349968,36.717178777,100.5459
          -4.489349762,36.717179211,100.5453
          -4.489349624,36.717179614,100.5463
          -4.489349472,36.717180039,100.5455
          -4.48934934,36.717180394,100.5467
          -4.489349174,36.717180776,100.5494
          -4.489348992,36.717181137,100.5514
          -4.489348905,36.71718155,100.5545
          -4.489348777,36.717181933,100.5558
          -4.48934858,36.717182249,100.5591
          -4.489348351,36.717182645,100.5593
          -4.489348203,36.717183061,100.5594
          -4.489348026,36.717183456,100.5601
          -4.489347903,36.717183849,100.5612
          -4.48934782,36.717184273,100.5633
          -4.489347646,36.717184657,100.5647
          -4.489347486,36.717185113,100.563
          -4.489347382,36.717185495,100.562
          -4.489347261,36.717185868,100.5643
          -4.489347194,36.717186257,100.5673
          -4.489347107,36.717186674,100.5701
          -4.489347017,36.717187065,100.5733
          -4.489346932,36.71718745,100.5737
          -4.489346876,36.717187912,100.572
          -4.489346764,36.717188309,100.5739
          -4.489346689,36.717188766,100.5726
          -4.489346546,36.717189088,100.576
          -4.489346462,36.717189491,100.5777
          -4.489346439,36.717189946,100.5775
          -4.489346373,36.717190321,100.5799
          -4.489346327,36.717190764,100.5796
          -4.489346305,36.717191161,100.5825
          -4.489346235,36.717191546,100.5862
          -4.48934618,36.717191966,100.5873
          -4.489346056,36.717192318,100.59
          -4.489346029,36.717192725,100.5918
          -4.489346007,36.717193159,100.5928
          -4.489345947,36.717193561,100.5947
          -4.489345885,36.717193931,100.5978
          -4.489345856,36.717194342,100.6002
          -4.489345767,36.717194773,100.6006
          -4.489345695,36.717195186,100.601
          -4.489345662,36.717195621,100.6013
          -4.489345636,36.717196075,100.6004
          -4.489345586,36.717196484,100.602
          -4.489345532,36.717196932,100.6029
          -4.489345445,36.717197318,100.6021
          -4.489345443,36.717197718,100.6018
          -4.489345343,36.717198106,100.6024
          -4.48934528,36.71719853,100.6051
          -4.489345253,36.717198912,100.6076
          -4.489345169,36.71719937,100.608
          -4.489345205,36.717199767,100.6097
          -4.489345154,36.717200143,100.6111
          -4.489345116,36.717200515,100.6125
          -4.489345062,36.717200877,100.6156
          -4.48934504,36.717201316,100.6172
          -4.489345032,36.71720173,100.619
          -4.489344976,36.717202137,100.621
          -4.48934496,36.717202542,100.6218
          -4.489344894,36.717203001,100.6233
          -4.489344856,36.717203411,100.6249
          -4.489344865,36.717203875,100.6252
          -4.489344831,36.717204239,100.6291
          -4.48934486,36.717204696,100.6294
          -4.489344851,36.717205085,100.6323
          -4.489344829,36.717205548,100.6316
          -4.48934479,36.717205933,100.6331
          -4.489344802,36.71720637,100.6336
          -4.489344816,36.717206796,100.6355
          -4.48934478,36.717207206,100.6358
          -4.489344749,36.717207628,100.6358
          -4.489344738,36.71720802,100.6375
          -4.489344802,36.71720843,100.639
          -4.489344782,36.717208838,100.6391
          -4.489344773,36.717209267,100.64
          -4.489344757,36.717209661,100.64
          -4.489344704,36.717210005,100.6438
          -4.48934473,36.717210384,100.6451
          -4.489344688,36.717210817,100.6424
          -4.489344658,36.717211208,100.6448
          -4.48934466,36.717211638,100.6458
          -4.489344614,36.717212095,100.6448
          -4.48934458,36.717212436,100.6481
          -4.489344478,36.717212835,100.6491
          -4.489344493,36.717213215,100.6519
          -4.489344513,36.717213674,100.6535
          -4.489344535,36.717214063,100.6562
          -4.4893445,36.717214469,100.6589
          -4.489344503,36.717214844,100.6606
          -4.489344511,36.717215271,100.6627
          -4.48934451,36.717215696,100.6631
          -4.489344557,36.717216158,100.663
          -4.489344515,36.717216532,100.6666
          -4.489344435,36.717216976,100.6654
          -4.489344381,36.717217423,100.6654
          -4.489344459,36.71721781,100.6687
          -4.489344364,36.717218182,100.6721
          -4.489344389,36.717218639,100.6714
          -4.489344371,36.717219061,100.6715
          -4.489344382,36.717219495,100.6719
          -4.48934438,36.717219881,100.6747
          -4.489344348,36.717220274,100.6763
          -4.48934433,36.717220667,100.6764
          -4.489344379,36.717221065,100.6795
          -4.489344403,36.717221473,100.6816
          -4.489344341,36.717221846,100.6833
          -4.489344302,36.717222285,100.6821
          -4.489344372,36.71722273,100.6832
          -4.48934442,36.717223178,100.6853
          -4.489344625,36.717223527,100.6874
          -4.489344701,36.717223905,100.6864
          -4.489344835,36.7172243,100.6881
          -4.48934493,36.717224712,100.6897
          -4.489345066,36.717225071,100.6915
          -4.489345163,36.717225412,100.6967
          -4.489345308,36.717225843,100.6969
          -4.489345466,36.717226261,100.6958
          -4.489345723,36.717226657,100.6979
          -4.489345833,36.717226996,100.7016
          -4.489346018,36.717227387,100.7031
          -4.489346278,36.717227819,100.7011
          -4.48934642,36.717228197,100.7019
          -4.489346633,36.717228607,100.7024
          -4.489346749,36.717228939,100.7054
          -4.489346946,36.717229305,100.7069
          -4.489347268,36.717229681,100.7067
          -4.489347401,36.717230019,100.7096
          -4.48934766,36.717230376,100.7108
          -4.489347827,36.717230706,100.7131
          -4.489348067,36.717231035,100.7152
          -4.489348327,36.717231404,100.7169
          -4.489348539,36.71723176,100.7163
          -4.489348786,36.717232109,100.7167
          -4.489349062,36.717232448,100.7186
          -4.489349295,36.717232773,100.7197
          -4.489349586,36.717233198,100.7189
          -4.489349827,36.717233601,100.7179
          -4.489350061,36.717233988,100.718
          -4.489350339,36.717234374,100.718
          -4.48935064,36.717234662,100.7216
          -4.489350915,36.717235053,100.7215
          -4.489351192,36.717235383,100.7241
          -4.4893514,36.717235734,100.7263
          -4.489351756,36.717236093,100.7255
          -4.489351961,36.717236428,100.7263
          -4.48935229,36.717236729,100.7278
          -4.489352536,36.717237073,100.7295
          -4.489352825,36.717237435,100.7304
          -4.489353064,36.717237761,100.7328
          -4.489353327,36.717238098,100.7335
          -4.489353571,36.71723842,100.7355
          -4.489353899,36.717238767,100.7357
          -4.489354225,36.717239127,100.7347
          -4.489354473,36.717239407,100.739
          -4.489354775,36.717239744,100.7401
          -4.48935503,36.71724006,100.7421
          -4.489355428,36.717240449,100.7405
          -4.489355691,36.717240752,100.7429
          -4.489356047,36.717241126,100.7429
          -4.4893563,36.717241445,100.7455
          -4.489356606,36.717241804,100.7462
          -4.48935689,36.717242149,100.7462
          -4.489357243,36.717242471,100.7475
          -4.489357622,36.717242788,100.7468
          -4.489357918,36.71724309,100.7496
          -4.489358274,36.717243452,100.7503
          -4.489358499,36.717243753,100.7526
          -4.489358892,36.717244076,100.7534
          -4.489359138,36.717244349,100.7557
          -4.489359552,36.717244685,100.7547
          -4.489359774,36.717244996,100.7573
          -4.489360104,36.717245312,100.7603
          -4.48936047,36.717245606,100.7611
          -4.489360803,36.71724591,100.7612
          -4.489361146,36.717246195,100.762
          -4.489361504,36.717246533,100.7614
          -4.48936185,36.717246849,100.7623
          -4.489362233,36.717247171,100.7623
          -4.489362578,36.717247488,100.7627
          -4.489362888,36.717247822,100.7644
          -4.489363196,36.717248107,100.7658
          -4.489363597,36.717248449,100.765
          -4.489363934,36.717248773,100.7663
          -4.489364262,36.717249081,100.7684
          -4.489364591,36.717249371,100.7697
          -4.489364962,36.717249708,100.7687
          -4.489365313,36.717249997,100.7696
          -4.489365686,36.717250285,100.7699
          -4.489366035,36.717250585,100.7719
          -4.489366393,36.717250925,100.7722
          -4.489366774,36.717251195,100.7729
          -4.489367095,36.71725152,100.7731
          -4.489367478,36.717251831,100.7723
          -4.489367839,36.717252134,100.7724
          -4.489368258,36.717252413,100.7713
          -4.489368632,36.717252701,100.7699
          -4.489369098,36.717252949,100.7699
          -4.489369507,36.717253181,100.7702
          -4.489369839,36.717253411,100.7727
          -4.489370258,36.717253664,100.7737
          -4.489370647,36.717253913,100.7742
          -4.489371034,36.717254104,100.7745
          -4.489371496,36.717254281,100.7753
          -4.489371932,36.717254491,100.7764
          -4.489372319,36.717254732,100.7778
          -4.489372741,36.71725498,100.7801
          -4.489373201,36.717255209,100.7827
          -4.489373558,36.717255421,100.7863
          -4.48937399,36.717255654,100.7856
          -4.489374406,36.717255865,100.7863
          -4.489374906,36.717256076,100.7845
          -4.489375331,36.717256282,100.785
          -4.489375736,36.717256447,100.7862
          -4.489376187,36.717256676,100.7847
          -4.489376591,36.717256876,100.786
          -4.489377029,36.717257081,100.7864
          -4.489377486,36.717257282,100.7876
          -4.489377977,36.717257452,100.7876
          -4.489378445,36.717257681,100.7859
          -4.489378881,36.71725785,100.7861
          -4.489379348,36.717258048,100.7868
          -4.489379811,36.717258192,100.7865
          -4.48938027,36.717258369,100.7863
          -4.489380729,36.717258549,100.7858
          -4.489381192,36.717258737,100.7854
          -4.489381616,36.717258923,100.7848
          -4.48938203,36.717259092,100.7869
          -4.489382491,36.717259202,100.7896
          -4.489382919,36.717259377,100.791
          -4.489383346,36.717259512,100.7925
          -4.48938381,36.71725967,100.7938
          -4.489384244,36.717259805,100.7954
          -4.489384708,36.717259924,100.7965
          -4.489385154,36.717260084,100.7978
          -4.48938554,36.717260245,100.8017
          -4.489386042,36.717260415,100.8026
          -4.489386567,36.717260556,100.8053
          -4.489387089,36.717260659,100.8061
          -4.489387564,36.717260857,100.8053
          -4.489388137,36.717261037,100.8035
          -4.48938858,36.717261225,100.8033
          -4.489389097,36.717261369,100.8018
          -4.489389547,36.717261566,100.7986
          -4.489389998,36.717261685,100.7993
          -4.489390538,36.717261804,100.8035
          -4.489391099,36.717261942,100.7998
          -4.489391617,36.717262079,100.807
          -4.489392122,36.717262184,100.8096
          -4.489392614,36.717262338,100.8102
          -4.48939301,36.717262473,100.8152
          -4.489393468,36.717262688,100.8162
          -4.489394055,36.71726271,100.8195
          -4.489394469,36.717262811,100.825
          -4.489394992,36.717262925,100.8258
          -4.489395431,36.717263065,100.829
          -4.489395909,36.717263097,100.8264
          -4.489396428,36.717263244,100.8234
          -4.489396945,36.71726334,100.8231
          -4.48939742,36.717263471,100.8232
          -4.489397965,36.717263565,100.8212
          -4.489398472,36.71726374,100.8204
          -4.48939895,36.717263831,100.8231
          -4.489399452,36.717263968,100.8231
          -4.489399816,36.717264104,100.8264
          -4.4894004,36.717264235,100.8229
          -4.489400894,36.717264366,100.8215
          -4.489401378,36.71726445,100.8231
          -4.489401838,36.717264549,100.8256
          -4.489402353,36.717264698,100.8259
          -4.489402875,36.717264778,100.8262
          -4.489403252,36.717264915,100.8292
          -4.489403765,36.717264999,100.8297
          -4.489404202,36.717265126,100.832
          -4.489404719,36.717265227,100.8336
          -4.489405133,36.717265341,100.8359
          -4.489405711,36.717265502,100.8322
          -4.489406103,36.717265601,100.8377
          -4.489406594,36.717265712,100.8415
          -4.489407029,36.717265862,100.8455
          -4.489407568,36.717265999,100.8438
          -4.489408066,36.717266097,100.845
          -4.489408578,36.717266192,100.8457
          -4.489409029,36.717266184,100.8454
          -4.489409544,36.717266341,100.8469
          -4.489410057,36.717266498,100.8465
          -4.489410612,36.717266558,100.8445
          -4.489411151,36.717266659,100.8421
          -4.489411678,36.717266737,100.8431
          -4.489412141,36.717266901,100.8449
          -4.489412588,36.717267039,100.8473
          -4.489413146,36.717267117,100.8447
          -4.489413595,36.71726723,100.8473
          -4.489414175,36.71726734,100.847
          -4.489414565,36.717267484,100.8496
          -4.489415069,36.717267576,100.8507
          -4.489415552,36.717267693,100.852
          -4.48941592,36.717267843,100.8561
          -4.489416404,36.717267958,100.8582
          -4.489416877,36.717268037,100.8602
          -4.489417361,36.717268171,100.8607
          -4.489417923,36.717268137,100.8598
          -4.489418373,36.717268242,100.862
          -4.489418887,36.717268329,100.8632
          -4.489419396,36.717268466,100.8628
          -4.489419902,36.717268597,100.8637
          -4.489420456,36.717268645,100.8633
          -4.489420947,36.717268739,100.8652
          -4.489421544,36.71726884,100.8629
          -4.489422011,36.717268961,100.8646
          -4.489422546,36.717269091,100.8654
          -4.489423064,36.717269145,100.8649
          -4.489423582,36.717269257,100.8659
          -4.489424131,36.717269358,100.8633
          -4.489424564,36.717269471,100.8649
          -4.489425067,36.717269578,100.8653
          -4.489425644,36.71726967,100.8624
          -4.489426298,36.717269743,100.8592
          -4.489426717,36.717269865,100.8612
          -4.489427229,36.717269973,100.8577
          -4.48942765,36.717270069,100.8618
          -4.489428164,36.717270217,100.865
          -4.489428657,36.717270289,100.865
          -4.489429129,36.717270438,100.8659
          -4.489429591,36.717270542,100.8669
          -4.489430085,36.717270634,100.8655
          -4.489430574,36.717270734,100.8662
          -4.489431055,36.717270811,100.8666
          -4.489431559,36.717270896,100.8666
          -4.489432014,36.71727101,100.8696
          -4.489432659,36.717271117,100.8655
          -4.489433113,36.717271248,100.8677
          -4.489433598,36.717271343,100.8685
          -4.489434108,36.717271471,100.8652
          -4.489434664,36.717271566,100.8627
          -4.489435151,36.717271661,100.8603
          -4.489435677,36.71727181,100.8573
          -4.489436121,36.71727187,100.8604
          -4.489436667,36.717271992,100.8603
          -4.489437161,36.717272115,100.861
          -4.489437603,36.717272234,100.8628
          -4.489438091,36.71727229,100.8626
          -4.48943864,36.717272378,100.8635
          -4.489439207,36.717272473,100.8635
          -4.489439682,36.717272571,100.864
          -4.489440122,36.717272672,100.8645
          -4.489440617,36.717272837,100.8629
          -4.489441114,36.71727288,100.8641
          -4.489441588,36.71727299,100.8649
          -4.489442033,36.71727314,100.8658
          -4.489442556,36.717273255,100.8663
          -4.489443133,36.717273336,100.8636
          -4.48944361,36.71727343,100.8628
          -4.489444072,36.717273526,100.8648
          -4.48944454,36.717273609,100.8642
          -4.489444976,36.717273758,100.8646
          -4.489445497,36.717273936,100.8588
          -4.489446051,36.717274035,100.8579
          -4.489446556,36.717274136,100.8609
          -4.489447039,36.717274294,100.864
          -4.48944754,36.717274437,100.8635
          -4.489448053,36.717274492,100.8636
          -4.489448617,36.717274609,100.859
          -4.489448988,36.717274689,100.8611
          -4.489449532,36.717274741,100.8604
          -4.489450062,36.71727492,100.86
          -4.489450569,36.717275029,100.86
          -4.489450999,36.717275126,100.8613
          -4.489451502,36.71727526,100.8594
          -4.489451974,36.717275411,100.8596
          -4.489452535,36.717275536,100.8575
          -4.489452967,36.717275682,100.858
          -4.489453427,36.717275748,100.8588
          -4.489454009,36.717275897,100.8561
          -4.489454466,36.717276013,100.855
          -4.489455065,36.717276116,100.851
          -4.489455447,36.717276269,100.8528
          -4.48945599,36.717276341,100.8538
          -4.489456516,36.717276407,100.8527
          -4.489456986,36.717276529,100.852
          -4.489457508,36.717276572,100.8507
          -4.489457984,36.71727673,100.8488
          -4.489458506,36.717276856,100.8488
          -4.489459047,36.717276912,100.8467
          -4.489459548,36.717277029,100.8465
          -4.489459937,36.717277151,100.8487
          -4.48946048,36.717277287,100.8472
          -4.489460985,36.71727742,100.8482
          -4.489461611,36.717277491,100.8436
          -4.489462008,36.717277643,100.8446
          -4.489462481,36.717277775,100.8469
          -4.489462929,36.717277888,100.8488
          -4.489463387,36.717278009,100.8516
          -4.489463942,36.717278005,100.8498
          -4.489464367,36.717278115,100.852
          -4.489464979,36.717278214,100.848
          -4.489465359,36.717278332,100.8489
          -4.489465943,36.717278391,100.8444
          -4.489466427,36.717278481,100.8436
          -4.489466826,36.717278593,100.8441
          -4.489467357,36.717278721,100.8439
          -4.489467807,36.717278818,100.8456
          -4.48946835,36.717278866,100.8492
          -4.489468906,36.717278941,100.8468
          -4.489469385,36.717279051,100.8477
          -4.489469795,36.717279172,100.8499
          -4.489470378,36.717279214,100.8479
          -4.489470825,36.717279306,100.851
          -4.489471344,36.717279304,100.8541
          -4.489471849,36.717279446,100.8491
          -4.489472283,36.717279511,100.8488
          -4.489472813,36.717279547,100.8486
          -4.489473277,36.717279605,100.8508
          -4.489473761,36.717279691,100.8491
          -4.4894742,36.717279712,100.8508
          -4.489474693,36.717279772,100.8513
          -4.489475311,36.717279828,100.8476
          -4.489475798,36.717279859,100.8459
          -4.489476257,36.717279925,100.8454
          -4.489476757,36.717279986,100.8442
          -4.489477225,36.717280076,100.8431
          -4.489477765,36.717280112,100.8415
          -4.489478242,36.717280147,100.8428
          -4.489478742,36.717280234,100.8405
          -4.489479198,36.717280286,100.841
          -4.489479652,36.717280369,100.8413
          -4.489480287,36.717280352,100.8452
          -4.489480867,36.717280363,100.846
          -4.489481274,36.717280432,100.848
          -4.489481814,36.717280468,100.8464
          -4.489482253,36.717280565,100.8462
          -4.48948296,36.717280507,100.845
          -4.489483477,36.717280533,100.8452
          -4.489484025,36.717280537,100.8445
          -4.489484469,36.717280527,100.8467
          -4.489485008,36.717280617,100.8442
          -4.489485482,36.71728071,100.8445
          -4.48948605,36.717280646,100.844
          -4.489486554,36.71728067,100.8464
          -4.48948703,36.717280702,100.8465
          -4.48948753,36.717280699,100.8493
          -4.489488133,36.7172807,100.8444
          -4.489488461,36.717280795,100.8486
          -4.48948895,36.717280838,100.8473
          -4.489489497,36.717280847,100.8443
          -4.489489983,36.717280949,100.8443
          -4.489490406,36.717280966,100.8494
          -4.489491057,36.717280972,100.849
          -4.489491571,36.717280984,100.8507
          -4.489492044,36.717281004,100.8518
          -4.489492504,36.717281076,100.8535
          -4.489492979,36.717281048,100.8531
          -4.489493525,36.717281116,100.852
          -4.489494047,36.717281116,100.8527
          -4.489494711,36.717281003,100.8492
          -4.489495191,36.717281073,100.8474
          -4.48949578,36.717280997,100.8434
          -4.489496238,36.717281054,100.8442
          -4.489496711,36.717281086,100.8471
          -4.489497232,36.71728108,100.8457
          -4.489497734,36.717281048,100.845
          -4.489498215,36.717281065,100.8449
          -4.489498757,36.717281096,100.8448
          -4.48949925,36.717281139,100.8437
          -4.489499835,36.717281065,100.8438
          -4.489500322,36.717281044,100.8436
          -4.489500838,36.717281048,100.8435
          -4.489501316,36.717281133,100.8436
          -4.489501812,36.717281187,100.8426
          -4.489502443,36.717281146,100.8403
          -4.48950301,36.717281179,100.8371
          -4.489503478,36.717281179,100.8365
          -4.489504032,36.717281194,100.8367
          -4.489504531,36.717281235,100.8363
          -4.48950501,36.71728124,100.8372
          -4.489505481,36.717281235,100.8375
          -4.489505979,36.717281299,100.8349
          -4.489506477,36.717281358,100.8325
          -4.489506943,36.717281385,100.831
          -4.489507445,36.717281365,100.8316
          -4.489507884,36.717281386,100.8318
          -4.489508338,36.717281424,100.8342
          -4.489508872,36.717281379,100.8304
          -4.4895095,36.717281369,100.8311
          -4.489509981,36.717281396,100.8308
          -4.489510564,36.717281415,100.8345
          -4.489511098,36.717281438,100.8316
          -4.489511607,36.717281473,100.8347
          -4.489512071,36.717281525,100.8367
          -4.489512588,36.717281507,100.8387
          -4.489513126,36.717281523,100.8373
          -4.489513646,36.717281508,100.8363
          -4.489514119,36.717281502,100.8373
          -4.489514719,36.717281514,100.8376
          -4.489515259,36.71728151,100.8348
          -4.489515725,36.717281571,100.8375
          -4.489516326,36.717281598,100.8356
          -4.489516835,36.717281656,100.8337
          -4.489517408,36.717281659,100.8311
          -4.489517957,36.717281714,100.8318
          -4.489518457,36.717281665,100.8312
          -4.489519009,36.717281731,100.8293
          -4.489519383,36.71728178,100.833
          -4.489519861,36.71728178,100.8326
          -4.489520348,36.717281806,100.8339
          -4.48952089,36.717281856,100.8292
          -4.489521471,36.717281875,100.825
          -4.489521978,36.717281907,100.824
          -4.489522458,36.717281971,100.8244
          -4.489522953,36.717281936,100.8245
          -4.489523456,36.717281956,100.8242
          -4.489523953,36.717281968,100.823
          -4.489524432,36.717282005,100.8213
          -4.489525012,36.717282034,100.8209
          -4.489525474,36.71728202,100.8205
          -4.489525923,36.71728203,100.8207
          -4.489526438,36.717282028,100.8234
          -4.48952691,36.717282061,100.8245
          -4.48952748,36.717282059,100.8276
          -4.489527879,36.717282104,100.828
          -4.489528393,36.717282112,100.8274
          -4.48952892,36.71728212,100.832
          -4.489529394,36.717282178,100.8322
          -4.489529952,36.717282172,100.8339
          -4.489530549,36.717282171,100.8321
          -4.489531042,36.717282217,100.8303
          -4.489531542,36.717282234,100.8288
          -4.489532119,36.717282286,100.8317
          -4.489532731,36.71728227,100.8299
          -4.489533231,36.717282297,100.8302
          -4.489533847,36.717282307,100.8278
          -4.489534352,36.717282322,100.8268
          -4.489534892,36.717282372,100.8253
          -4.489535358,36.717282463,100.8278
          -4.489535847,36.717282443,100.8295
          -4.489536349,36.717282468,100.8306
          -4.489536822,36.717282513,100.8312
          -4.489537345,36.717282513,100.8299
          -4.489537883,36.717282594,100.8254
          -4.489538334,36.717282575,100.8259
          -4.489538765,36.717282561,100.829
          -4.48953924,36.717282618,100.8308
          -4.489539786,36.717282607,100.8315
          -4.489540253,36.717282612,100.8301
          -4.489540777,36.717282635,100.8294
          -4.489541278,36.717282631,100.8305
          -4.489541754,36.71728268,100.8325
          -4.489542261,36.717282708,100.8337
          -4.489542725,36.717282688,100.8372
          -4.489543224,36.717282667,100.8361
          -4.489543838,36.71728259,100.8338
          -4.48954436,36.71728254,100.8319
          -4.489544962,36.717282446,100.8299
          -4.489545455,36.717282384,100.8302
          -4.489545958,36.717282264,100.8295
          -4.489546514,36.717282228,100.826
          -4.489547035,36.717282167,100.8231
          -4.4895476,36.717282116,100.8207
          -4.489548197,36.717282063,100.8181
          -4.489548706,36.717281991,100.8167
          -4.489549227,36.717281877,100.8163
          -4.48954976,36.71728179,100.812
          -4.489550241,36.717281674,100.8104
          -4.489550695,36.717281552,100.8072
          -4.489551089,36.717281464,100.8092
          -4.489551559,36.717281326,100.8096
          -4.48955203,36.717281257,100.8107
          -4.489552488,36.717281109,100.8104
          -4.489553004,36.717281038,100.8054
          -4.489553457,36.717280929,100.8048
          -4.489553862,36.717280824,100.8066
          -4.489554355,36.717280733,100.8057
          -4.489554817,36.717280671,100.8056
          -4.489555308,36.717280523,100.8025
          -4.48955576,36.717280416,100.8006
          -4.489556256,36.717280221,100.802
          -4.489556721,36.717280059,100.8044
          -4.489557262,36.717279881,100.806
          -4.489557703,36.717279742,100.8076
          -4.489558208,36.717279607,100.806
          -4.48955863,36.717279497,100.8072
          -4.489559065,36.717279344,100.8063
          -4.48955961,36.717279217,100.797
          -4.489560187,36.717279038,100.7966
          -4.48956075,36.717278791,100.7971
          -4.489561189,36.717278634,100.7992
          -4.489561692,36.717278423,100.7967
          -4.489562143,36.717278221,100.7988
          -4.48956262,36.717277997,100.8008
          -4.489563082,36.717277849,100.7993
          -4.489563569,36.717277605,100.7989
          -4.489563974,36.717277456,100.7996
          -4.489564447,36.717277256,100.7994
          -4.489564835,36.717277176,100.8006
          -4.489565197,36.717277029,100.8028
          -4.48956559,36.717276889,100.805
          -4.489565998,36.717276746,100.8053
          -4.489566361,36.717276628,100.8076
          -4.48956677,36.717276459,100.8074
          -4.489567238,36.717276276,100.8071
          -4.489567606,36.717276095,100.8021
          -4.489568055,36.717275884,100.7983
          -4.489568437,36.717275805,100.7985
          -4.489568967,36.717275593,100.7979
          -4.489569387,36.717275485,100.7955
          -4.489569971,36.717275284,100.7949
          -4.489570516,36.717275085,100.7948
          -4.489570964,36.717274899,100.7933
          -4.489571571,36.71727461,100.7936
          -4.489572017,36.717274428,100.7939
          -4.489572596,36.717274105,100.7931
          -4.489573065,36.717273882,100.7948
          -4.489573496,36.717273664,100.7945
          -4.489573958,36.717273456,100.7936
          -4.489574443,36.717273205,100.792
          -4.489574889,36.717272966,100.7927
          -4.489575357,36.717272751,100.79
          -4.489575823,36.717272553,100.7896
          -4.489576273,36.71727233,100.791
          -4.489576727,36.717272151,100.7895
          -4.489577083,36.717272015,100.7906
          -4.489577504,36.717271779,100.7903
          -4.489577934,36.717271543,100.7891
          -4.489578431,36.717271352,100.7862
          -4.489578889,36.717271142,100.7803
          -4.489579344,36.717270983,100.7777
          -4.489579785,36.71727079,100.7724
          -4.489580196,36.7172706,100.7715
          -4.489580605,36.717270415,100.771
          -4.489581055,36.717270201,100.769
          -4.489581468,36.717270058,100.7678
          -4.489581882,36.717269784,100.7673
          -4.489582269,36.717269538,100.7628
          -4.48958268,36.71726926,100.7618
          -4.489583088,36.717269043,100.7621
          -4.48958352,36.717268835,100.7627
          -4.489583946,36.717268678,100.7602
          -4.489584271,36.71726849,100.7606
          -4.489584694,36.717268139,100.7634
          -4.489585146,36.717267852,100.7624
          -4.489585479,36.717267623,100.7608
          -4.489585996,36.717267384,100.7623
          -4.489586493,36.717267162,100.7641
          -4.489586836,36.71726697,100.7686
          -4.489587236,36.717266762,100.7655
          -4.489587831,36.717266513,100.7657
          -4.489588272,36.717266224,100.7684
          -4.489588789,36.717265992,100.7709
          -4.489589217,36.717265724,100.7704
          -4.489589631,36.717265537,100.7711
          -4.489590087,36.717265226,100.7714
          -4.489590502,36.717265041,100.7707
          -4.489590924,36.717264816,100.7706
          -4.489591338,36.717264478,100.7696
          -4.489591794,36.71726423,100.7668
          -4.489592151,36.717264035,100.7626
          -4.489592496,36.717263766,100.7583
          -4.489592844,36.717263482,100.7588
          -4.489593238,36.717263193,100.7577
          -4.489593622,36.717262945,100.7576
          -4.489593989,36.717262633,100.7557
          -4.489594248,36.7172624,100.7572
          -4.489594649,36.717262115,100.7525
          -4.48959495,36.717261848,100.7531
          -4.489595404,36.717261591,100.7477
          -4.489595761,36.71726131,100.7451
          -4.489596112,36.717261042,100.7448
          -4.489596492,36.717260735,100.744
          -4.489596823,36.717260461,100.7439
          -4.489597216,36.717260201,100.7432
          -4.489597574,36.717259909,100.742
          -4.489597928,36.71725964,100.7417
          -4.489598319,36.717259368,100.7418
          -4.489598628,36.717259071,100.739
          -4.489599065,36.717258775,100.7396
          -4.48959939,36.717258454,100.7436
          -4.489599735,36.717258154,100.7461
          -4.489600065,36.717257841,100.7446
          -4.48960043,36.717257517,100.7405
          -4.489600784,36.717257261,100.7415
          -4.489601159,36.717256911,100.7401
          -4.489601509,36.71725663,100.7423
          -4.489601845,36.717256181,100.7405
          -4.489602203,36.717255919,100.7392
          -4.489602558,36.717255637,100.7368
          -4.489602817,36.717255336,100.7347
          -4.489603145,36.717255076,100.7334
          -4.489603383,36.717254746,100.7333
          -4.489603714,36.717254406,100.7315
          -4.489604044,36.717254123,100.7317
          -4.489604377,36.717253755,100.7228
          -4.489604691,36.717253453,100.7205
          -4.489605024,36.71725312,100.7183
          -4.489605274,36.717252905,100.7186
          -4.489605576,36.717252575,100.7178
          -4.489605951,36.717252253,100.7134
          -4.489606249,36.717251916,100.7124
          -4.489606503,36.717251683,100.7149
          -4.489606877,36.717251354,100.717
          -4.489607244,36.717250983,100.7187
          -4.489607602,36.717250638,100.7183
          -4.489607925,36.717250405,100.7159
          -4.489608269,36.717250008,100.7171
          -4.489608524,36.717249674,100.7147
          -4.489608939,36.717249346,100.7185
          -4.489609277,36.717248969,100.7188
          -4.48960961,36.717248592,100.7168
          -4.489609916,36.717248322,100.7165
          -4.489610329,36.717247994,100.7197
          -4.48961067,36.717247637,100.7137
          -4.489610895,36.717247295,100.7113
          -4.489611331,36.717246985,100.7125
          -4.489611641,36.717246702,100.7121
          -4.489611969,36.717246355,100.7123
          -4.48961225,36.717245967,100.7074
          -4.489612488,36.717245681,100.7069
          -4.489612692,36.717245343,100.7064
          -4.489612969,36.717245016,100.7057
          -4.489613217,36.717244696,100.7082
          -4.489613509,36.717244356,100.7081
          -4.489613679,36.717244029,100.7102
          -4.489614099,36.7172437,100.7094
          -4.489614328,36.717243381,100.7076
          -4.489614748,36.717243039,100.7067
          -4.489614986,36.717242746,100.7046
          -4.48961524,36.717242406,100.7047
          -4.48961576,36.717242028,100.7036
          -4.489616104,36.717241688,100.7034
          -4.489616341,36.717241326,100.6984
          -4.489616751,36.717240955,100.6934
          -4.489617117,36.717240624,100.6935
          -4.489617447,36.717240313,100.6952
          -4.489617813,36.717239987,100.6972
          -4.489618095,36.71723967,100.6971
          -4.489618488,36.717239349,100.6983
          -4.489618747,36.717239038,100.6996
          -4.489619034,36.717238705,100.7
          -4.489619333,36.717238335,100.6959
          -4.489619652,36.717238009,100.6936
          -4.489619855,36.717237685,100.6939
          -4.48962012,36.717237386,100.6913
          -4.48962041,36.717237069,100.6898
          -4.489620676,36.717236817,100.6896
          -4.489621033,36.71723642,100.6914
          -4.489621296,36.717236114,100.6897
          -4.489621525,36.717235788,100.6884
          -4.48962177,36.71723546,100.6868
          -4.489622025,36.717235149,100.6862
          -4.489622327,36.717234841,100.6856
          -4.489622614,36.717234457,100.6815
          -4.489622836,36.717234165,100.6829
          -4.489623081,36.717233915,100.6837
          -4.489623388,36.717233526,100.6794
          -4.489623627,36.717233166,100.6771
          -4.489623948,36.717232835,100.6752
          -4.489624267,36.717232477,100.6717
          -4.489624458,36.717232169,100.671
          -4.489624821,36.717231807,100.6686
          -4.489625251,36.717231405,100.6656
          -4.489625567,36.717231001,100.6637
          -4.489625879,36.717230696,100.6652
          -4.489626279,36.717230324,100.6641
          -4.489626616,36.717229982,100.6646
          -4.489626906,36.717229605,100.6681
          -4.489627169,36.717229305,100.6735
          -4.489627456,36.71722895,100.6761
          -4.489627692,36.717228594,100.6753
          -4.489628052,36.717228229,100.6794
          -4.489628354,36.71722788,100.6811
          -4.489628561,36.717227564,100.6816
          -4.489628852,36.717227272,100.6823
          -4.489629155,36.717226911,100.6793
          -4.489629441,36.717226539,100.6751
          -4.489629745,36.717226246,100.6764
          -4.489629925,36.717225905,100.6736
          -4.489630113,36.717225582,100.6686
          -4.489629956,36.717225798,100.6734
          -4.489629929,36.717225721,100.6715
          -4.489629903,36.717225697,100.676
          -4.489629903,36.717225658,100.6741
          -4.489629997,36.717225648,100.6751
          -4.489630083,36.717225632,100.6756
          -4.489630104,36.717225624,100.6754
          -4.489630116,36.71722562,100.6754
          -4.489630117,36.717225609,100.6756
          -4.489630129,36.717225608,100.6756
          -4.489630127,36.717225602,100.6755
          -4.489630139,36.717225599,100.6755
          -4.489630144,36.717225602,100.6755
          -4.489630167,36.717225599,100.6758
          -4.489630164,36.717225604,100.6757
          -4.489630174,36.717225607,100.6756
          -4.489630172,36.717225609,100.6757
          -4.489630184,36.717225604,100.6757
          -4.489630202,36.7172256,100.6757
          -4.489630203,36.717225601,100.6758
          -4.489630206,36.717225596,100.676
          -4.489630213,36.717225595,100.6756
          -4.489630211,36.717225594,100.6756
          -4.489630219,36.717225596,100.6756
          -4.48963022,36.717225597,100.6757
          -4.489630228,36.7172256,100.6756
          -4.489630229,36.717225598,100.6756
          -4.489630235,36.717225592,100.6757
          -4.489630235,36.717225594,100.6756
          -4.489630233,36.717225601,100.6757
          -4.489630233,36.717225599,100.6757
          -4.489630233,36.717225593,100.6757
          -4.489630234,36.717225592,100.6756
          -4.489630238,36.717225595,100.6759
          -4.489630239,36.717225596,100.676
          -4.489630238,36.717225597,100.676
          -4.489630237,36.717225598,100.6759
          -4.489630235,36.717225603,100.676
          -4.489630235,36.717225603,100.676
          -4.489630236,36.717225599,100.6761
          -4.489630237,36.717225595,100.6761
          -4.48963024,36.717225592,100.6762
          -4.489630241,36.717225594,100.6762
          -4.489630241,36.717225594,100.6762
          -4.489630241,36.717225594,100.6761
          -4.48963024,36.717225595,100.6761
          -4.489630241,36.717225595,100.6762
          -4.48963024,36.717225596,100.6762
          -4.489630241,36.717225597,100.6762
          -4.489630242,36.717225597,100.6762
          -4.489630244,36.717225595,100.676
          -4.489630244,36.717225594,100.6761
          -4.489630244,36.717225598,100.6761
          -4.489630243,36.717225599,100.6761
          -4.489630244,36.717225601,100.6761
          -4.489630245,36.7172256,100.6761
          -4.489630248,36.717225599,100.6763
          -4.489630248,36.717225599,100.6763
          -4.489630248,36.717225599,100.6763
          -4.489630248,36.717225599,100.6762
          -4.489630248,36.717225597,100.6761
          -4.489630247,36.717225597,100.6762
          -4.489630247,36.717225599,100.6763
          -4.489630246,36.717225599,100.6763
          -4.489630245,36.717225596,100.6763
          -4.489630245,36.717225596,100.6763
          -4.489630246,36.717225599,100.6763
          -4.489630248,36.717225596,100.6764
          -4.489630251,36.717225591,100.6765
          -4.489630251,36.717225588,100.6766
          -4.489630249,36.717225592,100.6765
          -4.489630247,36.717225593,100.6765
          -4.489630248,36.717225595,100.6764
          -4.489630248,36.717225595,100.6764
          -4.48963025,36.717225593,100.6765
          -4.48963025,36.717225592,100.6765
          -4.489630253,36.717225592,100.6765
          -4.489630252,36.717225593,100.6765
          -4.489630252,36.717225594,100.6765
          -4.489630252,36.717225594,100.6765
          -4.489630251,36.717225595,100.6765
          -4.489630251,36.717225596,100.6765
          -4.489630252,36.717225596,100.6765
          -4.489630253,36.717225595,100.6766
          -4.489630253,36.717225594,100.6765
          -4.489630254,36.71722559,100.6766
          -4.489630254,36.71722559,100.6766
          -4.489630254,36.717225588,100.6766
          -4.489630254,36.717225587,100.6766
          -4.489630256,36.717225584,100.6767
          -4.489630257,36.717225584,100.6767
          -4.489630256,36.717225584,100.6767
          -4.489630255,36.717225584,100.6766
          -4.489630256,36.717225584,100.6767
          -4.489630256,36.717225583,100.6768
          -4.489630256,36.717225584,100.6768
          -4.489630256,36.717225583,100.6767
          -4.489630256,36.717225581,100.6768
          -4.489630257,36.717225579,100.6768
          -4.489630258,36.71722558,100.6766
          -4.489630258,36.71722558,100.6766
          -4.48963026,36.717225579,100.6768
          -4.489630261,36.717225579,100.6768
          -4.48963026,36.717225579,100.6768
          -4.48963026,36.717225579,100.6767
          -4.489630262,36.717225579,100.6768
          -4.489630262,36.717225577,100.6768
          -4.489630261,36.717225577,100.6767
          -4.489630262,36.717225577,100.6768
          -4.489630263,36.717225578,100.6768
          -4.489630261,36.717225578,100.6767
          -4.48963026,36.717225578,100.6766
          -4.489630257,36.717225578,100.6767
          -4.489630258,36.717225577,100.6768
          -4.489630259,36.717225578,100.6767
          -4.489630259,36.717225579,100.6767
          -4.489630259,36.71722558,100.6766
          -4.48963026,36.717225577,100.6768
          -4.489630262,36.717225575,100.6768
          -4.489630261,36.717225574,100.6768
          -4.48963026,36.717225576,100.6767
          -4.489630261,36.717225576,100.6769
          -4.489630263,36.717225575,100.677
          -4.489630264,36.717225576,100.6769
          -4.489630267,36.717225579,100.6768
          -4.489630269,36.717225577,100.6769
          -4.489630271,36.717225576,100.6769
          -4.489630269,36.717225578,100.6769
          -4.489630267,36.717225578,100.6769
          -4.489630268,36.717225575,100.6769
          -4.489630273,36.717225574,100.677
          -4.489630274,36.717225574,100.677
          -4.489630274,36.717225576,100.677
          -4.489630273,36.717225575,100.677
          -4.489630272,36.717225574,100.6769
          -4.489630271,36.717225576,100.677
          -4.489630272,36.717225576,100.677
          -4.489630272,36.717225575,100.677
          -4.489630271,36.717225574,100.677
          -4.489630268,36.717225575,100.677
          -4.489630267,36.717225575,100.677
          -4.489630267,36.717225575,100.6769
          -4.489630268,36.717225575,100.6769
          -4.48963027,36.717225573,100.6771
          -4.489630272,36.717225572,100.6771
          -4.489630272,36.717225572,100.6771
          -4.489630271,36.717225572,100.6771
          -4.48963027,36.717225574,100.6771
          -4.48963027,36.717225573,100.6772
          -4.489630271,36.717225572,100.6772
          -4.489630272,36.717225571,100.6773
          -4.489630272,36.71722557,100.6775
          -4.489630272,36.717225569,100.6775
          -4.489630271,36.71722557,100.6775
          -4.489630271,36.717225569,100.6775
          -4.489630272,36.717225568,100.6775
          -4.489630273,36.717225568,100.6775
          -4.489630275,36.717225566,100.6777
          -4.489630276,36.717225565,100.6778
          -4.489630276,36.717225565,100.6778
          -4.489630276,36.717225564,100.6778
          -4.489630277,36.717225563,100.6779
          -4.489630278,36.717225562,100.6779
          -4.489630278,36.71722556,100.678
          -4.489630279,36.71722556,100.6781
          -4.489630282,36.717225559,100.6781
          -4.489630282,36.717225558,100.6782
          -4.489630282,36.717225557,100.6782
          -4.48963028,36.717225557,100.6783
          -4.48963028,36.717225557,100.6783
          -4.48963028,36.717225556,100.6783
          -4.489630281,36.717225555,100.6784
          -4.489630281,36.717225555,100.6785
          -4.489630281,36.717225555,100.6785
          -4.48963028,36.717225555,100.6784
          -4.489630281,36.717225554,100.6784
          -4.489630278,36.717225556,100.6785
          -4.489630277,36.717225557,100.6784
          -4.489630273,36.717225559,100.6783
          -4.489630273,36.717225559,100.6784
          -4.489630274,36.717225557,100.6785
          -4.489630275,36.717225557,100.6784
          -4.489630273,36.717225561,100.6783
          -4.489630272,36.717225561,100.6783
          -4.489630273,36.71722556,100.6783
          -4.489630272,36.71722556,100.6783
          -4.489630272,36.717225559,100.6784
          -4.489630272,36.717225559,100.6784
          -4.489630274,36.717225559,100.6783
          -4.489630274,36.717225559,100.6783
          -4.489630274,36.717225559,100.6783
          -4.489630274,36.717225559,100.6783
          -4.489630274,36.717225558,100.6783
          -4.489630275,36.717225557,100.6783
          -4.489630276,36.717225556,100.6783
          -4.489630276,36.717225557,100.6783
          -4.489630274,36.717225558,100.6783
          -4.489630274,36.717225557,100.6783
          -4.489630275,36.717225557,100.6783
          -4.489630276,36.717225557,100.6783
          -4.489630277,36.717225556,100.6783
          -4.489630275,36.717225558,100.6782
          -4.489630275,36.717225558,100.6782
          -4.489630276,36.717225558,100.6782
          -4.489630275,36.717225558,100.6782
          -4.489630274,36.717225561,100.6782
          -4.489630274,36.717225561,100.6782
          -4.489630276,36.717225562,100.6782
          -4.489630277,36.717225561,100.6782
          -4.489630278,36.717225561,100.6782
          -4.489630278,36.71722556,100.6782
          -4.489630277,36.71722556,100.6782
          -4.489630277,36.717225561,100.6782
          -4.489630277,36.717225561,100.6782
          -4.489630278,36.717225561,100.6782
          -4.489630279,36.717225561,100.6782
          -4.489630279,36.717225561,100.6782
          -4.489630281,36.71722556,100.6782
          -4.489630281,36.71722556,100.6783
          -4.489630281,36.71722556,100.6782
          -4.489630281,36.71722556,100.6782
          -4.489630281,36.71722556,100.6782
          -4.489630281,36.71722556,100.6782
          -4.489630284,36.717225559,100.6783
          -4.489630284,36.717225559,100.6782
          -4.489630285,36.717225557,100.6783
          -4.489630286,36.717225556,100.6783
          -4.489630286,36.717225557,100.6783
          -4.489630283,36.71722556,100.6783
          -4.489630283,36.71722556,100.6783
          -4.489630283,36.717225559,100.6783
          -4.489630285,36.717225558,100.6782
          -4.489630284,36.71722556,100.6782
          -4.489630284,36.717225561,100.6782
          -4.489630282,36.717225561,100.6782
          -4.489630282,36.717225561,100.6782
          -4.48963028,36.717225563,100.6782
          -4.489630281,36.717225563,100.6782
          -4.489630281,36.717225566,100.6782
          -4.489630282,36.717225565,100.6782
          -4.489630282,36.717225565,100.6782
          -4.489630282,36.717225565,100.6782
          -4.489630282,36.717225564,100.6782
          -4.489630282,36.717225564,100.6782
          -4.489630284,36.717225563,100.6782
          -4.489630284,36.717225562,100.6782
          -4.489630285,36.717225563,100.6782
          -4.489630285,36.717225564,100.6782
          -4.489630284,36.717225563,100.6782
          -4.489630283,36.717225563,100.6782
        </coordinates>
      </LineString>
    </Placemark>
  </Document>
</kml>