<?xml version="1.0" encoding="UTF-8"?>
<kml xmlns="http://www.opengis.net/kml/2.2">
  <Document>
    <name>Trayectoria Cuadriga</name>
    <Placemark>
      <name>Trayectoria Cuadriga</name>
      <Style>
        <LineStyle>
          <color>ff0000ff</color>
          <width>3</width>
        </LineStyle>
      </Style>
      <LineString>
        <tessellate>1</tessellate>
        <coordinates>
          -4.48945212080516,36.71730787690441,50.82708704471588
          -4.48945212080516,36.71730787690441,50.82708716392517
          -4.48945212080516,36.71730787690441,50.82708704471588
          -4.48945212080516,36.71730787690441,50.82708704471588
          -4.48945212080516,36.71730787690441,50.82708704471588
          -4.48945212080516,36.71730787690441,50.82708704471588
          -4.48945212080516,36.71730787690441,50.82708716392517
          -4.48945212080516,36.71730787690441,50.82708704471588
          -4.48945212080516,36.71730787690441,50.82708704471588
          -4.48945212080516,36.71730787690441,50.82708704471588
          -4.48945212080516,36.71730787690441,50.82708692550659
          -4.48945212080516,36.71730787690441,50.82708704471588
          -4.48945212080516,36.71730787690441,50.82708704471588
          -4.48945212080516,36.71730787690441,50.82708716392517
          -4.48945212080516,36.71730787690441,50.82708716392517
          -4.48945212080516,36.71730787690441,50.82708704471588
          -4.48945212080516,36.71730787690441,50.82708704471588
          -4.48945212080516,36.71730787690441,50.82708698511124
          -4.48945212080516,36.71730787690441,50.82708704471588
          -4.48945212080516,36.71730787690441,50.82708716392517
          -4.48945212080516,36.71730787690441,50.82708704471588
          -4.48945212080516,36.71730787690441,50.82708692550659
          -4.48945212080516,36.71730787690441,50.82708698511124
          -4.48945212080516,36.71730787690441,50.827087104320526
          -4.48945212080516,36.71730787690441,50.82708698511124
          -4.48945212080516,36.71730787690441,50.82708704471588
          -4.48945212080516,36.71730787690441,50.82708704471588
          -4.48945212080516,36.71730787690441,50.82708692550659
          -4.48945212080516,36.71730787690441,50.82708692550659
          -4.48945212080516,36.71730787690441,50.82708704471588
          -4.48945212080516,36.71730787690441,50.82708704471588
          -4.48945212080516,36.71730787690441,50.82708698511124
          -4.4894521207998155,36.71730787690441,50.827087104320526
          -4.48945212080516,36.71730787690441,50.82708704471588
          -4.48945212080516,36.71730787690441,50.82708716392517
          -4.48945212080516,36.71730787690441,50.82708704471588
          -4.48945212080516,36.71730787690441,50.82708704471588
          -4.4894521207998155,36.71730787690441,50.827087104320526
          -4.48945212080516,36.71730787690441,50.82708704471588
          -4.48945212080516,36.71730787690441,50.82708698511124
          -4.48945212080516,36.71730787690441,50.82708698511124
          -4.48945212080516,36.71730787690441,50.82708698511124
          -4.48945212080516,36.71730787690441,50.82708704471588
          -4.48945212080516,36.71730787690441,50.82708704471588
          -4.489452134650713,36.71730739850587,50.82682591676712
          -4.489452141592192,36.71730671148371,50.824907541275024
          -4.489452147913801,36.71730602134315,50.82306706905365
          -4.489452164874737,36.71730533336147,50.821221113204956
          -4.489452185063274,36.71730464656205,50.81947249174118
          -4.489452213491813,36.71730389182629,50.817277908325195
          -4.4894522366621405,36.717303199081364,50.81529098749161
          -4.489452270391639,36.71730251764488,50.813472032547
          -4.489452300808037,36.71730183281586,50.8115109205246
          -4.4894523326832685,36.7173011486208,50.80960810184479
          -4.489452370185427,36.7173004598167,50.80768686532974
          -4.48945240429433,36.71729976878517,50.80567491054535
          -4.489452445820302,36.71729908417889,50.803794741630554
          -4.489452495137403,36.7172984041474,50.80216163396835
          -4.489452542343739,36.71729771760498,50.80044746398926
          -4.489452586151475,36.71729696280069,50.7986615896225
          -4.489452630718018,36.71729627300281,50.796815514564514
          -4.48945268457193,36.71729558896195,50.79498052597046
          -4.489452737469317,36.71729490367032,50.79314410686493
          -4.48945279535773,36.71729422175408,50.791324734687805
          -4.489452855939372,36.71729353937523,50.789494037628174
          -4.489452919967708,36.71729285300415,50.7876638174057
          -4.489452978663021,36.71729216101312,50.78576749563217
          -4.489453047292291,36.71729147429936,50.78380745649338
          -4.489453116210122,36.71729078816816,50.781931042671204
          -4.489453196077214,36.71729003009127,50.7798935174942
          -4.489453259223837,36.717289347027055,50.77811425924301
          -4.489453325026285,36.717288657708934,50.776231467723846
          -4.489453401895556,36.717287976101105,50.77452290058136
          -4.489453478711391,36.71728729298549,50.77274775505066
          -4.489453561378587,36.717286611120656,50.7710445523262
          -4.489453643383165,36.717285929564234,50.76925176382065
          -4.489453724441904,36.71728524374144,50.7674645781517
          -4.489453813270399,36.71728447944491,50.76531374454498
          -4.4894539012759624,36.71728379650064,50.763392329216
          -4.489453994635923,36.71728310698547,50.76152187585831
          -4.4894540822834585,36.71728242279041,50.759735345840454
          -4.489454173500591,36.717281733994874,50.75769531726837
          -4.489454257113625,36.71728105035667,50.75594425201416
          -4.489454344606192,36.71728036574182,50.75412094593048
          -4.489454440648696,36.717279683380106,50.75242364406586
          -4.48945454228072,36.717279007160926,50.75077152252197
          -4.489454647717466,36.71727826232006,50.74894368648529
          -4.489454746004328,36.71727757378152,50.74712145328522
          -4.489454846850827,36.71727688483178,50.74526226520538
          -4.489454956765602,36.717276199531575,50.74337577819824
          -4.489455067845306,36.71727551572204,50.74147313833237
          -4.489455178566981,36.717274829582266,50.739561438560486
          -4.489455290490992,36.717274147211974,50.73763358592987
          -4.489455403024185,36.71727346108934,50.73559081554413
          -4.4894555104327605,36.71727277914741,50.73369383811951
          -4.489455631922012,36.71727203448644,50.73210644721985
          -4.489455749424855,36.71727134846661,50.73030209541321
          -4.489455867413977,36.71727066667888,50.728580057621
          -4.489455989095601,36.717269979356864,50.726696729660034
          -4.489456110197434,36.71726929299435,50.724788308143616
          -4.489456231443547,36.71726860824244,50.72286754846573
          -4.4894563663348235,36.71726792570081,50.72092342376709
          -4.489456499884829,36.71726724609767,50.719006061553955
          -4.489456646532268,36.71726649902081,50.71679091453552
          -4.489456770840327,36.71726581266687,50.71497023105621
          -4.489456894199877,36.717265126647035,50.71318769454956
          -4.489457028631595,36.717264446487036,50.71146821975708
          -4.489457164877502,36.71726375947343,50.70973348617554
          -4.489457302464681,36.71726307640922,50.70790332555771
          -4.4894574407652446,36.71726239110045,50.706069111824036
          -4.489457577190166,36.717261709107106,50.704126715660095
          -4.489457713195606,36.71726102519476,50.70217001438141
          -4.489457850098789,36.71726033970609,50.70014202594757
          -4.489457995987422,36.717259657601375,50.69815671443939
          -4.489458161150817,36.717258911998044,50.696367383003235
          -4.489458303990863,36.71725822866825,50.694620192050934
          -4.489458444527769,36.71725754394204,50.6928151845932
          -4.489458584303197,36.7172568618973,50.69100433588028
          -4.489458729339508,36.71725617689694,50.689194083213806
          -4.489458881544405,36.71725549683117,50.687324941158295
          -4.489459035534102,36.7172548173651,50.68544942140579
          -4.48945918949708,36.71725413428375,50.68351525068283
          -4.489459343206232,36.71725345304431,50.68152689933777
          -4.489459499496397,36.71725269804298,50.67934077978134
          -4.489459654469337,36.71725201909949,50.67762291431427
          -4.489459809121653,36.717251339821885,50.67590034008026
          -4.489459966021001,36.71725066135815,50.67418318986893
          -4.489460122989816,36.71724998183211,50.67235851287842
          -4.489460279996037,36.71724930347975,50.670520305633545
          -4.489460451999382,36.71724855004617,50.66808223724365
          -4.489460621843867,36.717247870451594,50.666106939315796
          -4.489460783159791,36.717247190745645,50.664323568344116
          -4.489460946631901,36.71724650871804,50.66266214847565
          -4.489461107923778,36.717245827898374,50.66090285778046
          -4.489461267516355,36.71724514881782,50.659142911434174
          -4.489461425260009,36.71724446853788,50.657325983047485
          -4.489461582752508,36.717243791067915,50.65551692247391
          -4.489461752709211,36.71724311420621,50.65369921922684
          -4.489461948150068,36.71724237214105,50.65151035785675
          -4.489462116915123,36.71724169503091,50.64951378107071
          -4.489462287139012,36.71724101067307,50.647543489933014
          -4.489462450530967,36.7172403296221,50.64576017856598
          -4.489462612012546,36.717239650884224,50.64394426345825
          -4.489462783374645,36.71723897538467,50.64225745201111
          -4.489462956232982,36.71723829671533,50.64053624868393
          -4.489463151705902,36.71723755545547,50.63865566253662
          -4.489463325785278,36.71723687428456,50.63660526275635
          -4.489463497812668,36.71723618974682,50.63445740938187
          -4.489463676541072,36.71723550332434,50.632296085357666
          -4.4894638559748445,36.71723482627416,50.6305513381958
          -4.489464037147996,36.71723414660248,50.628830790519714
          -4.489464215296606,36.71723346797597,50.627097606658936
          -4.489464404092559,36.71723272045363,50.62510305643082
          -4.489464579972766,36.717232041621514,50.623114466667175
          -4.489464760371078,36.717231366370406,50.62102961540222
          -4.489464947684152,36.71723068635605,50.61895132064819
          -4.4894651308157725,36.71723001035104,50.61716145277023
          -4.489465327336059,36.71722932423697,50.61493515968323
          -4.489465507523295,36.717228647443804,50.61306983232498
          -4.489465687870843,36.71722797062493,50.61114680767059
          -4.489465864667495,36.717227294585655,50.60927176475525
          -4.489466064089416,36.71722655940837,50.60726481676102
          -4.489466253061712,36.71722588392595,50.60528343915939
          -4.489466442696628,36.71722520834073,50.603288412094116
          -4.489466632938055,36.717224529611414,50.6011598110199
          -4.489466824360441,36.71722384888599,50.599040269851685
          -4.489467008814631,36.71722317112475,50.59702479839325
          -4.489467189854189,36.71722249488844,50.595094203948975
          -4.489467378684877,36.717221820733904,50.593275010585785
          -4.489467592272973,36.71722108402312,50.59143900871277
          -4.489467785477488,36.717220407649734,50.5895231962204
          -4.489467977704103,36.71721972710422,50.58742690086365
          -4.489468169545971,36.717219043020535,50.58520698547363
          -4.489468365457075,36.71721836275773,50.58296298980713
          -4.489468565290461,36.71721768377997,50.58111423254013
          -4.489468776340296,36.71721694141497,50.57934129238129
          -4.489468971845278,36.71721626335388,50.5774199962616
          -4.489469166447172,36.717215588522556,50.575484335422516
          -4.489469360071167,36.717214911078294,50.57347393035889
          -4.489469557724321,36.717214234876245,50.57134449481964
          -4.489469759107384,36.71721355808308,50.56936955451965
          -4.489469960543883,36.717212882789134,50.567519307136536
          -4.489470166204586,36.71721220367431,50.5653270483017
          -4.489470362388219,36.71721152915996,50.563459515571594
          -4.489470570175718,36.717210789630634,50.56149613857269
          -4.489470773447783,36.71721012019652,50.55960386991501
          -4.489470975373232,36.71720945002564,50.55760222673416
          -4.489471182757281,36.71720877351518,50.55565857887268
          -4.489471389850099,36.71720809760442,50.55364954471588
          -4.489471596980321,36.71720742106826,50.55153512954712
          -4.489471805743048,36.71720674137944,50.54932236671448
          -4.489472005498951,36.717206070557474,50.54741483926773
          -4.489472213072702,36.71720539763659,50.54560989141464
          -4.489472424451175,36.71720472977023,50.54384142160416
          -4.4894726536616085,36.71720399646912,50.54194492101669
          -4.489472862146462,36.71720332213468,50.53997540473938
          -4.489473071865713,36.71720264475039,50.537909269332886
          -4.489473281192201,36.71720196516437,50.53573888540268
          -4.489473497043359,36.71720129268041,50.53362661600113
          -4.4894737173725465,36.717200620984606,50.53174263238907
          -4.489473930610631,36.717199948903286,50.529928386211395
          -4.4894741410352506,36.71719927790141,50.52808290719986
          -4.489474348830766,36.71719860700234,50.526219964027405
          -4.489474561072248,36.717197933670235,50.5243536233902
          -4.489474771916349,36.71719725613174,50.522393107414246
          -4.489474985223901,36.71719658310805,50.520425736904144
          -4.489475232626996,36.71719584393854,50.51815104484558
          -4.489475453677585,36.71719517026376,50.51603001356125
          -4.48947566516026,36.71719449975877,50.51413023471832
          -4.489475876381093,36.717193827180566,50.512240290641785
          -4.489476089338632,36.71719315314597,50.51041305065155
          -4.489476309066652,36.71719248547666,50.50862538814545
          -4.489476526969795,36.71719181432914,50.50670921802521
          -4.489476749233406,36.71719114203365,50.504759192466736
          -4.4894769727875214,36.71719047054345,50.5028201341629
          -4.489477196440497,36.71718979548082,50.50074487924576
          -4.489477419871708,36.71718912216585,50.49862504005432
          -4.489477638616485,36.7171884508727,50.49657899141312
          -4.489477881955689,36.717187721615204,50.49490803480148
          -4.489478105670116,36.71718705489683,50.49301913380623
          -4.489478327351263,36.71718638739029,50.49111187458038
          -4.4894785532138615,36.71718571490632,50.489202708005905
          -4.48947877695768,36.71718503977515,50.48726087808609
          -4.489479001869099,36.71718436418993,50.485194593667984
          -4.489479231907807,36.717183693196624,50.483007580041885
          -4.489479467739098,36.71718302320565,50.480763614177704
          -4.489479704799442,36.7171823511072,50.47870460152626
          -4.4894799367031055,36.7171816794628,50.47653114795685
          -4.489480162314551,36.7171810103628,50.474367171525955
          -4.489480389924543,36.71718033665375,50.47224798798561
          -4.489480638813189,36.71717959173578,50.469837695360184
          -4.489480875432677,36.7171789216934,50.467558830976486
          -4.489481114280492,36.71717824930368,50.46520772576332
          -4.489481354074144,36.717177574652254,50.462750285863876
          -4.489481588240869,36.71717690132872,50.460406482219696
          -4.4894818178333775,36.7171762282622,50.45831519365311
          -4.489482054362023,36.71717555872528,50.456234127283096
          -4.489482290746388,36.71717489307778,50.454202085733414
          -4.489482529823982,36.71717422665925,50.45199081301689
          -4.489482766713327,36.71717356236534,50.44979304075241
          -4.489483009860157,36.71717289117499,50.447509437799454
          -4.489483252010385,36.71717221923074,50.44515597820282
          -4.489483526799995,36.717171486015296,50.442435055971146
          -4.489483773145035,36.7171708245742,50.44037425518036
          -4.489484017598402,36.71717016383559,50.43829521536827
          -4.4894842571008216,36.71716950059542,50.436187237501144
          -4.489484501818702,36.717168827083405,50.43408331274986
          -4.489484745296842,36.71716815803481,50.431909680366516
          -4.489484998692909,36.71716749255008,50.42975044250488
          -4.4894852504725025,36.71716682990103,50.42756223678589
          -4.489485535380427,36.7171661012261,50.42471903562546
          -4.489485783058724,36.717165437608976,50.42251497507095
          -4.4894860298098855,36.717164771575966,50.42041325569153
          -4.489486278714564,36.717164101842,50.41835951805115
          -4.489486535976804,36.71716344055511,50.41631895303726
          -4.48948679265658,36.71716277793176,50.41426804661751
          -4.489487049250856,36.71716211888942,50.41210788488388
          -4.489487308468894,36.71716145117727,50.40990060567856
          -4.489487593561178,36.717160714363686,50.40691947937012
          -4.489487861323809,36.7171600541905,50.40476655960083
          -4.489488124490849,36.7171593944114,50.4027194082737
          -4.489488383794387,36.717158731942256,50.40064036846161
          -4.489488642969675,36.717158069747256,50.398602932691574
          -4.4894889001891665,36.71715740828902,50.396444439888
          -4.489489161656906,36.71715674311271,50.394296050071716
          -4.489489427746956,36.71715607951272,50.39211043715477
          -4.489489700810547,36.71715541930527,50.389980494976044
          -4.4894899718194825,36.71715476514612,50.387821823358536
          -4.489490245115525,36.717154109462044,50.385593235492706
          -4.489490523244954,36.717153452561455,50.383269250392914
          -4.489490851295324,36.717152743659156,50.38062280416489
          -4.489491140374015,36.71715209392058,50.3783942759037
          -4.489491425284611,36.717151442348666,50.37615352869034
          -4.489491719963511,36.71715079077675,50.37405014038086
          -4.489492015438623,36.71715015330612,50.372071117162704
          -4.489492307592619,36.71714950790245,50.37008911371231
          -4.489492607008717,36.717148862635845,50.36802497506142
          -4.489492923984248,36.717148144789604,50.366063594818115
          -4.489493225647376,36.717147362022615,50.36410415172577
          -4.489493318563809,36.717146212793544,50.3610922396183
          -4.489493047955652,36.71714529089844,50.35733702778816
          -4.489492229448873,36.717144259311446,50.35468399524689
          -4.489490978010724,36.71714343722192,50.35270729660988
          -4.489489599467084,36.71714300570203,50.350984781980515
          -4.489488463124436,36.71714294931402,50.350661903619766
          -4.489487210497312,36.717143084210036,50.352158188819885
          -4.4894862804673,36.717143249570306,50.35164850950241
          -4.48948544629009,36.717143406500654,50.35181474685669
          -4.489484643365571,36.7171435677659,50.35281616449356
          -4.489483851529249,36.71714373100156,50.353982627391815
          -4.489483082657521,36.7171438765892,50.35483279824257
          -4.489482323364395,36.717144017756254,50.3555708527565
          -4.489481558300061,36.71714413735161,50.356123983860016
          -4.489480808337052,36.71714425130987,50.35634547472
          -4.489480060247014,36.71714438348158,50.35742163658142
          -4.489479229115719,36.71714449833081,50.358220756053925
          -4.489478503728433,36.71714460582955,50.35897070169449
          -4.489477729841634,36.71714471120368,50.35951045155525
          -4.48947697546472,36.71714479851857,50.3596770465374
          -4.489476235555903,36.71714489458893,50.36047652363777
          -4.489475476783788,36.717144990299474,50.36135822534561
          -4.4894747373933095,36.717145074444566,50.36171409487724
          -4.489473977803607,36.71714515055382,50.36183971166611
          -4.489473260851368,36.71714523459611,50.362955927848816
          -4.489472537492021,36.71714530410876,50.36309880018234
          -4.489471738337488,36.71714536519149,50.36332154273987
          -4.489470956958806,36.717145467532895,50.36524713039398
          -4.4894701019892205,36.717145556921,50.36593693494797
          -4.489469241983188,36.71714564564087,50.36621758341789
          -4.489468375492562,36.717145741796905,50.366916716098785
          -4.489467509271794,36.71714584914144,50.36792829632759
          -4.489466639184852,36.71714595987851,50.368480920791626
          -4.48946577340494,36.717146075036155,50.368810057640076
          -4.489464922993539,36.717146198675124,50.36963605880737
          -4.489464084725719,36.71714632623779,50.370534747838974
          -4.489463247761765,36.71714645551385,50.37134259939194
          -4.4894623188379015,36.717146592842894,50.37157094478607
          -4.489461486496256,36.71714672705355,50.372363209724426
          -4.489460651036556,36.717146866986965,50.3734250664711
          -4.489459812963782,36.7171470116151,50.374438524246216
          -4.489458973114223,36.71714715578061,50.375126361846924
          -4.4894581273411625,36.71714730087135,50.37556913495064
          -4.489457279179463,36.71714745778457,50.376535564661026
          -4.4894564389424865,36.71714761916975,50.37766167521477
          -4.489455601078117,36.71714778338205,50.378561437129974
          -4.489454670476328,36.71714796256947,50.37906566262245
          -4.489453831513826,36.717148144549725,50.38036289811134
          -4.4894529907024,36.71714832329166,50.381315648555756
          -4.489452129168066,36.717148510429254,50.38200828433037
          -4.489451288442139,36.717148713809884,50.383493810892105
          -4.489450451456809,36.71714891571699,50.384130239486694
          -4.489449618725073,36.71714912783597,50.38554722070694
          -4.48944875321502,36.71714936061855,50.386735290288925
          -4.489447855610641,36.7171496146987,50.38782984018326
          -4.48944689028008,36.71714990177894,50.38894531130791
          -4.4894459785041825,36.717150214611586,50.39111936092377
          -4.489445092527718,36.71715054053462,50.39225661754608
          -4.489444315466755,36.71715084755884,50.393813371658325
          -4.4894435468648854,36.71715115629647,50.395043551921844
          -4.489442782350953,36.71715146787833,50.396115213632584
          -4.489442031800137,36.71715178370943,50.397703528404236
          -4.489441277294975,36.7171521072337,50.39955520629883
          -4.489440504332637,36.71715243594957,50.40093097090721
          -4.489439750110691,36.717152766276044,50.4022758603096
          -4.489438968235045,36.717153123742776,50.40413987636566
          -4.489438188972473,36.71715349150704,50.40576356649399
          -4.489437314757515,36.717153923558094,50.40709191560745
          -4.489436472220071,36.71715439542857,50.409351885318756
          -4.4894357087909125,36.717154873518695,50.41165402531624
          -4.489434904701463,36.71715541752333,50.41369140148163
          -4.489434244309725,36.71715589127855,50.41556107997894
          -4.4894336006651745,36.717156350384194,50.416983246803284
          -4.48943298301243,36.7171568178855,50.41905903816223
          -4.489432364611567,36.71715728761423,50.42122268676758
          -4.48943175192313,36.71715776157506,50.42306789755821
          -4.48943114620289,36.71715823310286,50.42464116215706
          -4.4894305367313665,36.71715871172413,50.42654091119766
          -4.489429927698027,36.71715919245289,50.428237438201904
          -4.4894292810289365,36.717159717747194,50.43069705367088
          -4.489428691783356,36.71716020048063,50.43269005417824
          -4.489428103879047,36.71716068314553,50.43458592891693
          -4.489427519384025,36.71716116910016,50.436308443546295
          -4.489426926413878,36.71716166187412,50.437763690948486
          -4.489426347877092,36.71716214342531,50.43918693065643
          -4.4894257633179455,36.71716263392045,50.440603941679
          -4.489425185753715,36.71716313637513,50.442214876413345
          -4.489424564093189,36.71716367623334,50.44458770751953
          -4.489423990344368,36.71716417520981,50.446387588977814
          -4.4894234118396446,36.717164682650484,50.447874933481216
          -4.489422839485532,36.71716518806934,50.4490821659565
          -4.4894222744897085,36.71716570292904,50.45083075761795
          -4.489421720560709,36.717166214773144,50.45278584957123
          -4.489421161197155,36.717166728724735,50.454563707113266
          -4.489420593449322,36.71716724929006,50.45610284805298
          -4.489419989994815,36.71716782091471,50.45788472890854
          -4.489419437358993,36.71716834281648,50.45986205339432
          -4.489418889858476,36.71716887911938,50.46135559678078
          -4.489418335314951,36.717169419585844,50.46291783452034
          -4.489417807297602,36.717169957970526,50.46499252319336
          -4.489417275577061,36.717170504365356,50.46687859296799
          -4.489416736161578,36.71717105602889,50.46810680627823
          -4.489416219953829,36.717171614922975,50.47042039036751
          -4.489415634005317,36.71717225719969,50.472098141908646
          -4.489415110439278,36.71717287809317,50.4744578897953
          -4.4894145455770476,36.71717358616447,50.47670936584473
          -4.489414030379259,36.71717432089628,50.479132026433945
          -4.489413575089807,36.71717507261645,50.481208473443985
          -4.489413193655772,36.71717583858354,50.48336833715439
          -4.489412874123277,36.71717658598594,50.48564273118973
          -4.489412589244742,36.71717733829723,50.48824065923691
          -4.489412341157652,36.71717807818637,50.49012064933777
          -4.489412151781906,36.717178775900166,50.492383509874344
          -4.489411966285694,36.71717945351577,50.49412450194359
          -4.489411785994255,36.71718018906144,50.496416091918945
          -4.489411622663752,36.7171808614169,50.49853414297104
          -4.489411469171021,36.71718153148497,50.500335574150085
          -4.489411318959327,36.71718219529913,50.502156496047974
          -4.489411178804495,36.717182859190395,50.504353761672974
          -4.489411040006966,36.71718352984959,50.506535053253174
          -4.489410910694524,36.71718419228446,50.50867360830307
          -4.489410779843092,36.71718486186422,50.510921239852905
          -4.489410660806603,36.71718552508726,50.513150095939636
          -4.4894105267542885,36.717186240586145,50.515180468559265
          -4.489410419922835,36.717186883591054,50.51724237203598
          -4.489410308827099,36.7171875426848,50.51927709579468
          -4.489410202326955,36.717188204537116,50.52101182937622
          -4.489410102869821,36.71718886836841,50.523449182510376
          -4.489410005208173,36.717189542223096,50.52572786808014
          -4.4894099109665,36.71719022989636,50.52753257751465
          -4.489409816329392,36.71719099345613,50.52907794713974
          -4.489409738845594,36.7171916762976,50.53105676174164
          -4.489409663039721,36.71719236457056,50.53270900249481
          -4.489409592011125,36.717193053109085,50.53403705358505
          -4.489409528121726,36.71719374656507,50.53583908081055
          -4.48940947714273,36.71719443466669,50.53778326511383
          -4.489409426965292,36.71719511654008,50.539366245269775
          -4.489409374222872,36.71719581138393,50.540470004081726
          -4.489409341326992,36.717196503100816,50.54226589202881
          -4.489409313347325,36.717197182721094,50.54427480697632
          -4.489409283529422,36.71719796929183,50.545724868774414
          -4.489409276796347,36.717198670963576,50.54765671491623
          -4.4894092733336235,36.71719936624434,50.54916608333588
          -4.489409271377825,36.71720006534598,50.55043238401413
          -4.489409292966415,36.71720075762829,50.55250036716461
          -4.489409305737881,36.717201486817245,50.55396121740341
          -4.489409342780481,36.71720222378504,50.55601620674133
          -4.489409382655246,36.71720297108463,50.55737680196762
          -4.48940945398309,36.71720376305258,50.55957716703415
          -4.489409542613868,36.71720449770728,50.561753153800964
          -4.489409657599824,36.71720530823135,50.563713908195496
          -4.48940980962838,36.717206093208624,50.56514585018158
          -4.489410004374554,36.717206825618774,50.567689061164856
          -4.489410196534373,36.71720754538403,50.56867051124573
          -4.489410421696946,36.7172082554857,50.57120382785797
          -4.489410736890349,36.717209126869754,50.57334524393082
          -4.489411169955312,36.71720997152477,50.57526409626007
          -4.489411696246642,36.71721075569674,50.577405512332916
          -4.489412180413505,36.71721141372817,50.578395903110504
          -4.489412639892427,36.71721199973682,50.580141842365265
          -4.489413093952827,36.71721257927738,50.581464648246765
          -4.489413553330218,36.717213157095976,50.582820773124695
          -4.489414013284731,36.717213730545396,50.58403992652893
          -4.489414473650708,36.71721430135619,50.58527982234955
          -4.489414934342653,36.71721487253535,50.58647584915161
          -4.489415395681186,36.717215439148305,50.58773612976074
          -4.489415906203227,36.717216050275404,50.5896937251091
          -4.48941637831468,36.717216615697545,50.59115993976593
          -4.489416849950543,36.717217181273895,50.59243059158325
          -4.489417327298832,36.71721774785258,50.593690514564514
          -4.489417805208211,36.71721831467971,50.594884753227234
          -4.489418283374087,36.71721887656368,50.59603053331375
          -4.4894187662477725,36.71721943430122,50.59735941886902
          -4.489419251200161,36.71721998838922,50.59879773855209
          -4.489419735757115,36.717220543188276,50.60020309686661
          -4.489420222563771,36.71722109728484,50.601571440696716
          -4.48942070813603,36.71722164902548,50.6028608083725
          -4.489421248150008,36.717222255869075,50.604186058044434
          -4.489421754252802,36.71722281087374,50.60561764240265
          -4.489422272731628,36.717223367805985,50.607258677482605
          -4.489422789666122,36.717223928207865,50.60853683948517
          -4.489423323176805,36.71722449124838,50.60942339897156
          -4.489423864083183,36.717225038885424,50.61085867881775
          -4.489424391234851,36.717225573140816,50.61225605010986
          -4.489424924916533,36.71722611111428,50.61366093158722
          -4.489425512591063,36.71722670404507,50.614353120326996
          -4.489426059028181,36.717227229801985,50.615869998931885
          -4.489426613577051,36.71722776168431,50.61740058660507
          -4.489427166330435,36.71722828818657,50.61853349208832
          -4.489427723487036,36.71722881785004,50.61931610107422
          -4.489428287211056,36.717229342450416,50.62056088447571
          -4.489428858165117,36.71722985819251,50.621936202049255
          -4.489429425886232,36.717230369462634,50.623165011405945
          -4.4894300634229225,36.71723093458493,50.624255299568176
          -4.489430655302952,36.71723144423589,50.625813603401184
          -4.489431264598133,36.71723196577785,50.62672108411789
          -4.489431864905194,36.7172324762855,50.62766879796982
          -4.489432468338325,36.71723297111555,50.62900751829147
          -4.4894330808237015,36.71723346193623,50.63014578819275
          -4.489433688724175,36.7172339505295,50.63078820705414
          -4.489434319570539,36.717234440964674,50.63251477479935
          -4.48943506309972,36.71723500382528,50.63367831707001
          -4.489435865596745,36.717235547264494,50.63450241088867
          -4.489436657176569,36.7172360318227,50.635700941085815
          -4.489437441558414,36.717236460147106,50.63714683055878
          -4.489438160527904,36.71723683287167,50.638129472732544
          -4.489438961395096,36.717237246820645,50.63860780000687
          -4.489439678184352,36.717237613154225,50.63932740688324
          -4.4894403920773165,36.717237970115505,50.64075028896332
          -4.489441088704754,36.71723831371226,50.64195990562439
          -4.489441812387396,36.71723867015095,50.64297020435333
          -4.489442554960053,36.717239021500845,50.64406764507294
          -4.489443300525188,36.71723937428999,50.644546926021576
          -4.489444044353617,36.71723971715855,50.6453503370285
          -4.489444788785886,36.717240049789545,50.64648926258087
          -4.48944553750381,36.7172403815467,50.64758348464966
          -4.4894463724745615,36.717240758494796,50.648094058036804
          -4.489447127978997,36.717241082764396,50.64907133579254
          -4.489447878978686,36.71724140120843,50.65018022060394
          -4.489448635936611,36.71724172231681,50.6511372923851
          -4.489449399023773,36.71724203808794,50.652066230773926
          -4.489450175069431,36.71724235433882,50.65279841423035
          -4.48945096233688,36.71724267172055,50.65359789133072
          -4.489451735112188,36.7172429760376,50.654640913009644
          -4.489452508347054,36.71724327595121,50.65532827377319
          -4.489453291729626,36.71724357211247,50.6557394862175
          -4.489454074166362,36.71724386396454,50.656495571136475
          -4.489454852696846,36.71724414859462,50.65744650363922
          -4.489455627492076,36.71724442871845,50.65826350450516
          -4.489456480818471,36.71724474336731,50.6587650179863
          -4.489457273691473,36.71724502642106,50.659504532814026
          -4.489458063622762,36.71724530336654,50.66009533405304
          -4.489458851697112,36.71724557374969,50.66090536117554
          -4.4894596378984915,36.717245842428014,50.66170787811279
          -4.489460443673881,36.717246111817396,50.66253447532654
          -4.489461255693397,36.71724638144666,50.66283130645752
          -4.489462071966505,36.71724663773709,50.66381907463074
          -4.489462957753268,36.71724691936015,50.664435148239136
          -4.489463777587959,36.7172471707931,50.66483008861542
          -4.489464582556449,36.71724740911853,50.66567498445511
          -4.489465395463021,36.71724764351171,50.66642475128174
          -4.489466214116752,36.71724787524055,50.66674053668976
          -4.489467045488514,36.71724811005351,50.666884779930115
          -4.489467861275345,36.71724832701284,50.66773223876953
          -4.489468674246041,36.71724854526579,50.66848540306091
          -4.489469495785376,36.71724875771031,50.66908395290375
          -4.4894703985117,36.717248996164244,50.669121742248535
          -4.489471223508415,36.717249192408566,50.67034476995468
          -4.489472186941959,36.71724942484847,50.67067801952362
          -4.4894732114674705,36.71724962810059,50.67067486047745
          -4.489474287773533,36.71724977041563,50.671351850032806
          -4.489475349114535,36.71724987124068,50.67129009962082
          -4.489476386521059,36.71724989272672,50.671513080596924
          -4.489477263362452,36.71724988488791,50.67101377248764
          -4.48947812772628,36.71724986462695,50.671008348464966
          -4.4894789928248695,36.717249839397134,50.67098617553711
          -4.489479857044418,36.71724980984954,50.67086446285248
          -4.489480722746846,36.71724978207532,50.6706041097641
          -4.489481592034903,36.71724975474658,50.66998755931854
          -4.489482542333607,36.717249713213754,50.66955554485321
          -4.489483396028719,36.71724966981333,50.66944533586502
          -4.489484248251638,36.71724962811773,50.66929942369461
          -4.489485102013545,36.717249585222746,50.6691370010376
          -4.4894859641250005,36.717249538412645,50.66892606019974
          -4.489486825792927,36.717249491713915,50.668585777282715
          -4.489487688099427,36.71724944528933,50.66817283630371
          -4.489488549892931,36.717249398813344,50.66764920949936
          -4.4894894064816615,36.71724935238876,50.66740560531616
          -4.489490338886952,36.71724930007008,50.66753530502319
          -4.48949119738873,36.71724924540404,50.66735368967056
          -4.489492055591262,36.71724919190311,50.66705721616745
          -4.489492913489201,36.717249135969155,50.66665828227997
          -4.489493776949942,36.717249080052326,50.66619288921356
          -4.489494638722071,36.71724902331307,50.665708124637604
          -4.489495489224316,36.71724895736429,50.665578722953796
          -4.489496347739454,36.71724889165539,50.66541111469269
          -4.489497202973554,36.717248829818764,50.66493320465088
          -4.489498138577055,36.71724874447429,50.664634227752686
          -4.489498993421064,36.717248676906344,50.664255261421204
          -4.489499850103309,36.71724860562888,50.663769483566284
          -4.489500706390119,36.71724853937169,50.66323798894882
          -4.489501561410471,36.717248468659655,50.66283738613129
          -4.489502413294064,36.71724839613998,50.66264069080353
          -4.489503344831002,36.71724831930254,50.66271662712097
          -4.489504197564245,36.71724824381868,50.66242629289627
          -4.4895050517616655,36.717248167161145,50.662054657936096
          -4.489505912515818,36.71724809161732,50.6615514755249
          -4.4895067725218505,36.717248015713686,50.66099143028259
          -4.4895076256772475,36.71724793478121,50.660595536231995
          -4.489508472104912,36.71724785053332,50.6603142619133
          -4.489509320050192,36.71724776510317,50.66015386581421
          -4.489510263760101,36.71724765897515,50.65990936756134
          -4.489511123001983,36.71724757144609,50.659315168857574
          -4.489511986636396,36.71724748414834,50.65875095129013
          -4.4895128446919745,36.717247384993854,50.65869444608688
          -4.489513720547452,36.71724728040789,50.65848743915558
          -4.489514598038104,36.717247176164605,50.6576189994812
          -4.489515460128184,36.71724706588159,50.65710145235062
          -4.489516326995541,36.717246944838415,50.657034277915955
          -4.489517207932887,36.717246820282774,50.65627682209015
          -4.489518080678326,36.717246691392226,50.65560865402222
          -4.489518942394345,36.71724655363483,50.65531075000763
          -4.489519819697969,36.7172464066165,50.65475904941559
          -4.489520782565079,36.71724623884034,50.65382784605026
          -4.4895216442810995,36.71724608282666,50.65349221229553
          -4.489522511116394,36.717245920918884,50.65244358778
          -4.489523373404191,36.7172457537167,50.65172016620636
          -4.489524222482337,36.717245583216226,50.65149700641632
          -4.489525084454855,36.717245402221174,50.650590896606445
          -4.489525941783689,36.71724521699402,50.649692356586456
          -4.489526799849956,36.71724502005578,50.64934468269348
          -4.4895276583544055,36.71724481997344,50.64827102422714
          -4.489528581464312,36.7172445950211,50.64728540182114
          -4.489529410754699,36.71724439349094,50.64679616689682
          -4.48953025446776,36.717244179461524,50.645899295806885
          -4.489531100852675,36.717243967316854,50.644613802433014
          -4.4895319307041515,36.71724374634817,50.64414280653
          -4.489532750776638,36.71724352504537,50.6435569524765
          -4.489533585581734,36.717243291980076,50.64259898662567
          -4.489534436695833,36.71724305325199,50.6414293050766
          -4.489535341385971,36.71724279511108,50.6409929394722
          -4.489536176917811,36.71724254427782,50.63969051837921
          -4.489537010835851,36.71724228730203,50.638973236083984
          -4.489537837101698,36.71724202372964,50.638274133205414
          -4.4895386801467945,36.71724175050224,50.636783838272095
          -4.489539504804184,36.71724146988152,50.636243760585785
          -4.489540337306141,36.717241180042706,50.635167479515076
          -4.489541276634208,36.71724084498725,50.634242832660675
          -4.489542150491138,36.71724052363043,50.63230776786804
          -4.489542944096228,36.71724019913809,50.63169139623642
          -4.489543733746972,36.71723987870651,50.63070631027222
          -4.489544535442439,36.7172395515327,50.62919843196869
          -4.489545346660398,36.71723920424357,50.628424882888794
          -4.489546231129936,36.71723882129857,50.626821875572205
          -4.489547018408073,36.71723845787777,50.62604033946991
          -4.489547834029249,36.71723807997874,50.62432670593262
          -4.489548641250113,36.7172376795485,50.62340319156647
          -4.489549505670051,36.71723723641174,50.62196987867355
          -4.489550468179132,36.7172366813214,50.61989188194275
          -4.489551192486989,36.71723621674144,50.61820578575134
          -4.489551904311938,36.71723574376582,50.61700755357742
          -4.489552592325314,36.71723528202154,50.61509549617767
          -4.489553265803798,36.717234802612104,50.61396300792694
          -4.489554077898126,36.71723422908558,50.61188590526581
          -4.489554831500201,36.71723366651624,50.609660625457764
          -4.489555580634935,36.71723303186416,50.60805416107178
          -4.4895563332858295,36.71723229734653,50.60608750581741
          -4.489556981146568,36.71723148241045,50.60345530509949
          -4.489557432487019,36.717230727571895,50.600264489650726
          -4.489557772282863,36.717230078253095,50.59847342967987
          -4.489558113852819,36.71722943237824,50.596325159072876
          -4.489558455722023,36.71722878960463,50.59427106380463
          -4.489558803789931,36.71722814975238,50.592110097408295
          -4.489559150714285,36.71722750784404,50.58991980552673
          -4.489559514717137,36.71722680177743,50.58810251951218
          -4.489559849137209,36.717226151567665,50.586253106594086
          -4.4895601818472946,36.7172255038252,50.584312081336975
          -4.48956051745367,36.71722485669956,50.58221381902695
          -4.489560855560902,36.71722421276084,50.57997918128967
          -4.489561199140093,36.71722356852228,50.577668845653534
          -4.489561531989114,36.71722292574011,50.575918555259705
          -4.489561863064024,36.71722227720091,50.574209690093994
          -4.4895621951863,36.717221628044896,50.57238459587097
          -4.4895625603968305,36.7172209115865,50.570044457912445
          -4.4895628910763055,36.717220262816,50.567804753780365
          -4.489563223145145,36.717219617643636,50.565553426742554
          -4.489563552531442,36.71721897521271,50.56381964683533
          -4.489563878818387,36.71721832785576,50.56210935115814
          -4.489564207242816,36.717217680250364,50.560291051864624
          -4.489564535410747,36.7172170341956,50.558353424072266
          -4.489564865352791,36.717216384148614,50.556294441223145
          -4.489565194974211,36.71721573404165,50.55413603782654
          -4.489565549988942,36.71721502331459,50.55178189277649
          -4.48956587361472,36.71721437662587,50.55007314682007
          -4.489566201109343,36.717213730356924,50.54818832874298
          -4.4895665276100365,36.71721308287147,50.546294927597046
          -4.489566855842092,36.7172124324818,50.54426598548889
          -4.489567184629894,36.71721178291457,50.54215395450592
          -4.489567513257384,36.71721113499219,50.53997349739075
          -4.489567833847934,36.71721048667574,50.53804963827133
          -4.489568151435319,36.71720983487251,50.536189556121826
          -4.48956850276289,36.717209127486576,50.53437304496765
          -4.489568828269653,36.71720848010393,50.532374024391174
          -4.489569155785652,36.71720783265274,50.53026133775711
          -4.489569484904764,36.717207182965566,50.52805852890015
          -4.48956980364639,36.71720653584849,50.52622324228287
          -4.489570120068846,36.71720588421661,50.52434867620468
          -4.48957043339195,36.717205232704664,50.522603034973145
          -4.489570745977622,36.7172045815097,50.52078640460968
          -4.489571063479508,36.717203932130936,50.518799006938934
          -4.489571431575642,36.71720321915075,50.51619750261307
          -4.489571746138487,36.71720256795578,50.51440507173538
          -4.489572060679956,36.717201915775604,50.51254141330719
          -4.489572372624384,36.717201259500406,50.51072984933853
          -4.489572683008447,36.71720060418471,50.508856415748596
          -4.4895729971331075,36.71719994922883,50.50677126646042
          -4.48957331075546,36.71719929360472,50.50453299283981
          -4.489573626536671,36.71719864087626,50.50218588113785
          -4.4895739380536,36.71719799110342,50.5004380941391
          -4.489574276951702,36.717197271715115,50.49873697757721
          -4.4895745863097725,36.717196613580874,50.49678647518158
          -4.489574897367143,36.717195956594615,50.4946126639843
          -4.489575208467264,36.717195299522686,50.49232518672943
          -4.489575509125776,36.71719464245076,50.49048310518265
          -4.489575805851316,36.71719398227757,50.48866134881973
          -4.489576102811979,36.717193325736794,50.48685985803604
          -4.489576402188,36.717192672228734,50.484910666942596
          -4.489576705432866,36.71719201440291,50.48285776376724
          -4.489577012001521,36.71719135515496,50.480504900217056
          -4.48957730889806,36.717190700190514,50.47854870557785
          -4.489577627051879,36.71718996550154,50.47704118490219
          -4.48957792861882,36.71718929337739,50.47467279434204
          -4.4895782182586,36.717188624191714,50.472635596990585
          -4.489578498183516,36.71718795141647,50.47099211812019
          -4.489578777477873,36.717187273423924,50.469098806381226
          -4.489579064381674,36.71718659554274,50.46665573120117
          -4.489579329835823,36.717185921259706,50.464902490377426
          -4.489579593312798,36.71718524266746,50.463324308395386
          -4.4895798595898775,36.7171845481406,50.46124982833862
          -4.489580115061974,36.71718385830845,50.45890384912491
          -4.4895803630956275,36.71718317733459,50.45736423134804
          -4.489580601168605,36.717182481008656,50.45541489124298
          -4.489580838632398,36.717181784776955,50.452962547540665
          -4.489581085458373,36.717181035087165,50.45136123895645
          -4.48958131321799,36.71718033213037,50.4490208029747
          -4.4895815285801985,36.717179626466404,50.44711837172508
          -4.489581734858099,36.717178927210554,50.44541534781456
          -4.489581938164898,36.717178223962485,50.44311439990997
          -4.489582132953823,36.717177505156734,50.4410725235939
          -4.489582314362097,36.71717679680273,50.43931424617767
          -4.489582497629981,36.71717607645492,50.436682283878326
          -4.489582659202403,36.71717533242792,50.435166358947754
          -4.489582832488238,36.71717452976836,50.43248489499092
          -4.489582973284314,36.71717360950098,50.42991924285889
          -4.489583044013663,36.71717274400246,50.42729362845421
          -4.489583062727336,36.717171912711976,50.424577474594116
          -4.489583038007332,36.71717115265611,50.42288935184479
          -4.48958300238616,36.717170377822164,50.419980466365814
          -4.489582940794556,36.71716965788558,50.41852721571922
          -4.489582876734159,36.71716893226906,50.41631102561951
          -4.4895828141486245,36.717168211972655,50.4139367043972
          -4.489582732240234,36.7171674972705,50.41215032339096
          -4.489582648707357,36.71716678710029,50.41017606854439
          -4.489582565452351,36.71716606848302,50.40758681297302
          -4.489582468699134,36.717165353309674,50.405529856681824
          -4.489582342117327,36.71716457388382,50.40352028608322
          -4.489582242360945,36.717163862959715,50.40114313364029
          -4.489582138489906,36.71716315198421,50.39880871772766
          -4.4895820219328995,36.717162440957296,50.397099018096924
          -4.48958190368728,36.71716172991325,50.39507108926773
          -4.489581789738003,36.71716102185053,50.39261311292648
          -4.489581667302915,36.71716032245761,50.390391647815704
          -4.489581527265646,36.717159621025736,50.38876289129257
          -4.489581390178103,36.71715891822315,50.386701822280884
          -4.489581253165374,36.71715821237071,50.38418605923653
          -4.489581108147767,36.717157518255064,50.38224810361862
          -4.489580934316874,36.71715675039466,50.38037461042404
          -4.489580777639291,36.71715604802042,50.37816396355629
          -4.489580622885443,36.71715534938139,50.375732719898224
          -4.489580451972215,36.717154651821815,50.37435495853424
          -4.489580277008456,36.71715395355974,50.37251418828964
          -4.489580099009469,36.71715325947836,50.370309978723526
          -4.489579923329653,36.71715258069764,50.367932468652725
          -4.489579732088952,36.71715191101509,50.36650514602661
          -4.489579536477096,36.71715123521569,50.36492416262627
          -4.4895793180582855,36.71715050289121,50.3627570271492
          -4.4895791139285555,36.71714983212921,50.36043882369995
          -4.489578898277786,36.71714918502927,50.358672857284546
          -4.489578680126161,36.7171485404823,50.35689288377762
          -4.489578442662367,36.71714786087915,50.35526695847511
          -4.489578191903422,36.71714717581026,50.35336369276047
          -4.4895779327976015,36.71714648178028,50.35076153278351
          -4.489577666552584,36.717145806169356,50.348845452070236
          -4.489577398415894,36.71714513595565,50.34712380170822
          -4.489577097190949,36.717144380089046,50.34463968873024
          -4.48957680199371,36.71714369071952,50.34305292367935
          -4.489576498503032,36.717142986734686,50.34092432260513
          -4.489576193441304,36.717142295874496,50.33858931064606
          -4.489575874892052,36.717141614506545,50.336838990449905
          -4.489575545463005,36.71714094182554,50.33479592204094
          -4.4895752158308975,36.71714026780808,50.332704305648804
          -4.489574862237593,36.71713956726718,50.331034898757935
          -4.489574462581507,36.71713882485077,50.32833582162857
          -4.489574061407807,36.717138151604345,50.32675775885582
          -4.489573617858485,36.71713742918332,50.32465711236
          -4.489573159731521,36.717136697030185,50.32216823101044
          -4.489572637736534,36.71713594870255,50.319837749004364
          -4.489572108046604,36.71713528141875,50.31817525625229
          -4.489571598235275,36.71713466029396,50.31587037444115
          -4.48957109168361,36.71713407907426,50.31449177861214
          -4.489570585035758,36.717133491634925,50.312473118305206
          -4.489570086232473,36.7171329155383,50.31053054332733
          -4.489569589427735,36.717132334061596,50.30844110250473
          -4.489569088198405,36.717131765383996,50.3069489300251
          -4.4895685869477004,36.717131199876185,50.30546718835831
          -4.489568085130562,36.717130630650296,50.303896486759186
          -4.489567525387606,36.71713000214075,50.30191734433174
          -4.489567016110649,36.7171294290083,50.29996767640114
          -4.4895665032854675,36.717128861787096,50.298316299915314
          -4.489565992458835,36.717128304829146,50.296768099069595
          -4.489565481439827,36.71712774459861,50.29526707530022
          -4.48956497357361,36.71712718191791,50.29365971684456
          -4.489564460769803,36.7171266165129,50.2919402718544
          -4.489563942750537,36.717126049651505,50.290073841810226
          -4.489563426184758,36.71712548196768,50.288328260183334
          -4.489562909170108,36.717124919424045,50.28668475151062
          -4.489562389109544,36.71712436121532,50.285233825445175
          -4.489561870673468,36.717123802766714,50.283631443977356
          -4.489561291083971,36.71712318621671,50.28156527876854
          -4.489560764397206,36.71712261568863,50.27920725941658
          -4.489560229962061,36.71712205367616,50.27722290158272
          -4.489559695099419,36.717121502578046,50.27581283450127
          -4.489559160685649,36.717120941816354,50.27388623356819
          -4.489558624422955,36.71712037382411,50.27170476317406
          -4.489558079621012,36.71711979923528,50.26944184303284
          -4.48955753506488,36.717119237000055,50.267444998025894
          -4.489556993725661,36.71711868262935,50.265550911426544
          -4.48955645314525,36.71711813451255,50.263640731573105
          -4.489555853078656,36.71711752224604,50.26092368364334
          -4.489555297332794,36.7171169713364,50.25916728377342
          -4.489554741822056,36.71711642255138,50.25735625624657
          -4.489554186867064,36.71711587347508,50.255442917346954
          -4.489553625670618,36.71711532590657,50.25329241156578
          -4.4895530699247574,36.71711477628198,50.25081944465637
          -4.489552502315859,36.71711423697206,50.24909329414368
          -4.489551944560763,36.71711369947835,50.24739795923233
          -4.489551331829576,36.71711310420877,50.24502611160278
          -4.489550760063271,36.717112559501636,50.24273997545242
          -4.489550182429573,36.717112022727555,50.24098712205887
          -4.489549607029546,36.71711149133354,50.23916485905647
          -4.489549032473825,36.71711096381182,50.237234592437744
          -4.489548459457092,36.71711043509072,50.235221683979034
          -4.489547859743183,36.71710989562659,50.23325675725937
          -4.489547256481051,36.717109358783965,50.23156276345253
          -4.48954665287692,36.717108826344784,50.22939479351044
          -4.489546055150872,36.71710830074207,50.2269281744957
          -4.4895454010807425,36.71710773794143,50.22542145848274
          -4.4895447832195945,36.717107215165825,50.223542898893356
          -4.489544098562067,36.717106645083234,50.22171324491501
          -4.4895433698723695,36.71710607046013,50.219335198402405
          -4.489542634086224,36.71710553459415,50.21680602431297
          -4.489541897744332,36.71710503409275,50.215531677007675
          -4.489541142827704,36.71710454051349,50.213344395160675
          -4.489540372670815,36.71710406989379,50.211640775203705
          -4.489539635676991,36.71710363371344,50.20974576473236
          -4.489538908376657,36.717103213741865,50.20853453874588
          -4.48953808612928,36.71710274348198,50.20638510584831
          -4.489537349685858,36.71710233766309,50.20503079891205
          -4.4895366122057565,36.717101935545145,50.20319652557373
          -4.489535868516264,36.71710153633998,50.20146670937538
          -4.489535125874138,36.717101149419896,50.20024847984314
          -4.489534385738213,36.717100763784856,50.1989221572876
          -4.489533644437358,36.71710037767007,50.197220116853714
          -4.4895328280413445,36.71709996653964,50.195552587509155
          -4.489532082887674,36.71709959848409,50.19437554478645
          -4.489531329996312,36.717099221296124,50.19283017516136
          -4.489530567486272,36.717098847449286,50.19138276576996
          -4.489529815984275,36.71709848604173,50.1905158162117
          -4.489529054617789,36.71709811894569,50.18910789489746
          -4.489528297061368,36.71709775476243,50.18734812736511
          -4.489527535636101,36.71709740375522,50.18635404109955
          -4.489526777497216,36.71709705710004,50.1854684650898
          -4.489525951819177,36.71709667242451,50.18392917513847
          -4.489525195571965,36.7170963298815,50.18236005306244
          -4.489524431848903,36.71709599043974,50.1814039349556
          -4.489523667308252,36.71709565630952,50.180509865283966
          -4.489522903205787,36.7170953237899,50.17959859967232
          -4.489522130975537,36.71709498489643,50.17829206585884
          -4.489521357003238,36.71709464855592,50.17664796113968
          -4.489520494806285,36.717094297651514,50.17611148953438
          -4.489519712743609,36.7170939712316,50.174859911203384
          -4.489518935174993,36.71709364671356,50.1733632683754
          -4.489518156708634,36.71709332721578,50.17217919230461
          -4.48951737542614,36.717093015513974,50.17151737213135
          -4.489516591129793,36.71709270442899,50.17055341601372
          -4.489515807891501,36.71709239342968,50.16934362053871
          -4.489514951198569,36.71709205671223,50.16842982172966
          -4.489514127743513,36.71709174441073,50.16745871305466
          -4.489513248345156,36.71709141872758,50.166335344314575
          -4.48951235253092,36.717091112542924,50.16505470871925
          -4.489511446253701,36.71709083320725,50.16440227627754
          -4.489510563649118,36.717090571176925,50.162915885448456
          -4.489509707955459,36.717090338942626,50.16253772377968
          -4.489508855633681,36.717090116166304,50.16170686483383
          -4.489507915178091,36.7170898741999,50.16075471043587
          -4.489507079197379,36.71708966668997,50.160198867321014
          -4.489506243238043,36.71708946582804,50.15924754738808
          -4.4895053958859155,36.717089264143674,50.15832728147507
          -4.48950455527755,36.71708907381915,50.157855570316315
          -4.48950371931287,36.71708888839496,50.15742439031601
          -4.489502884577242,36.71708870255955,50.15679806470871
          -4.489502049403431,36.71708851626152,50.15595889091492
          -4.48950112780045,36.717088316153486,50.155116975307465
          -4.489500273143471,36.71708814253462,50.155197739601135
          -4.489499375197095,36.717087949331585,50.15384516119957
          -4.489498464938811,36.7170877836115,50.15393406152725
          -4.4894975439236395,36.71708761240853,50.152911096811295
          -4.4894965956608885,36.717087467300644,50.15278443694115
          -4.489495625499614,36.717087329029226,50.15206456184387
          -4.4894946775842035,36.71708722449467,50.15180689096451
          -4.489493734267057,36.7170871323994,50.151407688856125
          -4.489492716707073,36.71708704804869,50.1507942378521
          -4.489491829856911,36.71708698845663,50.150945484638214
          -4.4894909439231965,36.71708693232563,50.15093743801117
          -4.489490048421568,36.717086880666606,50.15080600976944
          -4.4894891727424335,36.717086841772414,50.151249170303345
          -4.489488285857538,36.71708679799504,50.15084561705589
          -4.489487403031191,36.71708676516628,50.15105241537094
          -4.489486412940549,36.71708673835157,50.15106239914894
          -4.489485495006025,36.71708672185152,50.15140378475189
          -4.489484591857548,36.717086717208204,50.15167877078056
          -4.489483667235371,36.71708672036086,50.1513614654541
          -4.489482787636624,36.7170867401335,50.15205729007721
          -4.489481908289032,36.717086760334496,50.15241974592209
          -4.489481042204529,36.717086787646096,50.15233236551285
          -4.489480171601919,36.717086820286376,50.15278246998787
          -4.489479301942473,36.717086860636954,50.153655767440796
          -4.489478429055427,36.71708690443147,50.15395623445511
          -4.489477480605646,36.71708695343472,50.154344618320465
          -4.4894766182670836,36.71708700644733,50.15502792596817
          -4.489475748949636,36.71708706693037,50.15532964468002
          -4.489474869177219,36.71708712933241,50.15557482838631
          -4.489474003870225,36.717087200335726,50.15650832653046
          -4.489473139720145,36.71708727627363,50.15724170207977
          -4.489472182477289,36.71708735752308,50.1573471724987
          -4.489471321143345,36.717087448693114,50.15824446082115
          -4.4894704651825,36.717087542022036,50.15908420085907
          -4.489469596313924,36.717087634014504,50.1593801677227
          -4.4894687350841815,36.71708773373441,50.15992906689644
          -4.489467885835037,36.717087839091405,50.160897612571716
          -4.489467040003195,36.717087949914145,50.161698549985886
          -4.489466178880327,36.717088066305436,50.16217949986458
          -4.489465319261713,36.717088187974,50.162849485874176
          -4.489464462608858,36.71708831452575,50.164078176021576
          -4.489463636126591,36.71708843837034,50.16502717137337
          -4.489462782191013,36.717088574517135,50.16576859354973
          -4.489461925262957,36.71708870999571,50.1660478413105
          -4.489460996950949,36.71708887832016,50.16750901937485
          -4.489460158969017,36.717089032886015,50.16858932375908
          -4.489459325422366,36.71708918750327,50.169480592012405
          -4.489458492597114,36.71708934273735,50.17018365859985
          -4.489457660992901,36.71708950023312,50.17079842090607
          -4.489456846079767,36.71708965915101,50.171973675489426
          -4.489456023530471,36.717089824614085,50.1733204126358
          -4.489455195527918,36.71708999321269,50.17445030808449
          -4.489454368791825,36.71709016607766,50.17530319094658
          -4.489453529166703,36.71709033760618,50.175900995731354
          -4.4894526278324145,36.71709054537311,50.17757451534271
          -4.489451792086826,36.717090727370504,50.1786447763443
          -4.489450945204945,36.71709092004239,50.17924240231514
          -4.4894501192490335,36.717091121863824,50.180768847465515
          -4.48944928768757,36.71709132755754,50.1821331679821
          -4.48944844190115,36.71709153630112,50.18279993534088
          -4.4894476150635265,36.71709175458833,50.184138625860214
          -4.489446782069948,36.71709198601733,50.18565660715103
          -4.489445918830971,36.717092224094316,50.1864227950573
          -4.489444990954475,36.71709251040353,50.18836811184883
          -4.489444113234042,36.71709278704916,50.18969616293907
          -4.489443230698927,36.717093084752484,50.19077169895172
          -4.489442461680248,36.717093368440196,50.19204458594322
          -4.489441694366212,36.71709365188803,50.19330695271492
          -4.489440932369168,36.71709393482184,50.19456326961517
          -4.489440168058297,36.717094220531365,50.19584307074547
          -4.489439408583484,36.71709450971909,50.197318106889725
          -4.489438654511162,36.71709480070588,50.198900520801544
          -4.489437893614923,36.717095094931004,50.20059233903885
          -4.4894370556891,36.717095424229434,50.2022148668766
          -4.489436289374338,36.71709572393743,50.20348301529884
          -4.489435521392339,36.717096031235805,50.20501485466957
          -4.489434750391143,36.71709633985349,50.206281155347824
          -4.489433999973919,36.717096651298284,50.207818120718
          -4.489433250791092,36.71709695952189,50.20919272303581
          -4.489432505290082,36.71709726995578,50.21064558625221
          -4.4894316799326655,36.71709761662809,50.21214947104454
          -4.489430935270617,36.7170979276274,50.21346491575241
          -4.489430190549788,36.71709824025444,50.21477314829826
          -4.489429447870257,36.71709855223039,50.21605569124222
          -4.4894287029998035,36.71709886646803,50.21734192967415
          -4.489427964146368,36.717099184029664,50.21898439526558
          -4.489427226270832,36.7170995007346,50.220555275678635
          -4.489426419028594,36.71709985403777,50.22252884507179
          -4.489425679753006,36.717100171205324,50.223982483148575
          -4.489424939440737,36.717100491319925,50.22547951340675
          -4.489424199197938,36.71710081213702,50.22683811187744
          -4.489423462781234,36.71710113113791,50.22824478149414
          -4.489422721496411,36.71710145457651,50.22965848445892
          -4.489421982327697,36.71710177738115,50.231035977602005
          -4.489421237948865,36.71710210549733,50.23235180974007
          -4.48942049503421,36.71710243363065,50.23362985253334
          -4.489419756752552,36.717102764077055,50.23517373204231
          -4.489418950456151,36.71710312639271,50.237242698669434
          -4.489418217646452,36.71710345843258,50.238790065050125
          -4.489417488486507,36.717103788827586,50.24034842848778
          -4.489416756868455,36.717104121244404,50.241860926151276
          -4.489416023492323,36.717104454637855,50.243303060531616
          -4.489415292323143,36.7171047870204,50.24462941288948
          -4.489414566567142,36.71710511959143,50.24604931473732
          -4.489413839785148,36.71710545367024,50.24745362997055
          -4.489413109535086,36.71710579097025,50.24886018037796
          -4.489412301988256,36.71710616749,50.25065925717354
          -4.489411576718532,36.717106509964474,50.25231283903122
          -4.489410850711376,36.717106857287874,50.25407576560974
          -4.4894101214338695,36.71710720267514,50.25566628575325
          -4.489409395619088,36.71710755042689,50.25725197792053
          -4.489408670883734,36.71710789787023,50.25871995091438
          -4.489407946682753,36.71710824387431,50.2600274682045
          -4.48940722327264,36.7171085934594,50.26149144768715
          -4.489406505932982,36.71710894114261,50.26289740204811
          -4.4894057162074255,36.717109332620346,50.26470875740051
          -4.489404995426419,36.717109688921965,50.26640996336937
          -4.489404279102065,36.717110049250074,50.26821595430374
          -4.489403561399035,36.71711040779625,50.26985618472099
          -4.489402844412062,36.71711076983776,50.27156150341034
          -4.489402125854038,36.71711113030294,50.27293288707733
          -4.489401405479153,36.717111494297725,50.27424576878548
          -4.48940069155947,36.7171118698751,50.27628394961357
          -4.489399898873498,36.71711228664262,50.277879387140274
          -4.489399196143544,36.717112660763604,50.279340744018555
          -4.489398492911281,36.71711303939083,50.28101259469986
          -4.489397784228434,36.71711342672213,50.28276240825653
          -4.489397089898792,36.717113814550316,50.28460115194321
          -4.489396396360019,36.71711420657634,50.2863612473011
          -4.489395699262335,36.71711459613506,50.287842750549316
          -4.489394993133781,36.71711499686515,50.28905934095383
          -4.4893943107419885,36.71711540148466,50.29107987880707
          -4.489393633608406,36.71711580908549,50.293184131383896
          -4.489392877516162,36.71711625725964,50.29481762647629
          -4.489392195124369,36.717116667259226,50.296278327703476
          -4.489391510135532,36.71711709024639,50.298215717077255
          -4.4893908502300715,36.71711750631142,50.30017900466919
          -4.4893901936163365,36.717117926968356,50.30199506878853
          -4.4893895287519126,36.71711835667205,50.30357864499092
          -4.489388850806087,36.71711878697543,50.30489069223404
          -4.489388197826075,36.71711922305298,50.30692437291145
          -4.489387549794338,36.71711965210558,50.30899775028229
          -4.489386830477507,36.717120144382655,50.310787826776505
          -4.489386179474668,36.71712058873592,50.31223464012146
          -4.4893855461915715,36.71712102717796,50.3140652179718
          -4.48938491889343,36.71712146815583,50.31614428758621
          -4.489384286978324,36.71712191478792,50.31807193160057
          -4.489383656506019,36.71712236429852,50.319927871227264
          -4.48938302356492,36.71712281579667,50.32156494259834
          -4.4893823301116464,36.71712332812053,50.3236121237278
          -4.489381703775374,36.71712379546763,50.325785994529724
          -4.489381080698764,36.71712426144401,50.32745987176895
          -4.489380470468433,36.71712472416493,50.329194366931915
          -4.489379860964847,36.71712518661171,50.33086800575256
          -4.489379249537525,36.71712565863639,50.3326820731163
          -4.489378645195964,36.717126133385385,50.33468872308731
          -4.489378049222652,36.717126609813505,50.33670824766159
          -4.489377396039579,36.71712713003615,50.33884823322296
          -4.489376784313009,36.71712761240977,50.340417712926865
          -4.489376190092434,36.71712809567436,50.342313796281815
          -4.489375600809448,36.71712858210874,50.344321489334106
          -4.489375022064258,36.717129068731595,50.346503376960754
          -4.489374441384645,36.7171295565367,50.34851297736168
          -4.489373858471361,36.71713004965334,50.35047712922096
          -4.489373274147337,36.71713054823573,50.35208588838577
          -4.4893726400947465,36.71713110582763,50.354640156030655
          -4.489372059992254,36.71713161887112,50.356702744960785
          -4.489371477196531,36.7171321375517,50.35831922292709
          -4.489370918340631,36.717132649481485,50.36026585102081
          -4.489370371582891,36.71713316165114,50.36260959506035
          -4.489369806945096,36.71713369326789,50.364734530448914
          -4.489369249649558,36.71713422976783,50.36625626683235
          -4.489368711067694,36.71713475703255,50.36871448159218
          -4.489368164374078,36.71713530953565,50.37109377980232
          -4.48936761888814,36.71713586335807,50.372774213552475
          -4.489367090053204,36.71713642456525,50.37502208352089
          -4.489366521258002,36.71713704245171,50.37744399905205
          -4.489366009458813,36.71713761664646,50.379688143730164
          -4.489365502340714,36.71713820285215,50.381969302892685
          -4.489365010698001,36.71713880446131,50.38440245389938
          -4.489364497370511,36.71713946264695,50.38667094707489
          -4.489363999924528,36.71714015294172,50.38876658678055
          -4.489363551544493,36.71714085163214,50.39198186993599
          -4.489363092017477,36.71714164627299,50.39477449655533
          -4.489362724808399,36.71714237376568,50.397604912519455
          -4.489362402946046,36.71714306723023,50.399331361055374
          -4.489362129925205,36.71714369560271,50.40153631567955
          -4.489361851891962,36.71714432580852,50.403588861227036
          -4.489361576252702,36.71714495692243,50.40562158823013
          -4.489361314881149,36.71714558520924,50.40798732638359
          -4.489361041443498,36.71714622014404,50.40994256734848
          -4.489360741468982,36.71714691482511,50.411875903606415
          -4.489360470735248,36.71714754850912,50.41385543346405
          -4.489360204116171,36.71714817806384,50.415975868701935
          -4.4893599366955375,36.71714880909208,50.41803598403931
          -4.4893596699375244,36.717149441216904,50.42009720206261
          -4.489359405808616,36.71715007323892,50.42217260599136
          -4.489359140920901,36.717150706014834,50.4242077767849
          -4.489358877230178,36.71715133863654,50.42623916268349
          -4.489358594750969,36.71715203844067,50.428487449884415
          -4.489358330248001,36.71715267176488,50.430451452732086
          -4.489358068769573,36.7171533047464,50.432427644729614
          -4.4893578069491475,36.71715393760798,50.43441092967987
          -4.48935754513941,36.71715457201162,50.43637311458588
          -4.489357284911411,36.71715520437632,50.438343942165375
          -4.48935699315552,36.717155897258316,50.440395563840866
          -4.48935673479782,36.71715652962301,50.442444771528244
          -4.489356479838719,36.717157162124785,50.44453775882721
          -4.4893562222612,36.71715779685397,50.44659012556076
          -4.48935596468368,36.71715842957848,50.44858968257904
          -4.489355711338379,36.717159060058435,50.450677156448364
          -4.489355457961016,36.717159690846806,50.452759236097336
          -4.489355178730783,36.717160383985814,50.45526993274689
          -4.489354927191656,36.71716101683026,50.45731669664383
          -4.489354675363969,36.71716165003453,50.45934933423996
          -4.48935442308741,36.71716228512353,50.46138873696327
          -4.489354172114717,36.71716291721408,50.46340173482895
          -4.489353921997017,36.717163550247,50.46542677283287
          -4.489353673012183,36.717164183005785,50.46745401620865
          -4.489353423749478,36.717164816963944,50.46946808695793
          -4.489353174582958,36.71716545109344,50.47147795557976
          -4.489352926004247,36.717166086096775,50.47349953651428
          -4.489352678162968,36.71716672135712,50.47548547387123
          -4.489352395491385,36.71716742269474,50.47739890217781
          -4.489352152833504,36.71716805573624,50.47950121760368
          -4.489351909256506,36.717168688846265,50.481576293706894
          -4.489351666694812,36.71716932435505,50.48368567228317
          -4.489351406178253,36.717170022283014,50.48613518476486
          -4.489351161051578,36.717170660224824,50.488174974918365
          -4.489350920317433,36.717171295759314,50.490235328674316
          -4.489350680652031,36.71717193376966,50.49233195185661
          -4.489350442023308,36.71717256944979,50.49440562725067
          -4.489350202603716,36.71717320947339,50.49648571014404
          -4.489349963312373,36.71717384756084,50.49852442741394
          -4.489349725902016,36.717174487053285,50.50057554244995
          -4.489349461505922,36.71717519799452,50.50229775905609
          -4.489349214081452,36.71717584307265,50.503985822200775
          -4.489348965844738,36.717176495552664,50.50533699989319
          -4.489348721882993,36.71717715054282,50.5067458152771
          -4.489348482345839,36.71717780311707,50.508218228816986
          -4.48934824929595,36.71717844808383,50.509897351264954
          -4.489348012794023,36.71717909672583,50.51145350933075
          -4.489347779412824,36.71717974102436,50.51292610168457
          -4.489347518169519,36.71718044530047,50.51488995552063
          -4.489347286145622,36.717181091355236,50.51634341478348
          -4.48934705348048,36.71718173649333,50.5177441239357
          -4.489346825998736,36.71718238391025,50.519163370132446
          -4.489346598121559,36.71718302918542,50.520569145679474
          -4.489346371174186,36.71718367344968,50.52192413806915
          -4.489346146225361,36.717184322777044,50.52332454919815
          -4.489345918626056,36.717184975556904,50.52460050582886
          -4.4893456963383995,36.717185634059526,50.52601218223572
          -4.489345474553051,36.71718628926385,50.52745759487152
          -4.489345231499736,36.717186999125644,50.52936935424805
          -4.489345017131457,36.71718764972093,50.53086894750595
          -4.489344803415111,36.71718830364876,50.53230905532837
          -4.48934459245612,36.71718895922147,50.53366219997406
          -4.489344382672745,36.71718961994294,50.534935653209686
          -4.489344169961016,36.7171902854448,50.53630888462067
          -4.489343964805294,36.71719095154636,50.53765916824341
          -4.489343768252946,36.717191612430604,50.539195001125336
          -4.48934355308311,36.71719233225582,50.54106032848358
          -4.489343359608738,36.717192987974165,50.54247808456421
          -4.489343168998595,36.71719364672523,50.5438517332077
          -4.489342978954886,36.71719431090777,50.54516798257828
          -4.489342790984535,36.71719498093301,50.546392261981964
          -4.48934260544023,36.717195650247184,50.547804951667786
          -4.489342430070348,36.71719631566338,50.54939532279968
          -4.489342240945756,36.71719703916384,50.551320254802704
          -4.489342071731829,36.71719770069918,50.552798211574554
          -4.489341899664361,36.71719836621818,50.554126501083374
          -4.489341727864078,36.71719903399886,50.55536508560181
          -4.489341564250359,36.71719970633718,50.556554079055786
          -4.489341402934435,36.71720038160543,50.55799877643585
          -4.489341235227434,36.717201115163554,50.55998730659485
          -4.489341084769929,36.71720178433209,50.561466455459595
          -4.489340936481971,36.71720245191573,50.562763690948486
          -4.489340784239667,36.717203125239266,50.56396448612213
          -4.489340639681619,36.71720380001062,50.565063536167145
          -4.489340504806373,36.71720447394242,50.56664574146271
          -4.489340375157276,36.71720514583526,50.56829524040222
          -4.489340248180034,36.7172058159119,50.569904804229736
          -4.489340102467745,36.717206553333746,50.57113492488861
          -4.489339976965367,36.71720722686288,50.57241225242615
          -4.4893398635504616,36.71720789989514,50.57412260770798
          -4.489339749366062,36.717208572164935,50.57574063539505
          -4.489339637842829,36.71720925554613,50.577163875103
          -4.489339530680065,36.71720994092343,50.578294575214386
          -4.489339429502256,36.71721062469014,50.57953453063965
          -4.489339336136951,36.71721129762816,50.581145107746124
          -4.489339248158107,36.71721197383877,50.582843542099
          -4.489339160970131,36.717212642673196,50.58435571193695
          -4.489339078463246,36.71721332936982,50.5856831073761
          -4.4893389955181755,36.71721409028238,50.58711647987366
          -4.489338929566104,36.717214777775744,50.588873863220215
          -4.48933885927494,36.71721546853313,50.59039294719696
          -4.489338804908033,36.717216161655,50.59162664413452
          -4.489338760191866,36.71721685853779,50.59343099594116
          -4.489338721118656,36.71721755402416,50.594841957092285
          -4.48933868278288,36.71721825620992,50.59601151943207
          -4.489338669701477,36.717219014346774,50.59799921512604
          -4.489338646616649,36.71721971073268,50.59910899400711
          -4.489338643869982,36.71722043367629,50.60110592842102
          -4.489338660820231,36.71722120887861,50.60229271650314
          -4.489338714235958,36.71722192547407,50.60432702302933
          -4.4893387689234885,36.71722265694185,50.60511952638626
          -4.489338845317169,36.71722334756216,50.607037246227264
          -4.489338936053368,36.717224034173114,50.608725905418396
          -4.489339054651673,36.71722490815297,50.61103141307831
          -4.489339310412331,36.71722582571317,50.61310452222824
          -4.489339715967873,36.71722666903173,50.614795088768005
          -4.489340215433779,36.717227452167094,50.615571677684784
          -4.489340839429507,36.717228184028954,50.617633283138275
          -4.489341472231669,36.71722881613664,50.61882537603378
          -4.489342038269516,36.71722933402906,50.619773387908936
          -4.489342660843818,36.71722989386551,50.62067377567291
          -4.489343222788382,36.71723039439261,50.621928691864014
          -4.489343788323921,36.717230894080146,50.623181223869324
          -4.489344349306618,36.71723139313372,50.624438405036926
          -4.48934491139012,36.71723189273558,50.6257164478302
          -4.48934547463855,36.71723239129228,50.6269114613533
          -4.489346031335592,36.71723288848681,50.62812793254852
          -4.4893465941779,36.71723338636671,50.629316210746765
          -4.48934715887982,36.717233885591625,50.630486369132996
          -4.489347724415358,36.71723438387417,50.63167870044708
          -4.4893483485820855,36.7172349354606,50.63279724121094
          -4.489348915806236,36.71723543400873,50.633873879909515
          -4.489349483586133,36.71723593340498,50.63495635986328
          -4.489350052050025,36.71723643076229,50.63612699508667
          -4.489350622726212,36.71723692560947,50.637372612953186
          -4.48935119261153,36.71723742169886,50.6385663151741
          -4.48935176104336,36.71723791331628,50.63976216316223
          -4.489352332296668,36.71723840207232,50.64109033346176
          -4.489352903934724,36.71723889449504,50.64233249425888
          -4.489353475872027,36.71723938786869,50.64353233575821
          -4.489354047071898,36.71723987961461,50.64470601081848
          -4.489354679745811,36.71724041327888,50.6460155248642
          -4.489355252463296,36.717240905179004,50.647156953811646
          -4.4893558265273965,36.717241396016824,50.64830017089844
          -4.489356399522754,36.717241888113996,50.64944648742676
          -4.4893569749227815,36.71724238112784,50.650532603263855
          -4.489357551990047,36.71724287476707,50.65159076452255
          -4.48935812662058,36.71724336781517,50.652631402015686
          -4.4893587523904195,36.717243906782414,50.65409743785858
          -4.489359325033092,36.71724439445045,50.65530043840408
          -4.489359896126089,36.71724488329215,50.65644013881683
          -4.489360467710708,36.71724537100302,50.65765845775604
          -4.489361037264716,36.71724585527851,50.658842504024506
          -4.489361612504433,36.71724633772924,50.66019648313522
          -4.4893621873807765,36.71724682543154,50.66142773628235
          -4.489362761519688,36.71724731289396,50.6626061797142
          -4.4893633375395865,36.717247801324454,50.66369712352753
          -4.4893639140617925,36.71724828987489,50.66481286287308
          -4.489364553244345,36.71724882337638,50.66583955287933
          -4.489365131273478,36.717249311661234,50.666945457458496
          -4.489365705401703,36.71724979614234,50.66808557510376
          -4.489366282340718,36.71725028319354,50.66921490430832
          -4.489366859728606,36.717250773997094,50.6702623963356
          -4.489367437212681,36.71725126435516,50.671295404434204
          -4.489368007792681,36.717251752777095,50.67233324050903
          -4.48936859180677,36.71725222746611,50.67444944381714
          -4.489369184670042,36.71725272705941,50.67590928077698
          -4.489369792474328,36.71725322873449,50.67701077461243
          -4.489370470612528,36.71725377463243,50.67832261323929
          -4.489371081836788,36.71725425536976,50.67974233627319
          -4.48937174704321,36.71725477801686,50.680975675582886
          -4.489372490962483,36.717255318706066,50.681883215904236
          -4.489373228212805,36.71725579314664,50.68315625190735
          -4.489373964405072,36.717256253640144,50.68402135372162
          -4.489374670704625,36.71725667705566,50.68538820743561
          -4.489375378190481,36.717257095425204,50.685895919799805
          -4.489376150078733,36.717257537122705,50.687405467033386
          -4.489376868882567,36.71725794590578,50.688185930252075
          -4.489377581487697,36.717258342292396,50.68892478942871
          -4.489378295396693,36.71725872976934,50.690120697021484
          -4.48937900652696,36.717259110666824,50.69110131263733
          -4.489379729723325,36.7172594930978,50.69213932752609
          -4.489380454907549,36.71725986925773,50.6930011510849
          -4.489381171969334,36.71726024447529,50.69386839866638
          -4.489381884082843,36.71726060731353,50.69503116607666
          -4.489382662928605,36.71726099684655,50.696804881095886
          -4.489383367432672,36.71726134598615,50.698074996471405
          -4.489384072994793,36.71726169388354,50.699097633361816
          -4.4893847968644645,36.71726204551615,50.69990158081055
          -4.489385525308352,36.71726239755997,50.700723528862
          -4.489386264407598,36.71726274006015,50.70203626155853
          -4.489387010870476,36.717263080221535,50.70331621170044
          -4.489387837350072,36.71726345674985,50.70417922735214
          -4.489388577592871,36.71726379240499,50.70514988899231
          -4.4893893175471105,36.71726411925326,50.70635807514191
          -4.489390068423893,36.71726444801196,50.70753729343414
          -4.489390818776993,36.71726477366085,50.70888042449951
          -4.48939158194431,36.71726510044915,50.70962601900101
          -4.48939234488719,36.717265427760026,50.71058124303818
          -4.489393192538566,36.71726576856394,50.71212637424469
          -4.489393961925961,36.71726608225329,50.712906658649445
          -4.489394732927157,36.71726639523158,50.7135534286499
          -4.4893955017694935,36.71726669051044,50.71475887298584
          -4.489396272898938,36.7172669848041,50.715861558914185
          -4.489397046529239,36.71726727743576,50.71693134307861
          -4.489397816141071,36.71726756454171,50.71778655052185
          -4.489398595339518,36.7172678572933,50.71854954957962
          -4.48939937393947,36.71726814724349,50.71930944919586
          -4.489400161174857,36.717268419459984,50.72084867954254
          -4.489400956767807,36.71726870066326,50.721869230270386
          -4.489401847767359,36.71726900998344,50.72260630130768
          -4.48940265139725,36.71726927499508,50.72379672527313
          -4.489403459986103,36.71726953827619,50.72454792261124
          -4.48940427925169,36.7172697989872,50.72520196437836
          -4.48940509394306,36.7172700441234,50.72626841068268
          -4.489405907544313,36.71727028319417,50.72723984718323
          -4.489406732955167,36.71727051925791,50.727937042713165
          -4.4894075568270315,36.71727074777412,50.72827923297882
          -4.489408370951968,36.71727097642741,50.72906678915024
          -4.4894092688449065,36.717271212516856,50.730233550071716
          -4.489410082082788,36.7172714213718,50.730870723724365
          -4.489410878616231,36.71727162603748,50.73143744468689
          -4.489411683678235,36.71727183181687,50.73185920715332
          -4.4894125100563,36.71727203583146,50.73220479488373
          -4.48941332365221,36.71727222857188,50.733617424964905
          -4.489414370196479,36.7172724616029,50.73427414894104
          -4.489415638622283,36.71727263714934,50.7347936630249
          -4.489416838969219,36.71727267754276,50.73458659648895
          -4.489417876028402,36.71727262225989,50.73354256153107
          -4.489418729253266,36.717272540984744,50.73322916030884
          -4.489419582777379,36.71727245921271,50.732897877693176
          -4.489420414023564,36.717272382974954,50.73273289203644
          -4.4894212382641445,36.71727230691711,50.732553243637085
          -4.48942206053824,36.71727224202207,50.73245871067047
          -4.489422881978716,36.7172721772127,50.73240351676941
          -4.489423709035432,36.71727211269461,50.73220992088318
          -4.489424626823003,36.71727204307058,50.73183888196945
          -4.489425461211289,36.71727198014595,50.73176449537277
          -4.489426291388732,36.71727191956011,50.7315274477005
          -4.489427111455875,36.71727186443145,50.731435894966125
          -4.48942793466512,36.71727181643054,50.73147130012512
          -4.489428850058709,36.71727177052854,50.73114371299744
          -4.489429678435321,36.71727172056578,50.73106360435486
          -4.489430508329547,36.71727167876738,50.73108124732971
          -4.4894313221071425,36.717271643154355,50.731007158756256
          -4.489432140218487,36.7172716162197,50.73106777667999
          -4.489432949464617,36.71727158396494,50.73107159137726
          -4.489433771102811,36.7172715669423,50.731085419654846
          -4.489434589871433,36.717271545901745,50.73099619150162
          -4.4894354126798985,36.71727153325685,50.730861485004425
          -4.489436229856095,36.71727151936974,50.73069524765015
          -4.489437133669863,36.717271509012235,50.7307311296463
          -4.489437949082634,36.7172715099289,50.730674266815186
          -4.489438760466249,36.717271513629846,50.73053580522537
          -4.489439586154974,36.717271517116615,50.730512619018555
          -4.489440397816462,36.717271522608065,50.73057687282562
          -4.48944120534726,36.71727152980435,50.730849623680115
          -4.489442013364337,36.71727154438538,50.73093271255493
          -4.489442832229145,36.717271564098056,50.730991303920746
          -4.489443631952783,36.717271581985955,50.731098651885986
          -4.489444419006484,36.71727160826095,50.731193244457245
          -4.489445223838709,36.71727163527271,50.73107647895813
          -4.489446112599246,36.71727167347297,50.7313894033432
          -4.489446926173781,36.717271711467625,50.73143684864044
          -4.4894477302472,36.71727175105575,50.73147940635681
          -4.489448521730837,36.71727179444761,50.731279611587524
          -4.489449301805653,36.71727183360738,50.731624126434326
          -4.489450105296607,36.71727187515734,50.73166787624359
          -4.4894509366122595,36.7172719150967,50.73177087306976
          -4.489451854255551,36.71727197417475,50.731693148612976
          -4.489452686239167,36.71727202529405,50.73189973831177
          -4.489453511313367,36.717272073800416,50.732101142406464
          -4.489454337851742,36.717272134651836,50.732279539108276
          -4.48945517420117,36.71727219979532,50.73241305351257
          -4.489456006072569,36.717272257956694,50.732525408267975
          -4.4894569074923565,36.717272337681216,50.73226726055145
          -4.4894577287083965,36.71727240974684,50.732646226882935
          -4.489458545831155,36.71727248518786,50.732991456985474
          -4.48945936290582,36.71727255871844,50.73334300518036
          -4.489460179072055,36.717272643189084,50.73359876871109
          -4.489460989410973,36.71727272243385,50.73366969823837
          -4.489461799894172,36.71727281169345,50.73389494419098
          -4.48946266667603,36.717272925428965,50.734287083148956
          -4.489463448166928,36.71727302579139,50.73437964916229
          -4.4894642396959865,36.71727313302456,50.73457992076874
          -4.489465007664627,36.71727324751398,50.73454886674881
          -4.489465744626389,36.71727334821909,50.73514652252197
          -4.489466481550744,36.71727345612905,50.73551630973816
          -4.4894672693659246,36.71727360597448,50.735673666000366
          -4.489467926489985,36.717273713156246,50.736058831214905
          -4.489468585877105,36.71727389722685,50.73613786697388
          -4.489469155457832,36.71727406824135,50.73672914505005
          -4.48946976271706,36.71727431237521,50.73728394508362
          -4.489470479538378,36.717274676532774,50.73840081691742
          -4.489471205914249,36.71727503179778,50.7400586605072
          -4.489471953304262,36.71727540088137,50.74107450246811
          -4.489472713297414,36.717275774462635,50.741621017456055
          -4.489473467059801,36.71727612715755,50.74307894706726
          -4.489474270681676,36.71727650453399,50.743567943573
          -4.4894752027262665,36.71727691531317,50.74463754892349
          -4.489476065788901,36.717277256699646,50.74590718746185
          -4.489476909451197,36.71727757389289,50.74626314640045
          -4.489477735880026,36.71727785517328,50.74746918678284
          -4.489478550240087,36.717278131587605,50.74770015478134
          -4.489479341793192,36.717278398629624,50.74805045127869
          -4.489480215794402,36.71727867042634,50.74915814399719
          -4.489481015624914,36.71727892449792,50.74980652332306
          -4.489481818784558,36.717279181953465,50.7500866651535
          -4.4894826165363675,36.71727942744948,50.75074642896652
          -4.489483413516011,36.71727966640887,50.75154376029968
          -4.4894842189360435,36.71727990660191,50.75237703323364
          -4.489485032804483,36.71728014427625,50.75288945436478
          -4.489485847728305,36.717280386653876,50.75303941965103
          -4.489486668255006,36.717280613225384,50.753862261772156
          -4.4894874837773235,36.71728083307179,50.75459957122803
          -4.489488386920457,36.7172810741044,50.75510686635971
          -4.489489212673308,36.71728129816577,50.75531178712845
          -4.489490025318037,36.7172815031313,50.7559369802475
          -4.489490849211276,36.717281706212084,50.75665295124054
          -4.489491669545605,36.71728190866748,50.75726854801178
          -4.489492489898637,36.71728211144842,50.75777089595795
          -4.4894933138266095,36.717282308892116,50.758134722709656
          -4.4894941396516,36.717282507123976,50.75832235813141
          -4.489494962029898,36.71728269899913,50.75879901647568
          -4.489495791347004,36.717282887027686,50.7594393491745
          -4.489496618264782,36.71728306998459,50.75999414920807
          -4.489497441543495,36.71728325134802,50.760510981082916
          -4.489498264688615,36.71728343101519,50.76100903749466
          -4.489499186558781,36.71728363046357,50.76127898693085
          -4.489500024153294,36.71728380310579,50.76189076900482
          -4.489500859562229,36.71728397434303,50.76239001750946
          -4.489501699753784,36.71728413897512,50.762704968452454
          -4.48950253839032,36.71728430263056,50.76280504465103
          -4.489503373425195,36.71728445944953,50.763151586055756
          -4.489504209881497,36.71728461208781,50.763628363609314
          -4.489505048357722,36.717284762875614,50.764072477817535
          -4.489505887491223,36.71728490947415,50.76439756155014
          -4.489506731802779,36.71728505730634,50.76455980539322
          -4.489507575093686,36.7172852060038,50.7645605802536
          -4.489508491935421,36.71728534916697,50.76523220539093
          -4.489509336412632,36.7172854816985,50.765631675720215
          -4.489510183577729,36.71728561645744,50.76580893993378
          -4.48951103362843,36.71728575625378,50.765704870224
          -4.489511878100298,36.71728588008123,50.76610016822815
          -4.489512720146121,36.71728600056755,50.76650309562683
          -4.489513567669246,36.71728612242458,50.766925275325775
          -4.489514419777276,36.717286240340805,50.767168045043945
          -4.489515363476498,36.717286368554554,50.76678669452667
          -4.489516208033865,36.71728647822932,50.76721274852753
          -4.489517046622307,36.71728658571093,50.76768624782562
          -4.489517891740763,36.7172866947346,50.767999947071075
          -4.489518748289416,36.717286799868845,50.76826000213623
          -4.4895196063984315,36.717286902158854,50.76833212375641
          -4.489520463112739,36.717287004860076,50.76825189590454
          -4.489521318079653,36.71728710435724,50.76830208301544
          -4.489522161637747,36.71728718826245,50.769482374191284
          -4.48952315885957,36.71728728971289,50.76942712068558
          -4.489524318989743,36.717287364982575,50.769430339336395
          -4.489525372406023,36.71728737233306,50.76918804645538
          -4.4895262973701975,36.717287342331424,50.76920300722122
          -4.489527241737384,36.71728730348863,50.768983602523804
          -4.489528227005327,36.717287245387226,50.768344044685364
          -4.489529173563434,36.71728715959727,50.76850199699402
          -4.489530064162208,36.71728706755339,50.76794135570526
          -4.48953094882412,36.7172869722712,50.76740527153015
          -4.489531818010647,36.71728687047808,50.76742225885391
          -4.48953278128388,36.71728676030643,50.76629716157913
          -4.489533635187396,36.717286656902715,50.76559615135193
          -4.489534479894386,36.71728654683387,50.76514720916748
          -4.489535321304308,36.71728643258433,50.76490545272827
          -4.489536159620221,36.71728631804351,50.76460272073746
          -4.489537003087471,36.71728620062418,50.76438891887665
          -4.48953784819524,36.71728608390735,50.764086067676544
          -4.489538785433917,36.717285960987994,50.76357567310333
          -4.489539634672373,36.71728584865746,50.76296669244766
          -4.489540485658224,36.71728573439079,50.762351274490356
          -4.489541328478884,36.71728561632037,50.76210659742355
          -4.489542171523981,36.71728549262999,50.76201373338699
          -4.489543018972295,36.71728536703774,50.7619194984436
          -4.489543871315448,36.71728523623675,50.76180303096771
          -4.489544724780779,36.717285113591544,50.7612487077713
          -4.489545568937368,36.717284984426854,50.76055198907852
          -4.489546508008937,36.717284837451366,50.75995111465454
          -4.489547363536941,36.71728469933416,50.759653866291046
          -4.489548217440457,36.71728455533999,50.759072065353394
          -4.489549074592948,36.717284410908896,50.7582191824913
          -4.489549929917891,36.71728425964134,50.75775420665741
          -4.4895507854245205,36.71728410197423,50.757280349731445
          -4.489551635138567,36.7172839462604,50.75670289993286
          -4.489552490474197,36.71728378603176,50.75591552257538
          -4.489553349967235,36.717283623292985,50.75521445274353
          -4.489554272430552,36.71728343246301,50.754803240299225
          -4.48955513448857,36.717283257516264,50.75399696826935
          -4.48955599616184,36.717283076418404,50.75310397148132
          -4.489556836449583,36.717282891388294,50.75274884700775
          -4.489557679312993,36.71728270445631,50.752036929130554
          -4.489558521962655,36.717282511159034,50.75127589702606
          -4.489559363671825,36.71728231653388,50.75031757354736
          -4.4895602038420055,36.71728211944143,50.74940550327301
          -4.489561032704895,36.71728192032717,50.74898314476013
          -4.489561863373959,36.71728171877987,50.748467326164246
          -4.489562700295164,36.717281511184275,50.747628808021545
          -4.489563541373776,36.717281301584,50.74657070636749
          -4.489564451407623,36.717281071705635,50.74610161781311
          -4.489565281927064,36.71728085665675,50.74535775184631
          -4.489566115909228,36.71728063770131,50.74434852600098
          -4.4895669618613026,36.7172804111555,50.74347805976868
          -4.48956779015776,36.71728017920392,50.74292767047882
          -4.489568618219093,36.717279947517916,50.74223327636719
          -4.48956945111114,36.7172797088241,50.74113631248474
          -4.489570358280759,36.71727943895497,50.740447759628296
          -4.489571184225984,36.71727918971517,50.739650547504425
          -4.489572008610844,36.71727893614904,50.73841035366058
          -4.48957283571031,36.71727867886484,50.737425804138184
          -4.489573647655013,36.71727841581503,50.736716508865356
          -4.489574452610143,36.717278149561174,50.73588037490845
          -4.489575258762265,36.717277885671805,50.73497819900513
          -4.489576079021782,36.71727761643663,50.73379594087601
          -4.489576888145006,36.717277338188964,50.73293602466583
          -4.489577694745999,36.717277052599385,50.73226249217987
          -4.489578507289198,36.717276764602474,50.731335401535034
          -4.48957940268128,36.71727643388192,50.729840874671936
          -4.489580198295605,36.71727613273466,50.72906708717346
          -4.4895810213338505,36.71727581406788,50.72772151231766
          -4.489581833364054,36.71727549795407,50.72616410255432
          -4.489582628208884,36.7172751700435,50.725138425827026
          -4.4895834217926,36.71727484100208,50.723944306373596
          -4.489584219822281,36.717274514239485,50.72222316265106
          -4.4895849989138545,36.717274180417675,50.72127729654312
          -4.4895857758038185,36.71727383353976,50.72019159793854
          -4.489586568008857,36.7172734890863,50.71822762489319
          -4.489587331144111,36.717273138250434,50.71739995479584
          -4.489588161214679,36.71727274623298,50.71591317653656
          -4.489589006824757,36.71727231846543,50.714612782001495
          -4.489589945372643,36.71727182034566,50.712764382362366
          -4.489590868744391,36.71727125226774,50.71088171005249
          -4.489591644640425,36.71727069650918,50.708282589912415
          -4.489592300954913,36.71727018651554,50.70676600933075
          -4.489592944604807,36.717269680308526,50.704647183418274
          -4.489593577556593,36.71726917234526,50.70281082391739
          -4.489594198025473,36.71726866196611,50.701396465301514
          -4.489594829673393,36.717268133030835,50.69925683736801
          -4.489595464356542,36.71726759290705,50.697566986083984
          -4.489596132277568,36.717267015919454,50.69513350725174
          -4.489596725771398,36.717266493469396,50.693087458610535
          -4.489597313451272,36.71726597166186,50.69105952978134
          -4.489597885442012,36.7172654500171,50.689458668231964
          -4.489598456983881,36.717264928269536,50.68784588575363
          -4.489599032191535,36.71726440273535,50.68619078397751
          -4.489599611075661,36.71726387773233,50.684360563755035
          -4.4896001936683225,36.7172633492254,50.682308316230774
          -4.48960083411199,36.71726277661554,50.68024277687073
          -4.489601405343924,36.717262250841486,50.678582310676575
          -4.489601973059696,36.7172617216235,50.67691373825073
          -4.489602547679542,36.717261189672634,50.67483055591583
          -4.489603130892074,36.71726065631678,50.67258441448212
          -4.489603718411636,36.71726011714394,50.67008900642395
          -4.489604285646474,36.71725957959025,50.667959332466125
          -4.489604842364891,36.71725904476087,50.665977001190186
          -4.489605405517135,36.71725851115658,50.66410672664642
          -4.489605975509328,36.717257972574856,50.662041425704956
          -4.489606541568549,36.71725743626339,50.66001337766647
          -4.489607117096826,36.717256897141944,50.657616436481476
          -4.489607685710341,36.717256359219874,50.655174911022186
          -4.4896082933756905,36.71725576648613,50.653175950050354
          -4.48960885045748,36.71725522041685,50.65101432800293
          -4.489609410959243,36.71725467338806,50.64859116077423
          -4.489609972999995,36.717254131405234,50.64604616165161
          -4.489610523530395,36.71725358957662,50.64401823282242
          -4.48961107147444,36.717253053933376,50.64210104942322
          -4.489611625339315,36.71725250924338,50.64016604423523
          -4.489612173956667,36.71725196701212,50.63831174373627
          -4.4896127316690135,36.71725142227928,50.636048316955566
          -4.4896132809062355,36.71725087898571,50.633913576602936
          -4.4896138405102555,36.71725033278792,50.63127851486206
          -4.489614421702865,36.71724972975664,50.629300236701965
          -4.48961496156722,36.71724918057753,50.627407133579254
          -4.489615505898916,36.71724862858845,50.62530505657196
          -4.489616055189575,36.71724807979486,50.62297296524048
          -4.4896165959730485,36.71724753133538,50.621005058288574
          -4.489617126421785,36.71724698472638,50.61918091773987
          -4.48961765584453,36.71724643685803,50.61747193336487
          -4.489618192353035,36.71724588256442,50.61559981107712
          -4.48961879381968,36.7172452675479,50.61300194263458
          -4.4896193280945145,36.71724470956192,50.61091881990433
          -4.489619858233317,36.7172441508049,50.60914331674576
          -4.489620385935386,36.717243587618746,50.60736155509949
          -4.489620911499973,36.71724302446686,50.60551196336746
          -4.489621443680072,36.71724246495595,50.603350043296814
          -4.4896219801244515,36.71724190110157,50.6010308265686
          -4.489622499330022,36.71724134268724,50.599146127700806
          -4.489623064406002,36.71724072306168,50.597451865673065
          -4.48962359207601,36.71724015338173,50.5953289270401
          -4.489624118324591,36.71723958690585,50.59295350313187
          -4.489624640255454,36.71723901547824,50.59064304828644
          -4.489625150975213,36.71723844459892,50.588814437389374
          -4.48962566033767,36.717237867611324,50.587031841278076
          -4.489626170747494,36.71723728831064,50.584991455078125
          -4.48962668297418,36.71723671147725,50.58268469572067
          -4.489627199347584,36.717236136014584,50.58012789487839
          -4.489627746928256,36.71723550753074,50.57840812206268
          -4.489628252817301,36.71723492589983,50.57631319761276
          -4.4896287603308345,36.7172343421186,50.57393682003021
          -4.489629266914561,36.71723375412241,50.57155615091324
          -4.489629755457924,36.717233167942425,50.569665014743805
          -4.4896302485968755,36.71723257397503,50.56750851869583
          -4.489630743445816,36.71723197951932,50.56511181592941
          -4.4896312369267655,36.717231384815165,50.56268161535263
          -4.489631756036149,36.71723072414509,50.56068253517151
          -4.489632245477255,36.71723011417454,50.558052480220795
          -4.489632724572937,36.717229504829376,50.55589419603348
          -4.489633193536944,36.71722889650369,50.55396628379822
          -4.489633670153145,36.7172282805191,50.551509141922
          -4.489634144268489,36.71722764578991,50.54909837245941
          -4.489634606627671,36.717227008944676,50.54715567827225
          -4.4896350746511855,36.71722636335252,50.54415166378021
          -4.489635560073821,36.717225641548325,50.54209524393082
          -4.489635876891711,36.71722516649092,50.53970241546631
          -4.48963595367014,36.71722494420292,50.53883469104767
          -4.489636036647272,36.717224766343385,50.537661015987396
          -4.489636088630885,36.717224576755626,50.5375874042511
          -4.4896361527340325,36.71722435641234,50.537077605724335
          -4.489636211065973,36.717224170062906,50.536381483078
          -4.489636258133372,36.717223942643265,50.53525102138519
          -4.489636291584998,36.71722378248316,50.53491163253784
          -4.489636305072523,36.71722363474521,50.53475362062454
          -4.48963631013836,36.71722347510769,50.53395813703537
          -4.489636288613895,36.7172232684459,50.533154249191284
          -4.489636257962373,36.71722307334956,50.532886266708374
          -4.489636209056738,36.71722287112547,50.532397627830505
          -4.4896361671193,36.717222701318924,50.53170680999756
          -4.489636131637065,36.717222580609864,50.53129291534424
          -4.489636084035294,36.717222446424906,50.53129720687866
          -4.489636048104186,36.717222320258664,50.53053534030914
          -4.489635974211362,36.717222197125146,50.53063094615936
          -4.489635960638338,36.717222134646,50.530184745788574
          -4.489635971582256,36.717222112354655,50.53057789802551
          -4.489635957752734,36.717222141036984,50.53036564588547
          -4.489635923488865,36.71722211450498,50.52979004383087
          -4.489635920047515,36.71722207412013,50.52993392944336
          -4.489635908077604,36.717222061175384,50.53002518415451
          -4.489635909851716,36.7172220587852,50.53011870384216
          -4.489635928276829,36.71722207303212,50.53023719787598
          -4.489635933214417,36.717222053130975,50.53020358085632
          -4.489635896599315,36.7172220172952,50.529956698417664
          -4.489635823326361,36.717221960041925,50.52920353412628
          -4.489635694585694,36.71722191279491,50.53009968996048
          -4.489635557594339,36.71722185979087,50.52939188480377
          -4.489635366075766,36.7172218273819,50.530038833618164
          -4.489635140400196,36.71722179128912,50.52980089187622
          -4.489634935778845,36.71722176634201,50.52998602390289
          -4.489634736843201,36.717221766204936,50.53037852048874
          -4.489634509372146,36.71722176493702,50.53030663728714
          -4.489634258666637,36.717221793593644,50.530646443367004
          -4.489634041134883,36.717221834869456,50.53131568431854
          -4.48963379301573,36.71722186885476,50.53162270784378
          -4.4896335596879675,36.71722190097245,50.53191542625427
          -4.489633263304425,36.71722196776079,50.531749963760376
          -4.489632966279637,36.71722205428752,50.53256642818451
          -4.489632724273689,36.717222146262856,50.53333592414856
          -4.489632477308779,36.71722227696961,50.53413426876068
          -4.489632271127064,36.717222363710505,50.53457319736481
          -4.489632071443301,36.717222452207636,50.53470456600189
          -4.489631896169606,36.71722255900388,50.53562289476395
          -4.489631742655499,36.71722264577048,50.53581738471985
          -4.489631595596594,36.71722273147477,50.535953521728516
          -4.489631437700646,36.7172228871629,50.536975622177124
        </coordinates>
      </LineString>
    </Placemark>
  </Document>
</kml>