<?xml version="1.0" encoding="UTF-8"?>
<kml xmlns="http://www.opengis.net/kml/2.2">
  <Document>
    <name>Trayectoria Cuadriga</name>
    <Placemark>
      <name>Trayectoria Cuadriga</name>
      <Style>
        <LineStyle>
          <color>ff0000ff</color>
          <width>3</width>
        </LineStyle>
      </Style>
      <LineString>
        <tessellate>1</tessellate>
        <coordinates>
          -4.489498354334531,36.71714306522007,50.34785249829292
          -4.489498354334531,36.717143065220874,50.34785243868828
          -4.489498354334865,36.717143065220334,50.34785243868828
          -4.4894983543368685,36.71714306521886,50.3478524684906
          -4.489498354334865,36.717143065220604,50.347852528095245
          -4.489498354335199,36.717143065220334,50.347852408885956
          -4.489498354333863,36.71714306522074,50.3478524684906
          -4.489498354335032,36.71714306522007,50.3478524684906
          -4.489498354334698,36.717143065221,50.3478524684906
          -4.489498354334865,36.71714306522007,50.3478524684906
          -4.489498354335867,36.71714306522007,50.3478524684906
          -4.489498354333195,36.71714306521913,50.34785258769989
          -4.489498354335533,36.7171430652202,50.347852408885956
          -4.489498354334865,36.717143065219666,50.347852528095245
          -4.489498354334364,36.71714306522007,50.34785234928131
          -4.489498354333529,36.717143065220334,50.3478524684906
          -4.48949835433403,36.71714306522047,50.347852528095245
          -4.489498354334865,36.71714306521953,50.34785249829292
          -4.48949835433403,36.71714306522047,50.34785243868828
          -4.489498354334531,36.71714306522154,50.347852408885956
          -4.489498354333696,36.717143065221,50.347852528095245
          -4.489498350845923,36.717143071924816,50.347789257764816
          -4.489498333908365,36.717143581611246,50.35077151656151
          -4.489498779522864,36.71714433629641,50.35465931892395
          -4.489499808395149,36.71714495056572,50.356414437294006
          -4.489501157928288,36.717145047012764,50.35585457086563
          -4.489502519892232,36.71714451066729,50.354400128126144
          -4.489503154913537,36.7171438123083,50.350708186626434
          -4.489503507129834,36.71714287790083,50.34887519478798
          -4.489503722675065,36.71714189005614,50.34440869092941
          -4.489503834360278,36.717141152015195,50.3415587246418
          -4.489503907599834,36.71714038835557,50.339262664318085
          -4.489503982571421,36.71713968825815,50.336911737918854
          -4.489504070232648,36.71713900088179,50.33450376987457
          -4.489504175822693,36.717138240297444,50.33147484064102
          -4.489504259259384,36.717137543610896,50.328873097896576
          -4.4895043351353925,36.71713677865069,50.326539635658264
          -4.489504450009131,36.717135954266276,50.323649406433105
          -4.489504539537652,36.717135264448586,50.320996046066284
          -4.489504637236371,36.71713457465446,50.318426966667175
          -4.489504742381551,36.71713388509699,50.31593322753906
          -4.489504848517655,36.71713312474664,50.313654720783234
          -4.489505001260598,36.7171320249813,50.3098478615284
          -4.489505127842739,36.71713126809308,50.306976675987244
          -4.489505233584077,36.71713050491454,50.304042398929596
          -4.489505339630674,36.717129815397236,50.30169075727463
          -4.489505467549745,36.71712906850993,50.299430310726166
          -4.489505581091563,36.717128381662306,50.29700893163681
          -4.489505708559091,36.7171276252667,50.29395431280136
          -4.489505833135002,36.71712693918261,50.29148089885712
          -4.489505959961953,36.71712625003154,50.28896799683571
          -4.4895060834156855,36.71712549378585,50.286471366882324
          -4.489506194649021,36.71712481021833,50.28410121798515
          -4.489506357761767,36.717123991347854,50.28122395277023
          -4.489506485656124,36.717123300020766,50.278581380844116
          -4.489506621268801,36.71712254301689,50.27590274810791
          -4.489506764521648,36.7171217928752,50.273627281188965
          -4.489506894956939,36.71712110740365,50.271171510219574
          -4.489507035926686,36.71712034660032,50.26799765229225
          -4.489507173423689,36.717119667466214,50.26578199863434
          -4.489507334312784,36.71711890684493,50.26302057504654
          -4.489507468258224,36.71711822069231,50.260487496852875
          -4.489507620324853,36.71711747733996,50.257796466350555
          -4.48950778890288,36.71711672129988,50.25484737753868
          -4.489507934972529,36.717116035010186,50.25216257572174
          -4.489508088601526,36.717115282291964,50.24942836165428
          -4.489508242557157,36.71711459949975,50.24702566862106
          -4.489508407898231,36.71711384631248,50.24443882703781
          -4.489508556582291,36.71711315934814,50.241752326488495
          -4.489508706598939,36.71711247295564,50.23902456462383
          -4.489508892926099,36.717111720972035,50.236209005117416
          -4.4895090493992855,36.71711103690548,50.233727261424065
          -4.489509201689014,36.717110357375155,50.23128905892372
          -4.489509367358058,36.717109607394086,50.228619039058685
          -4.489509534729741,36.71710892945722,50.22604313492775
          -4.489509724753412,36.717108177325834,50.2229750007391
          -4.4895098884806846,36.717107491318856,50.220274925231934
          -4.489510046057347,36.71710681233039,50.217744171619415
          -4.489510230981114,36.71710607445664,50.21558517217636
          -4.489510398738213,36.71710539177366,50.21327622234821
          -4.489510567134553,36.71710470689324,50.21087497472763
          -4.489510748970323,36.71710394733854,50.20762321352959
          -4.489510923330911,36.71710326607768,50.205242827534676
          -4.489511096970767,36.71710258690288,50.20300914347172
          -4.489511281265313,36.717101837264494,50.200826212763786
          -4.489511448202819,36.71710115159591,50.1985068321228
          -4.489511619116047,36.717100472018465,50.19607163965702
          -4.489511827257567,36.71709971853778,50.193099945783615
          -4.489511999056514,36.71709904135481,50.19092805683613
          -4.489512178825605,36.71709829416658,50.18863697350025
          -4.489512355745163,36.717097621335654,50.18638776242733
          -4.489512537499442,36.71709694764374,50.184232115745544
          -4.489512722139325,36.71709627010095,50.18194581568241
          -4.489512908255407,36.717095593080764,50.17963749170303
          -4.489513114588082,36.71709483747117,50.176451191306114
          -4.489513303347965,36.71709416434468,50.17439383268356
          -4.489513491745812,36.71709348893508,50.17224821448326
          -4.489513681161636,36.717092813653984,50.17015823721886
          -4.489513870043089,36.71709213390092,50.16799795627594
          -4.489514067968771,36.717091383298744,50.165454268455505
          -4.489514262423714,36.71709071457569,50.163115590810776
          -4.489514464283702,36.71709004198035,50.16086199879646
          -4.489514660852082,36.717089371907996,50.15864324569702
          -4.489514866161436,36.71708863121784,50.15669631958008
          -4.489515048149502,36.71708795459601,50.155222564935684
          -4.489515238412304,36.717087297725406,50.15385562181473
          -4.4895154278000735,36.717086642700984,50.15244263410568
          -4.489515641483021,36.717085930526096,50.15100094676018
          -4.489515832530013,36.717085267945585,50.149455547332764
          -4.4895160263984835,36.71708461356369,50.147969186306
          -4.489516221704411,36.717083947046646,50.146286964416504
          -4.4895164189100285,36.71708327965576,50.14454546570778
          -4.489516658618181,36.71708254542084,50.14285343885422
          -4.489516878268717,36.71708187619233,50.14090675115585
          -4.489517080709835,36.71708122771311,50.13960328698158
          -4.489517293814326,36.71708057599127,50.13789027929306
          -4.4895175025262875,36.71707993470832,50.136155277490616
          -4.489517738811793,36.71707924203193,50.13301342725754
          -4.48951796026316,36.71707856749188,50.13093692064285
          -4.489518176040842,36.71707793224867,50.12887096405029
          -4.489518395072843,36.71707727898906,50.12689271569252
          -4.489518619962888,36.71707661500784,50.12492337822914
          -4.489518867029329,36.71707587369658,50.12267357110977
          -4.489519087973043,36.71707520873444,50.12052619457245
          -4.489519353920148,36.71707447931846,50.11789068579674
          -4.4895195859467165,36.71707381439487,50.11584237217903
          -4.4895198231500055,36.71707308405365,50.11388659477234
          -4.489520084648472,36.71707236755672,50.11187481880188
          -4.489520348965746,36.71707163787516,50.109560906887054
          -4.489520588402705,36.717070976198464,50.10735321044922
          -4.489520828435487,36.71707031738315,50.105209678411484
          -4.489521082090723,36.717069658195165,50.103239327669144
          -4.489521331867762,36.7170689980948,50.101201355457306
          -4.489521592334892,36.71706827049931,50.09946897625923
          -4.489521858641362,36.71706754287812,50.09728506207466
          -4.489522118341671,36.717066892668356,50.09531608223915
          -4.4895223797867,36.71706623292352,50.09335222840309
          -4.489522637930652,36.717065571490984,50.091328114271164
          -4.489522896980364,36.71706491005845,50.08913177251816
          -4.489523159971061,36.717064247709246,50.08696109056473
          -4.489523432070113,36.71706359264199,50.08486393094063
          -4.489523725966159,36.71706287512986,50.08297738432884
          -4.489524004221165,36.71706213751098,50.08104658126831
          -4.48952429982987,36.71706141108917,50.07848000526428
          -4.489524605634374,36.71706067837918,50.075946390628815
          -4.48952486356725,36.71705999691699,50.07420474290848
          -4.489525120474133,36.717059320055284,50.072345316410065
          -4.489525385468723,36.71705866100437,50.07048428058624
          -4.48952568498368,36.717057926006994,50.06817865371704
          -4.489525954528438,36.71705724845993,50.065933763980865
          -4.489526202551404,36.71705666380487,50.06428301334381
          -4.489526439144173,36.717056069203515,50.062330305576324
          -4.489526678948512,36.71705546005539,50.06030195951462
          -4.489526924529402,36.717054842331706,50.05814301967621
          -4.489527183335975,36.717054220624355,50.05581447482109
          -4.489527464489943,36.71705349234351,50.05346065759659
          -4.489527723173611,36.717052822472475,50.051179975271225
          -4.48952798174506,36.71705214862635,50.04863879084587
          -4.489528270666112,36.71705139441318,50.04566127061844
          -4.4895285163325,36.71705071441596,50.043383568525314
          -4.489528758573572,36.71705003285953,50.04094859957695
          -4.489529004456381,36.71704935034361,50.03824666142464
          -4.489529264043136,36.717048589431045,50.03540772199631
          -4.4895294881850605,36.71704791141279,50.033285081386566
          -4.4895297224640025,36.717047232794854,50.03087419271469
          -4.489529955425721,36.7170465478973,50.02814224362373
          -4.489530209056911,36.7170457852285,50.02560019493103
          -4.48953042704288,36.717045097966455,50.02328076958656
          -4.489530645859798,36.71704441447389,50.020798087120056
          -4.48953086152927,36.71704372458177,50.01804572343826
          -4.4895310731909595,36.7170430358719,50.01551753282547
          -4.489531276826396,36.71704234869553,50.013293117284775
          -4.489531500596933,36.71704159321445,50.01076963543892
          -4.4895317083630575,36.71704089910736,50.00793614983559
          -4.489531914197431,36.71704020094809,50.005424708127975
          -4.489532105806847,36.71703951321486,50.00317442417145
          -4.489532314345138,36.717038761186274,50.00060075521469
          -4.489532524200654,36.71703799025032,49.99745732545853
          -4.4895327081178,36.71703729797658,49.995267152786255
          -4.489532890381067,36.717036609403785,49.99297592043877
          -4.48953307491274,36.717035918226614,49.99047112464905
          -4.489533281179954,36.71703515128288,49.987394481897354
          -4.489533452568772,36.71703446083391,49.985117584466934
          -4.489533619960493,36.717033774291494,49.982767671346664
          -4.489533788519816,36.71703308257461,49.98025584220886
          -4.489533975742047,36.71703230492212,49.97706884145737
          -4.48953413501133,36.717031612117225,49.97476786375046
          -4.489534298715892,36.717030922379315,49.97246652841568
          -4.489534483859419,36.71703014696281,49.96939355134964
          -4.489534643927587,36.71702944553095,49.966738641262054
          -4.489534798569216,36.7170286834447,49.964392483234406
          -4.489534946063634,36.71702798003386,49.961782336235046
          -4.489535110414785,36.717027203358015,49.95862340927124
          -4.4895352683882175,36.71702644469857,49.95627439022064
          -4.489535408690001,36.7170257474731,49.953642785549164
          -4.489535581310544,36.71702496352387,49.949781864881516
          -4.489535740053471,36.71702421815185,49.945758521556854
          -4.489535897527267,36.71702336983873,49.94092506170273
          -4.489536043365134,36.7170226004534,49.936491280794144
          -4.489536187423545,36.71702176404841,49.931589514017105
          -4.489536313091578,36.7170209985011,49.92701977491379
          -4.489536426602671,36.71702026916651,49.92303302884102
          -4.489536550555372,36.71701955120889,49.91874524950981
          -4.489536669268566,36.71701882498412,49.913990169763565
          -4.489536775250371,36.71701803958707,49.90967231988907
          -4.489536876080838,36.717017324756405,49.90539014339447
          -4.4895369875506335,36.717016528744836,49.90031176805496
          -4.489537086107353,36.7170158162444,49.896298706531525
          -4.489537181759765,36.717015106322634,49.892150551080704
          -4.489537275023539,36.71701439019836,49.8876713514328
          -4.4895373698743954,36.717013666826396,49.88310173153877
          -4.489537448421592,36.717012949725486,49.87906661629677
          -4.489537535646973,36.71701216428559,49.874466091394424
          -4.489537623441461,36.71701143809509,49.869813561439514
          -4.4895377078426915,36.717010721542465,49.865678399801254
          -4.489537791306101,36.71700994233935,49.86128279566765
          -4.489537871851845,36.717009216431556,49.85678473114967
          -4.489537943583139,36.71700849269978,49.85244783759117
          -4.489538005188102,36.7170077697476,49.848463386297226
          -4.489538096250268,36.71700695645639,49.84353440999985
          -4.489538161748124,36.71700612883258,49.838997691869736
          -4.489538234940922,36.71700528286682,49.83370977640152
          -4.489538299383395,36.71700444192989,49.82904589176178
          -4.4895383556580075,36.717003657321,49.82416623830795
          -4.489538394057909,36.717002885134264,49.82001495361328
          -4.489538451895556,36.71700211137976,49.81515112519264
          -4.489538491663448,36.717001263717734,49.810638308525085
          -4.489538526630016,36.717000490879904,49.80567941069603
          -4.48953855549941,36.716999703700914,49.801421761512756
          -4.48953858661049,36.71699892257879,49.796915262937546
          -4.489538604111142,36.71699805824537,49.79191583395004
          -4.489538615383698,36.716997272154394,49.78701412677765
          -4.48953862801623,36.71699651611645,49.78289979696274
          -4.489538620698018,36.7169957758932,49.77941673994064
          -4.489538614552751,36.71699504428835,49.77556326985359
          -4.489538613449275,36.7169943152536,49.77113026380539
          -4.489538577969712,36.716993525975695,49.76736471056938
          -4.489538567322369,36.716992802766505,49.76321414113045
          -4.489538549028177,36.71699208524581,49.75943213701248
          -4.489538518125501,36.71699137896502,49.756162881851196
          -4.489538490952734,36.71699064867949,49.75240018963814
          -4.489538462836803,36.71698991441887,49.74817913770676
          -4.489538416768678,36.716989191106876,49.74476233124733
          -4.489538360560862,36.716988390709,49.7404990196228
          -4.489538298376106,36.71698766499825,49.737220734357834
          -4.48953819962167,36.716987001089855,49.73689287900925
          -4.489538133624177,36.71698645540608,49.73586070537567
          -4.489538028329039,36.716985926616445,49.73585295677185
          -4.489537938530661,36.71698534647619,49.735854744911194
          -4.489537828613214,36.716984674788954,49.735451102256775
          -4.489537730900801,36.71698416724548,49.73521536588669
          -4.489537660524137,36.71698367263818,49.73440182209015
          -4.489537571815876,36.716983148320516,49.735046565532684
          -4.489537526685572,36.71698270614326,49.734656006097794
          -4.489537446318842,36.71698224230863,49.7351508140564
          -4.489537415173027,36.71698178839459,49.73436513543129
          -4.489537330103833,36.71698126135262,49.734154760837555
          -4.489537288893139,36.716980790441646,49.73374077677727
          -4.489537315999109,36.71698051475552,49.73376131057739
          -4.489537198835591,36.71698018290412,49.73362225294113
          -4.489536812298313,36.71697977912418,49.733824014663696
          -4.489535959543695,36.71697924629091,49.73368573188782
          -4.489535467401344,36.71697908511133,49.73310720920563
          -4.489535176484417,36.71697901061268,49.73289477825165
          -4.489534786393572,36.71697901556441,49.73252663016319
          -4.489534294371455,36.716979002422626,49.73164403438568
          -4.489533496496741,36.71697898727617,49.73094022274017
          -4.489532644869645,36.71697896786334,49.729818642139435
          -4.489531733235356,36.716978924154496,49.728659868240356
          -4.489530884207976,36.71697888913259,49.728288531303406
          -4.489529952684398,36.71697885208887,49.72798180580139
          -4.489529114638342,36.71697881358877,49.72751262784004
          -4.489528224606001,36.71697877688773,49.72687202692032
          -4.489527343265205,36.71697873571472,49.72616362571716
          -4.489526536145872,36.71697869935636,49.72564023733139
          -4.489525729141429,36.71697865859456,49.725190460681915
          -4.489524914642432,36.71697861975178,49.7245888710022
          -4.489524027965942,36.716978571553824,49.72390902042389
          -4.4895232207905,36.71697853367054,49.72338789701462
          -4.489522322165473,36.71697848089781,49.722614139318466
          -4.489521518076024,36.71697844076997,49.7221297621727
          -4.489520712033448,36.71697839949415,49.72162640094757
          -4.489519896786332,36.7169783556825,49.7210590839386
          -4.48951899368862,36.71697830047674,49.720233142375946
          -4.489518181757275,36.71697825741899,49.71966063976288
          -4.489517378610991,36.71697821722261,49.71931493282318
          -4.489516599478004,36.71697819032223,49.719805002212524
          -4.489515824734876,36.7169781683393,49.720663994550705
          -4.489515050130683,36.716978146870396,49.7214891910553
          -4.4895141909235345,36.716978114727,49.72207948565483
          -4.489513404531118,36.71697809190451,49.7228747010231
          -4.489512516582824,36.716978062553956,49.72348791360855
          -4.489511610083173,36.71697804466606,49.724749863147736
          -4.489510771303024,36.716978020438575,49.72574770450592
          -4.489509932719257,36.71697799420642,49.72673064470291
          -4.48950901176487,36.71697795791659,49.7277569770813
          -4.4895080863905665,36.716977922414934,49.72846731543541
          -4.489507231269352,36.71697790391021,49.72916841506958
          -4.4895062816593185,36.71697789738216,49.730700224637985
          -4.489505423084064,36.71697789272171,49.731987208127975
          -4.489504574763389,36.716977882304235,49.733088344335556
          -4.489503732903929,36.716977871921024,49.734171628952026
          -4.489502819767389,36.716977863953716,49.735354632139206
          -4.489501917896893,36.71697783624803,49.73574644327164
          -4.489501094963184,36.716977820741754,49.73620533943176
          -4.489500269711974,36.716977803916166,49.73663550615311
          -4.489499436292402,36.71697777701578,49.73641049861908
          -4.489498590970217,36.716977747305414,49.736032009124756
          -4.489497629201907,36.716977715162024,49.73522734642029
          -4.489496763988428,36.716977690968804,49.735136568546295
          -4.48949581791593,36.71697767242981,49.735040843486786
          -4.489494964536099,36.71697764792819,49.734809547662735
          -4.489494118343556,36.71697762054805,49.73459994792938
          -4.489493290915452,36.716977598959204,49.734696477651596
          -4.48949246091836,36.71697757647939,49.734775841236115
          -4.4894916264178555,36.71697755379397,49.73483991622925
          -4.489490787687137,36.71697752975496,49.73490881919861
          -4.489489855027352,36.7169774984854,49.73464548587799
          -4.4894890149934366,36.71697747477194,49.734663397073746
          -4.489488172565538,36.716977455564724,49.73490560054779
          -4.489487325013021,36.7169774363575,49.73511952161789
          -4.489486402418783,36.71697742074843,49.735624343156815
          -4.489485556763284,36.71697739909104,49.73584854602814
          -4.48948462979121,36.71697736929501,49.73595553636551
          -4.489483690575361,36.71697734069836,49.735698223114014
          -4.489482845495647,36.71697732337588,49.735919773578644
          -4.489481995701444,36.7169773050939,49.7361544072628
          -4.489481149768071,36.716977287857084,49.736353665590286
          -4.489480306939395,36.71697727145985,49.73661911487579
          -4.4894793798310575,36.71697725060776,49.73707154393196
          -4.48947853494238,36.716977229652876,49.73722434043884
          -4.489477692571927,36.71697720832104,49.73737955093384
          -4.489476754729411,36.716977182277354,49.737256824970245
          -4.489475904307323,36.71697716195642,49.73728156089783
          -4.489475056925805,36.71697714336603,49.7374030649662
          -4.489474210279048,36.71697712880213,49.737697780132294
          -4.489473279971163,36.71697712045786,49.73822021484375
          -4.489472437805107,36.71697709929737,49.73843431472778
          -4.489471590030827,36.716977080998255,49.73866266012192
          -4.489470743859659,36.716977061071404,49.7388259768486
          -4.4894699015386355,36.71697704138444,49.738991498947144
          -4.489468967914979,36.71697701696848,49.73893404006958
          -4.489468145320261,36.71697700283293,49.740187019109726
          -4.489467284304267,36.71697699419739,49.743268460035324
          -4.489466502693134,36.71697697807429,49.745820105075836
          -4.489465723005737,36.716976960888886,49.74834564328194
          -4.489464869577811,36.716976942538366,49.751312375068665
          -4.4894640896098705,36.71697692620966,49.75379949808121
          -4.489463307076948,36.71697691017223,49.75630062818527
          -4.489462420379082,36.7169768846597,49.75943684577942
          -4.489461601150902,36.71697686805685,49.76231613755226
          -4.489460702015551,36.71697684598825,49.765248626470566
          -4.489459869016629,36.716976840094155,49.768219351768494
          -4.489458914074241,36.71697684679355,49.77040323615074
          -4.489457959209337,36.716976826541156,49.77066716551781
          -4.489457083698528,36.71697681094921,49.771218836307526
          -4.489456102946019,36.71697680392427,49.77218642830849
          -4.489455132579011,36.716976788846345,49.7727093398571
          -4.4894542592671405,36.71697677585877,49.77306020259857
          -4.489453325945403,36.71697675447553,49.772723376750946
          -4.489452478240591,36.716976742515996,49.77279680967331
          -4.489451630941901,36.716976733983266,49.773004949092865
          -4.489450778988839,36.716976724782306,49.77318927645683
          -4.489449930551939,36.71697671496452,49.773323714733124
          -4.48944908349906,36.71697670778537,49.77356839179993
          -4.489448233400266,36.7169766974193,49.77379658818245
          -4.489447386758852,36.71697668390057,49.773983001708984
          -4.4894465378997985,36.71697667043324,49.77415597438812
          -4.489445691787412,36.71697665624629,49.774286925792694
          -4.489444763071953,36.716976637141876,49.7743002474308
          -4.48944391379609,36.716976623349,49.77430406212807
          -4.48944306616609,36.71697661056703,49.77426499128342
          -4.48944212467382,36.716976603816235,49.77444779872894
          -4.489441278011031,36.71697659571185,49.775109112262726
          -4.489440329550564,36.7169765696853,49.774756014347076
          -4.489439330885938,36.71697649597481,49.77205848693848
          -4.489438450114247,36.716976418117895,49.76937809586525
          -4.489437617099295,36.71697636623613,49.76799017190933
          -4.489436806501206,36.71697632790736,49.76745069026947
          -4.489435926755508,36.71697628964713,49.7667920589447
          -4.48943512566388,36.71697625202086,49.766268610954285
          -4.489434270119845,36.716976214805804,49.765437215566635
          -4.489433504360829,36.71697617622002,49.76470875740051
          -4.489432734604717,36.71697613927911,49.7639681994915
          -4.489431943751638,36.716976113372496,49.76346158981323
          -4.489431126351007,36.7169761067759,49.762827038764954
          -4.489430320979067,36.7169760963927,49.76217991113663
          -4.489429437033213,36.71697608176026,49.76167190074921
          -4.489428603483889,36.71697606370102,49.7611129283905
          -4.489427752412539,36.716976048057674,49.76054757833481
          -4.489426876920434,36.71697602965575,49.76005846261978
          -4.489426004329964,36.71697601654824,49.75937679409981
          -4.48942506519427,36.716976001504584,49.75858893990517
          -4.489424205733295,36.71697600438309,49.75911033153534
          -4.489423371670975,36.716976005582474,49.75960159301758
          -4.48942253899802,36.71697600422889,49.76011085510254
          -4.489421605120537,36.71697600301238,49.760954439640045
          -4.489420748058889,36.71697600304664,49.76145678758621
          -4.48941987813493,36.71697600284104,49.761949211359024
          -4.489418922487172,36.716976001401775,49.76207798719406
          -4.489418064623966,36.71697599679273,49.76236927509308
          -4.489417212761747,36.716975993383066,49.76275330781937
          -4.489416360781967,36.71697598450765,49.763219356536865
          -4.4894155193346394,36.716975974227246,49.763973236083984
          -4.489414592991788,36.716975969772406,49.76506066322327
          -4.489413755814086,36.716975960657116,49.76566469669342
          -4.489412920287589,36.716975950308175,49.766166776418686
          -4.489412089538369,36.71697593959942,49.76674550771713
          -4.489411267253587,36.716975927160135,49.76729816198349
          -4.489410427072719,36.716975914737986,49.767923057079315
          -4.489409507783565,36.71697589708996,49.768596202135086
          -4.489408661051308,36.71697588377684,49.76923677325249
          -4.489407715577974,36.716975863147496,49.769566148519516
          -4.489406867915911,36.7169758547861,49.77022472023964
          -4.489406012067285,36.716975849183285,49.77100491523743
          -4.4894050625327315,36.716975853398246,49.772011160850525
          -4.489404213759177,36.7169758461163,49.772712737321854
          -4.489403288271319,36.71697583590443,49.773497462272644
          -4.4894024446704766,36.716975829427774,49.77416956424713
          -4.489401594464808,36.716975824767324,49.77487263083458
          -4.48940074666381,36.71697582032962,49.775576055049896
          -4.4893998152230585,36.7169758097408,49.775965452194214
          -4.489398966844939,36.716975806965095,49.776719868183136
          -4.4893981144590365,36.71697580509749,49.777468144893646
          -4.489397268036715,36.71697580381244,49.77827310562134
          -4.489396426017611,36.716975802715865,49.779090732336044
          -4.489395487181165,36.71697581006635,49.780257880687714
          -4.489394551508195,36.71697580379531,49.78101694583893
          -4.489393700928467,36.71697580201337,49.781727850437164
          -4.489392860426976,36.71697580081399,49.78242480754852
          -4.4893919263143705,36.71697579656475,49.78282970190048
          -4.489391081313475,36.71697579743859,49.78357356786728
          -4.489390246230507,36.716975797387185,49.784324914216995
          -4.489389401325799,36.71697579942614,49.78505885601044
          -4.4893885587082,36.71697580083112,49.785804122686386
          -4.489387628827812,36.71697580828442,49.78718000650406
          -4.489386773353245,36.716975812602186,49.78798761963844
          -4.489385838503207,36.71697581028909,49.788731932640076
          -4.4893849935664365,36.716975810905915,49.78944456577301
          -4.489384144750133,36.71697581287633,49.7900909781456
          -4.489383294651339,36.716975815994715,49.79076665639877
          -4.489382359790613,36.71697582015828,49.79138308763504
          -4.489381497807408,36.71697582673774,49.79224246740341
          -4.489380638998366,36.71697583364274,49.79316943883896
          -4.489379784742165,36.71697583814898,49.79400709271431
          -4.489378919167986,36.71697584137018,49.794883102178574
          -4.489377962911044,36.716975843768935,49.79567873477936
          -4.4893771141802405,36.71697584519106,49.79631432890892
          -4.489376267287672,36.71697584711007,49.7969628572464
          -4.4893754108298625,36.71697584844652,49.7975489795208
          -4.4893745675710175,36.716975849320356,49.798160135746
          -4.4893737293886975,36.71697584950883,49.79880607128143
          -4.489372842129742,36.716975811933956,49.80024415254593
          -4.489372039964028,36.71697576251949,49.801648020744324
          -4.48937137412705,36.71697573932005,49.80323874950409
          -4.489370767477005,36.71697573044463,49.80721768736839
          -4.4893700972261215,36.716975728834036,49.80918911099434
          -4.489369336752034,36.71697572653808,49.810200929641724
          -4.489368576513071,36.716975721158,49.81133455038071
          -4.489367881862806,36.71697570303023,49.812145709991455
          -4.489367171801282,36.71697568587909,49.81292873620987
          -4.489366337583994,36.71697567931677,49.8143315911293
          -4.489365374615353,36.71697566173728,49.81548997759819
          -4.489364500640862,36.716975650223226,49.81678566336632
          -4.4893635941231755,36.71697562784622,49.81822043657303
          -4.489362681641908,36.71697560538354,49.819385170936584
          -4.48936184850405,36.71697558300653,49.82040476799011
          -4.4893610000190565,36.716975576152926,49.8214128613472
          -4.48936003040284,36.71697558717009,49.82255992293358
          -4.48935900776633,36.71697558221836,49.823649406433105
          -4.489358058937146,36.716975565546974,49.82343202829361
          -4.48935708956674,36.71697555034911,49.82303065061569
          -4.48935605363508,36.71697550473839,49.821754068136215
          -4.489355126073862,36.71697548254986,49.82090073823929
          -4.489354170939101,36.71697545157158,49.82069134712219
          -4.489353233021773,36.71697541684095,49.81983807682991
          -4.489352287559126,36.71697538008851,49.8184420466423
          -4.489351448596624,36.71697534451832,49.81823989748955
          -4.489350528762412,36.716975311723836,49.8184831738472
          -4.489349681581283,36.716975282715964,49.81831818819046
          -4.489348731405484,36.71697525951652,49.818356424570084
          -4.489347875097299,36.71697520696654,49.817301362752914
          -4.489347034788182,36.716975125545744,49.814874947071075
          -4.489346135014257,36.71697503124019,49.81271409988403
          -4.489345400157918,36.71697495389729,49.81043565273285
          -4.489344612302659,36.71697487725689,49.808392614126205
          -4.489343922536547,36.71697480806978,49.80712768435478
          -4.489343187669519,36.71697474434842,49.80560430884361
          -4.489342506154094,36.71697471206795,49.804263055324554
          -4.489341865293617,36.71697469647601,49.804058730602264
          -4.489341140772012,36.716974658969676,49.80297613143921
          -4.489340389521169,36.71697461394151,49.80176085233688
          -4.48933963187925,36.71697457715481,49.80106857419014
          -4.489338573333007,36.716974527997344,49.80025264620781
          -4.489337551626304,36.7169744723461,49.79955941438675
          -4.489336445820289,36.716974380696314,49.79851406812668
          -4.489335361378427,36.71697428897799,49.79746577143669
          -4.489334276402195,36.716974199367144,49.796768844127655
          -4.489333282717907,36.71697411477656,49.79530358314514
          -4.489332442729412,36.716974042248324,49.79467570781708
          -4.4893315215913345,36.71697395760634,49.794233441352844
          -4.489330595782854,36.71697387534599,49.79350221157074
          -4.4893297573547235,36.716973792246065,49.79287511110306
          -4.489328836152521,36.71697369250903,49.79195126891136
          -4.489327906485882,36.71697359201809,49.7908761203289
          -4.489326990435016,36.71697350035117,49.7906014919281
          -4.489326093258135,36.716973417011374,49.79111206531525
          -4.4893245450356645,36.716973398026894,49.790938675403595
          -4.4893232438849795,36.71697379013859,49.79238900542259
          -4.489321911943836,36.716974765508915,49.79555609822273
          -4.489321119450238,36.71697598347961,49.799818724393845
          -4.489320905787329,36.716977469614605,49.80522558093071
          -4.489321218640187,36.71697858961306,49.80952602624893
          -4.489321576006151,36.71697922706656,49.81109952926636
          -4.489321962153337,36.716979876942204,49.813684582710266
          -4.489322328657045,36.7169805304674,49.816498786211014
          -4.4893226518018885,36.71698109851104,49.818923473358154
          -4.489323009093041,36.716981733771384,49.82154777646065
          -4.489323322095522,36.71698230138668,49.82376578450203
          -4.48932366978937,36.71698292835416,49.8262457549572
          -4.489323999517665,36.7169835523746,49.82900866866112
          -4.489324301105981,36.71698412120641,49.83101785182953
          -4.48932462016823,36.71698475211472,49.83380851149559
          -4.489324944050506,36.7169853892598,49.83652299642563
          -4.489325238328627,36.716985971867345,49.83879891037941
          -4.489325521117771,36.71698659100459,49.84162575006485
          -4.489325766062759,36.71698712419767,49.844624906778336
          -4.489325973505589,36.716987579996456,49.8464520573616
          -4.4893261716076145,36.716988001304486,49.8487514257431
          -4.489326422024562,36.7169884927934,49.85013324022293
          -4.489326677432534,36.71698892989898,49.85337099432945
          -4.489327016255824,36.716989556301044,49.85643842816353
          -4.48932734137784,36.71699024421418,49.858282297849655
          -4.489327654786444,36.716990895511955,49.860268503427505
          -4.4893280467689625,36.716991705984626,49.86208975315094
          -4.489328427593813,36.7169924962049,49.86466518044472
          -4.489328762206259,36.71699320846546,49.866348534822464
          -4.48932906323883,36.71699391342693,49.86796045303345
          -4.489329333598504,36.71699451943953,49.86961257457733
          -4.489329627876625,36.71699519717507,49.870959520339966
          -4.489329914865925,36.71699587035297,49.872529208660126
          -4.489330164908813,36.716996489541614,49.874219834804535
          -4.489330415272324,36.7169971540497,49.876042544841766
          -4.489330647552719,36.71699773499525,49.87796947360039
          -4.489330886865437,36.716998356736866,49.87987041473389
          -4.489331118814522,36.716998961421574,49.88152274489403
          -4.489331326364226,36.71699950279614,49.88278806209564
          -4.489331544462415,36.7170000772222,49.883952617645264
          -4.489331740084958,36.717000583266454,49.88585314154625
          -4.489331945400991,36.71700112463245,49.887674152851105
          -4.489332160175391,36.7170016927275,49.88956528902054
          -4.489332368451841,36.71700224332016,49.891298323869705
          -4.4893325858767215,36.71700279587466,49.89337399601936
          -4.489332821480905,36.71700344399408,49.89560729265213
          -4.4893330376126075,36.71700404432676,49.897965371608734
          -4.489333279575805,36.71700471581695,49.90046179294586
          -4.489333523281053,36.717005396311066,49.902823716402054
          -4.489333762689958,36.717006086134646,49.905312955379486
          -4.489333984571493,36.717006711225956,49.90782472491264
          -4.489334214265532,36.71700739257677,49.91020682454109
          -4.489334433346963,36.71700801747961,49.91273781657219
          -4.489334649425229,36.71700864071188,49.91528272628784
          -4.489334880733069,36.717009336086875,49.91779685020447
          -4.489335119832038,36.717010030742244,49.92014318704605
          -4.489335327873364,36.717010661067995,49.92255398631096
          -4.489335566309713,36.71701141319081,49.92600303888321
          -4.48933576722253,36.71701204425332,49.92831274867058
          -4.489335994319526,36.71701273597878,49.931102961301804
          -4.489336225306744,36.71701343241609,49.93377098441124
          -4.489336440711702,36.717014130069906,49.93643096089363
          -4.4893366436658155,36.717014769228236,49.93878400325775
          -4.489336840421225,36.71701540558515,49.94109320640564
          -4.489337055879621,36.717016107522475,49.94352179765701
          -4.489337255670257,36.717016746912115,49.94583356380463
          -4.4893374777334785,36.71701745267888,49.94798496365547
          -4.489337697007284,36.7170181638343,49.95019471645355
          -4.489337889722848,36.71701879977143,49.95250275731087
          -4.489338112950998,36.71701955802823,49.955679804086685
          -4.48933830103891,36.71702020023641,49.95791485905647
          -4.489338514659069,36.717020901102856,49.960488587617874
          -4.489338724763067,36.717021603665565,49.96300628781319
          -4.4893389146037155,36.71702224477717,49.96524703502655
          -4.489339107768152,36.71702294123161,49.967561811208725
          -4.489339303967816,36.717023647366766,49.969910115003586
          -4.489339488251006,36.717024281350625,49.97235870361328
          -4.489339680870384,36.717024994287975,49.97441154718399
          -4.489339859489242,36.71702562995954,49.97671130299568
          -4.489340038257723,36.71702626951195,49.979068756103516
          -4.48934023477801,36.71702697849134,49.98133388161659
          -4.489340419670382,36.71702768207353,49.98411139845848
          -4.489340592058474,36.7170283248557,49.98636734485626
          -4.489340783619797,36.71702902529379,49.98902079463005
          -4.489340977885038,36.71702973506992,49.99163883924484
          -4.489341151416683,36.717030379120004,49.99383682012558
          -4.489341353376867,36.71703115184647,49.99650448560715
          -4.4893415201754365,36.717031797292975,49.99867019057274
          -4.489341702021895,36.717032501123605,50.00118601322174
          -4.489341862322514,36.71703314307477,50.00324773788452
          -4.489342027699657,36.717033778455054,50.00556135177612
          -4.489342209802614,36.71703448542977,50.00778850913048
          -4.489342393829306,36.717035187606974,50.01042956113815
          -4.489342554974231,36.71703583010643,50.012663543224335
          -4.489342712335809,36.71703647408798,50.01496875286102
          -4.489342880780242,36.71703718000896,50.017807096242905
          -4.489343040001431,36.717037827554385,50.020074754953384
          -4.489343219229472,36.7170385412542,50.02283692359924
          -4.489343381838573,36.71703919038452,50.02530214190483
          -4.489343567564565,36.71703990877048,50.02789008617401
          -4.489343730098854,36.71704055770376,50.03039103746414
          -4.489343895283624,36.717041208684556,50.0328785777092
          -4.489344059955398,36.717041911855524,50.035071313381195
          -4.489344218898714,36.717042550859645,50.03745976090431
          -4.489344382929243,36.71704325633514,50.03974670171738
          -4.489344540461819,36.71704390020532,50.04204195737839
          -4.489344715243893,36.7170446054495,50.044856786727905
          -4.489344894792556,36.71704530919446,50.04766833782196
          -4.489345053522124,36.717045954298285,50.05000230669975
          -4.489345237025132,36.717046662935005,50.05273187160492
          -4.489345393734777,36.71704730914398,50.05506759881973
          -4.489345554281207,36.71704801732664,50.057560205459595
          -4.489345720278221,36.717048734153416,50.059905618429184
          -4.489345874454948,36.717049377278265,50.06229215860367
          -4.489346042878006,36.71705008940175,50.06444588303566
          -4.489346221411364,36.717050794525996,50.06716313958168
          -4.489346372510114,36.71705143996394,50.06938660144806
          -4.489346533922224,36.71705214340905,50.07209378480911
          -4.48934668354611,36.717052793259,50.074301958084106
          -4.489346831470696,36.71705344110427,50.07659038901329
          -4.489346979972402,36.717054091605306,50.07879561185837
          -4.489347138445472,36.717054804739696,50.081491112709045
          -4.4893472857501875,36.71705545548918,50.08374780416489
          -4.489347432082348,36.717056106007355,50.08597940206528
          -4.4893475783396966,36.71705675614002,50.08820849657059
          -4.489347722438185,36.71705740519323,50.090444415807724
          -4.48934786755198,36.717058055343024,50.09265285730362
          -4.489348034211614,36.71705876988241,50.09505572915077
          -4.489348175157314,36.717059416691065,50.097287982702255
          -4.489348312490667,36.71706006248026,50.09948119521141
          -4.489348452025627,36.71706070764405,50.101702272892
          -4.489348598282976,36.71706141981038,50.10406517982483
          -4.489348734515524,36.71706206511981,50.106351524591446
          -4.489348869871703,36.717062709572545,50.108621805906296
          -4.489349013841943,36.71706342565399,50.110925525426865
          -4.489349148781313,36.71706407310518,50.11317232251167
          -4.489349282993939,36.717064719982375,50.115430653095245
          -4.489349429304724,36.71706544466509,50.11755472421646
          -4.489349581536341,36.717066155083735,50.12012255191803
          -4.489349712703051,36.71706680551624,50.122336477041245
          -4.489349852601385,36.71706751829082,50.12508901953697
          -4.489349998067864,36.717068235306066,50.127740919589996
          -4.4893501275780245,36.71706888758904,50.12993162870407
          -4.489350276528603,36.71706960930757,50.13215884566307
          -4.48935040675482,36.71707026131212,50.134345173835754
          -4.4893505370558495,36.71707091357796,50.13651838898659
          -4.489350679861161,36.71707163491526,50.13856303691864
          -4.4893508072659,36.71707228563047,50.140760362148285
          -4.489350928183375,36.71707293184373,50.142962038517
          -4.489351055630863,36.71707365081653,50.1453640460968
          -4.489351179957625,36.71707429925293,50.14754703640938
          -4.489351305171442,36.71707494439102,50.149819791316986
          -4.489351430834131,36.71707559053146,50.152061730623245
          -4.489351556710569,36.717076237271584,50.15445655584335
          -4.489351696673027,36.71707695181525,50.15730872750282
          -4.489351820625728,36.717077601570956,50.15971878170967
          -4.489351966017396,36.71707831360877,50.16251039505005
          -4.489352090119722,36.71707896312033,50.16494217514992
          -4.4893522137518005,36.7170796122635,50.16731634736061
          -4.489352337362505,36.71708025908501,50.16969031095505
          -4.4893524602785275,36.71708090488276,50.172051310539246
          -4.489352585225159,36.71708161312968,50.174886018037796
          -4.4893527029257205,36.7170822587561,50.17728450894356
          -4.489352818723921,36.71708290484941,50.1797288954258
          -4.4893529355374255,36.71708355341003,50.18208482861519
          -4.489353064630777,36.71708426812932,50.18497276306152
          -4.489353181177097,36.71708491828339,50.18740513920784
          -4.4893532976379165,36.71708556922563,50.1898555457592
          -4.489353413596428,36.71708622149576,50.19229204952717
          -4.48935352942669,36.717086875012384,50.1947550624609
          -4.489353661149147,36.71708759400232,50.19734361767769
          -4.489353774809863,36.7170882446233,50.199798971414566
          -4.489353888556079,36.717088895843965,50.202229768037796
          -4.4893540029007895,36.717089547908486,50.2046916782856
          -4.489354113440779,36.7170901967818,50.207130149006844
          -4.4893542261823765,36.71709084807528,50.20959398150444
          -4.489354337523922,36.71709149812656,50.21209704875946
          -4.48935445196482,36.71709221211765,50.214685916900635
          -4.4893545625048095,36.71709286074251,50.217189371585846
          -4.489354671612684,36.71709357754359,50.219933077692986
          -4.48935477827314,36.71709422731643,50.22240251302719
          -4.489354884196164,36.717094875954146,50.22483749687672
          -4.48935499114518,36.71709551993998,50.227326303720474
          -4.489355096736894,36.71709616713416,50.229844838380814
          -4.489355205919581,36.717096887824646,50.23236292600632
          -4.489355311767792,36.717097536123966,50.23489359021187
          -4.489355416504512,36.71709818406776,50.23742638528347
          -4.489355519723619,36.71709883047805,50.24000272154808
          -4.4893556330744,36.71709954823006,50.24241614341736
          -4.489355734551456,36.717100195728364,50.24487230181694
          -4.489355837620939,36.71710084592956,50.24746498465538
          -4.489355938221627,36.71710149517982,50.24995903670788
          -4.489356039720058,36.717102146948775,50.252495765686035
          -4.489356150922668,36.71710285823269,50.255453050136566
          -4.48935625134167,36.71710351009589,50.25804463028908
          -4.489356351269051,36.71710416390379,50.260605216026306
          -4.489356451068183,36.71710481753607,50.26317220926285
          -4.4893565578996375,36.717105531274434,50.266314804553986
          -4.489356670470237,36.71710624899646,50.26923739910126
          -4.489356772022105,36.71710690226464,50.271761268377304
          -4.489356887820305,36.717107623282814,50.27437174320221
          -4.489356987245377,36.717108278395045,50.27677455544472
          -4.489357087792628,36.71710893369146,50.27917838096619
          -4.48935719745625,36.71710965784945,50.28147315979004
          -4.489357296592761,36.71711031547609,50.283887565135956
          -4.4893573930039805,36.717111035232776,50.28657823801041
          -4.489357488314396,36.717111691017514,50.28900283575058
          -4.489357594504605,36.71711240691262,50.291888892650604
          -4.489357690370766,36.71711306068411,50.29425469040871
          -4.489357785371246,36.717113713314056,50.29662483930588
          -4.489357899010587,36.7171144301344,50.299346804618835
          -4.489357993540821,36.71711508254374,50.30171597003937
          -4.489358088690925,36.71711573536001,50.30409976840019
          -4.4893581827509115,36.71711638868816,50.30646872520447
          -4.489358278018577,36.71711704350911,50.30884262919426
          -4.489358383770602,36.71711776637776,50.311519116163254
          -4.489358474859486,36.71711842114303,50.31390056014061
          -4.489358564751379,36.71711907485455,50.31627428531647
          -4.489358658800679,36.71711979532016,50.318756848573685
          -4.48935874969719,36.71712044936151,50.32115516066551
          -4.489358840198266,36.71712109955842,50.32352331280708
          -4.489358931479523,36.71712174930128,50.32599633932114
          -4.489359023605087,36.71712240196763,50.3284792304039
          -4.489359119994932,36.71712312100897,50.330882251262665
          -4.489359224817151,36.71712384052899,50.33355528116226
          -4.489359318727515,36.71712449539385,50.33600825071335
          -4.489359413097437,36.717125152380106,50.33845582604408
          -4.489359523872549,36.71712587533121,50.341212660074234
          -4.489359614320188,36.71712653490364,50.34346801042557
          -4.489359707952678,36.71712719742847,50.3457373380661
          -4.48935980841443,36.71712792707576,50.34848082065582
          -4.489359903735533,36.71712859012745,50.35067856311798
          -4.489359996609216,36.71712924552454,50.35286086797714
          -4.489360088585157,36.71712990350778,50.355099976062775
          -4.489360178273988,36.717130560615054,50.357315838336945
          -4.489360267161264,36.71713121470031,50.35952100157738
          -4.489360367248956,36.71713193777778,50.36179929971695
          -4.489360466310655,36.71713266333861,50.363814532756805
          -4.489360555881927,36.717133318088884,50.36602860689163
          -4.489360645218073,36.71713397147593,50.36825367808342
          -4.489360734051912,36.717134626068784,50.37047451734543
          -4.489360819775711,36.71713528145623,50.372712433338165
          -4.489360905585009,36.717135997325634,50.37521833181381
          -4.489360988038458,36.71713665312323,50.37743926048279
          -4.48936107229808,36.71713731029394,50.379668056964874
          -4.48936116294878,36.71713802740155,50.382366359233856
          -4.489361261711233,36.71713874811533,50.38491505384445
          -4.489361363797472,36.71713947165087,50.38729798793793
          -4.489361446860103,36.71714012819954,50.38951247930527
          -4.489361526855445,36.71714084813145,50.391669034957886
          -4.489361605856857,36.71714157346017,50.39401715993881
          -4.489361687872122,36.717142225818975,50.39623177051544
          -4.489361779730499,36.7171429418377,50.39884102344513
          -4.489361859458656,36.71714359704684,50.40097266435623
          -4.489361936846267,36.7171442546834,50.40298321843147
          -4.489362036624024,36.71714497494741,50.405509769916534
          -4.489362123502064,36.71714570088786,50.40785625576973
          -4.489362193932165,36.71714642803412,50.410293221473694
          -4.489362263047713,36.717147159361616,50.41208726167679
          -4.489362338212341,36.71714781661988,50.41415399312973
          -4.489362425603377,36.71714853000378,50.41635352373123
          -4.489362494879236,36.717149192305335,50.418219208717346
          -4.489362567639194,36.71714984833476,50.420187056064606
          -4.489362639522784,36.717150502762706,50.422159075737
          -4.489362711235375,36.717151160302606,50.42413949966431
          -4.489362789894789,36.71715187803641,50.426639795303345
          -4.489362864631921,36.71715260160541,50.42906892299652
          -4.489362934025341,36.71715325578062,50.43108093738556
          -4.489363003931758,36.71715391185236,50.433134377002716
          -4.489363072363311,36.71715456918344,50.43514761328697
          -4.489363149847109,36.71715529197498,50.437367618083954
          -4.489363219507715,36.71715594979439,50.43942514061928
          -4.489363287565208,36.71715660791042,50.44145107269287
          -4.4893633552593295,36.71715726698382,50.44348794221878
          -4.489363433555371,36.71715799582688,50.44542199373245
          -4.489363501110556,36.71715865431344,50.44745475053787
          -4.4893635631937805,36.71715937946733,50.44956889748573
          -4.4893636275854885,36.71716003870993,50.4516144990921
          -4.489363694830738,36.71716075794617,50.45416080951691
          -4.489363773148154,36.71716148400603,50.45657283067703
          -4.489363853795429,36.717162212687384,50.458779752254486
          -4.489363917556579,36.71716287044039,50.46079957485199
          -4.489363981916225,36.71716352789998,50.46283268928528
          -4.489364044127699,36.717164254595936,50.464826822280884
          -4.48936410548418,36.71716491187133,50.46685990691185
          -4.489364168048339,36.717165569330916,50.4689177274704
          -4.48936422931932,36.717166225379096,50.47093889117241
          -4.489364286721455,36.71716695078143,50.473015397787094
          -4.489364349082553,36.71716760894994,50.47501942515373
          -4.489364412149021,36.71716826504095,50.47714141011238
          -4.489364472052012,36.71716892513489,50.47917661070824
          -4.489364544095913,36.71716964368149,50.481578320264816
          -4.48936460492871,36.71717030123317,50.48361134529114
          -4.489364664885139,36.71717096034404,50.485611617565155
          -4.489364745575163,36.71717168382952,50.48805779218674
          -4.489364804195664,36.717172341179875,50.49008518457413
          -4.489364862623791,36.71717299710597,50.492112934589386
          -4.489364920699233,36.71717365208327,50.494131088256836
          -4.489364978229617,36.71717430816571,50.49614644050598
          -4.489365034370637,36.7171749648864,50.49815985560417
          -4.48936509004141,36.71717568740166,50.50045055150986
          -4.489365146738176,36.717176415121365,50.50252443552017
          -4.489365203263942,36.71717707497329,50.5045605301857
          -4.489365260067581,36.717177804903294,50.506444215774536
          -4.489365316646785,36.717178465346336,50.50847387313843
          -4.4893653733756125,36.71717912479989,50.510471284389496
          -4.489365445088204,36.717179843147306,50.512924015522
          -4.489365498653554,36.71718050133723,50.51494079828262
          -4.489365548852368,36.71718116246135,50.51671886444092
          -4.4893656021825965,36.71718189029244,50.51896387338638
          -4.489365644494094,36.717182558668526,50.5207759141922
          -4.48936569501353,36.71718329224379,50.52273100614548
          -4.489365743684043,36.71718396732356,50.524111568927765
          -4.489365791403374,36.71718464219344,50.52540701627731
          -4.489365846571839,36.71718538093888,50.52680957317352
          -4.489365897711146,36.71718604544269,50.52824032306671
          -4.489365955091905,36.71718677616085,50.52965635061264
          -4.489365997360653,36.71718744292206,50.53119874000549
          -4.489366051097003,36.717188176214606,50.533229410648346
          -4.489366100697321,36.71718884474919,50.53480112552643
          -4.489366157693334,36.71718958032056,50.53650414943695
          -4.4893662063424715,36.71719024792134,50.53798180818558
          -4.489366254521363,36.71719091326471,50.53945767879486
          -4.489366310523446,36.717191649482885,50.5407617688179
          -4.489366356596915,36.717192314920496,50.54220509529114
          -4.489366402157389,36.717192980902105,50.54365384578705
          -4.489366439018301,36.71719371050228,50.54535096883774
          -4.489366486021576,36.71719437701076,50.54687762260437
          -4.489366533163788,36.71719504336932,50.54840016365051
          -4.489366591271293,36.71719577594652,50.55030459165573
          -4.489366639909743,36.71719644529497,50.55182361602783
          -4.489366687629075,36.7171971125188,50.553334057331085
          -4.48936675070623,36.71719784928098,50.55493867397308
          -4.489366797089635,36.71719851661618,50.556346356868744
          -4.48936684583496,36.717199181878165,50.55774563550949
          -4.489366880141579,36.71719991369719,50.55894708633423
          -4.489366924985995,36.71720057977304,50.56030684709549
          -4.489366976659673,36.71720131191761,50.56211429834366
          -4.489367023801885,36.71720197680693,50.56352597475052
          -4.489367071350218,36.71720264103231,50.564958572387695
          -4.489367132610512,36.71720337221309,50.56668841838837
          -4.489367180703903,36.7172040381176,50.568090319633484
          -4.489367230261472,36.71720476894285,50.56957745552063
          -4.489367273663086,36.717205435442764,50.570962369441986
          -4.489367316305893,36.7172061032106,50.57233566045761
          -4.489367352194251,36.71720683914179,50.57359904050827
          -4.48936739499737,36.71720750356849,50.57499760389328
          -4.48936743829211,36.71720817037253,50.57639878988266
          -4.489367494892688,36.71720890167754,50.57824045419693
          -4.489367538785924,36.71720956609995,50.579678654670715
          -4.489367597032365,36.717210296689615,50.58153945207596
          -4.4893676381361844,36.71721096025533,50.58297073841095
          -4.489367678748382,36.71721162459208,50.58441734313965
          -4.4893677182384,36.7172123563854,50.585945546627045
          -4.489367759128471,36.717213020122465,50.58737552165985
          -4.48936779994373,36.71721368541443,50.58880925178528
          -4.489367836259584,36.71721441904966,50.59003132581711
          -4.489367878624519,36.71721508670184,50.59143507480621
          -4.489367938837445,36.71721582289003,50.593244314193726
          -4.489367981052755,36.71721649115047,50.59476858377457
          -4.489368019623655,36.71721721963693,50.59659892320633
          -4.489368057959433,36.71721788650951,50.5980606675148
          -4.489368096455521,36.71721861814006,50.59959423542023
          -4.489368133818743,36.71721928550953,50.601046562194824
          -4.489368172378955,36.71721995423258,50.60244584083557
          -4.48936821105673,36.7172206925711,50.60353446006775
          -4.489368249809316,36.71722135865551,50.60490262508392
          -4.489368290165016,36.71722202151874,50.60639011859894
          -4.489368329484035,36.717222687260474,50.607860684394836
          -4.489368369925234,36.717223418248494,50.60989850759506
          -4.489368406369338,36.71722408294506,50.611372232437134
          -4.489368441156891,36.717224748198475,50.61284410953522
          -4.489368477387247,36.71722541793243,50.61434119939804
          -4.489368516695579,36.717226156005374,50.616080582141876
          -4.489368552038878,36.717226822389634,50.617531180381775
          -4.489368587179117,36.71722749236347,50.61897540092468
          -4.489368622084232,36.71722815895334,50.62039852142334
          -4.489368656326727,36.717228824103955,50.621839344501495
          -4.489368695624371,36.7172295633677,50.6230428814888
          -4.4893687274515095,36.7172302298462,50.62445592880249
          -4.489368758295405,36.717230898432184,50.62590056657791
          -4.489368784661271,36.717231565930156,50.627280592918396
          -4.489368816413597,36.71723229800619,50.629167675971985
          -4.489368846007064,36.71723296361942,50.63066124916077
          -4.4893688753654075,36.71723362844449,50.632161259651184
          -4.489368904125256,36.71723429422049,50.63368463516235
          -4.489368942086974,36.71723502702472,50.6354820728302
          -4.489368970857509,36.717235696193256,50.636940598487854
          -4.489369000173103,36.71723636223484,50.63845670223236
          -4.489369033934665,36.717237090738436,50.64000964164734
          -4.489369062587639,36.71723775942722,50.641491174697876
          -4.489369084133478,36.71723842237611,50.64293545484543
          -4.48936909837981,36.71723915428081,50.644278168678284
          -4.4893691231105,36.71723981882317,50.64573496580124
          -4.4893691467083245,36.71724048737488,50.64718401432037
          -4.489369183782986,36.7172412233489,50.64917171001434
          -4.489369210095415,36.71724188630636,50.650673151016235
          -4.4893692364826565,36.71724255108003,50.65218102931976
          -4.489369277468914,36.71724328439828,50.65403872728348
          -4.489369301419423,36.71724394971166,50.655546844005585
          -4.489369323136261,36.71724461683269,50.657050371170044
          -4.489369338985705,36.71724535391185,50.65854561328888
          -4.489369362284282,36.71724602505937,50.66006600856781
          -4.4893693850057375,36.717246689524615,50.661539793014526
          -4.489369404574404,36.71724742344256,50.66286897659302
          -4.489369430437962,36.71724809012667,50.66441410779953
          -4.489369454260221,36.7172487573762,50.66591650247574
          -4.4893694956953505,36.71724949430115,50.66784930229187
          -4.489369519635172,36.71725016257872,50.66939491033554
          -4.489369539813022,36.717250829836814,50.6709423661232
          -4.489369557532766,36.7172515597454,50.672672390937805
          -4.489369580083222,36.71725222615536,50.67417252063751
          -4.4893695995022656,36.717252892651,50.675656616687775
          -4.489369617222009,36.71725362553233,50.677081525325775
          -4.489369637634981,36.717254290023284,50.678544759750366
          -4.489369663316852,36.717255026399954,50.67995899915695
          -4.489369687278049,36.71725569487456,50.68147373199463
          -4.489369709924693,36.71725636298936,50.68297356367111
          -4.489369732956084,36.71725709966587,50.68504601716995
          -4.489369752236191,36.71725776966541,50.68657374382019
          -4.489369770639928,36.717258434970226,50.688084840774536
          -4.489369790229969,36.71725910359048,50.68960762023926
          -4.489369807661152,36.71725983519533,50.691228568553925
          -4.4893698261183275,36.71726050285607,50.69270181655884
          -4.489369844703751,36.71726116796385,50.694204568862915
          -4.489369862402119,36.717261902832725,50.69539922475815
          -4.489369877332446,36.71726256943973,50.696889877319336
          -4.489369890082538,36.71726323668926,50.69841480255127
          -4.489369905215926,36.717263903887385,50.69984328746796
          -4.489369918019456,36.7172646293754,50.7020845413208
          -4.489369932351287,36.717265292744074,50.70382916927338
          -4.489369947420549,36.71726602271263,50.70597493648529
          -4.489369961966128,36.71726668631261,50.70769190788269
          -4.489369976778893,36.71726735186588,50.70941162109375
          -4.489369997330803,36.717268082125706,50.7111474275589
          -4.489370010048833,36.717268747978814,50.71283423900604
          -4.489370018267459,36.71726948296763,50.71433663368225
          -4.489370027437266,36.71727014908631,50.71607148647308
          -4.489370036895633,36.717270813602966,50.71776604652405
          -4.489370051569461,36.717271540324624,50.72002100944519
          -4.489370063272187,36.71727220133738,50.721755027770996
          -4.489370075284847,36.717272866025375,50.72352087497711
          -4.489370093603085,36.71727359575405,50.72560125589371
          -4.489370106310428,36.71727426179563,50.727352023124695
          -4.4893701187292105,36.71727492897662,50.729103684425354
          -4.4893701376245705,36.71727566341715,50.730924010276794
          -4.489370144443145,36.717276325560746,50.73261630535126
          -4.4893701553443135,36.71727699287881,50.7343327999115
          -4.48937015005404,36.71727772257322,50.73589503765106
          -4.489370158582601,36.71727838927446,50.737584590911865
          -4.489370167014976,36.71727905487056,50.73928987979889
          -4.489370182009427,36.71727978532743,50.74150764942169
          -4.489370191168547,36.71728044842196,50.74320590496063
          -4.489370199365798,36.71728111026571,50.7448935508728
          -4.4893702209116375,36.717281841099535,50.74694311618805
          -4.489370231620433,36.717282510131,50.74862837791443
          -4.489370234677035,36.71728324131606,50.750426054000854
          -4.489370241292548,36.71728390672369,50.75208634138107
          -4.489370247309566,36.7172845744187,50.753761768341064
          -4.489370243601031,36.71728530991297,50.75527834892273
          -4.489370248880617,36.717285975963115,50.75690966844559
          -4.489370263746818,36.717286712622496,50.75890225172043
          -4.489370271473823,36.71728738066019,50.76057779788971
          -4.489370278666457,36.71728804439725,50.76225686073303
          -4.489370294131155,36.717288774442906,50.76435971260071
          -4.489370298919119,36.71728943823136,50.766014099121094
          -4.48937029614039,36.71729017036737,50.767815351486206
          -4.489370300468795,36.7172908360577,50.76949042081833
          -4.489370298363373,36.71729156684012,50.771025478839874
          -4.489370303771208,36.717292232530454,50.77264195680618
          -4.489370307939302,36.717292895633555,50.774258971214294
          -4.489370323414686,36.717293631436235,50.77612113952637
          -4.489370330414947,36.717294297949,50.777807891368866
          -4.48937033574797,36.71729496715181,50.779501080513
          -4.489370335769345,36.717295696580635,50.781645715236664
          -4.489370337842704,36.71729636189402,50.78331756591797
          -4.4893703367419,36.717297091665536,50.78519386053085
          -4.489370339039695,36.71729775634496,50.78685903549194
          -4.489370340567996,36.71729842578765,50.78850245475769
          -4.489370341251991,36.71729915891742,50.78994977474213
          -4.4893703437742225,36.71729982495044,50.79154634475708
          -4.489370345249086,36.717300490349494,50.79314613342285
          -4.4893703464995145,36.71730122267397,50.79506731033325
          -4.489370340771058,36.717301888552775,50.796711564064026
          -4.489370334657853,36.717302555202615,50.79834759235382
          -4.489370323104751,36.717303286516184,50.8004150390625
          -4.489370318562598,36.717303948334234,50.802219927310944
          -4.489370313689134,36.71730461385323,50.804046630859375
          -4.489370314405191,36.717305339992336,50.806036829948425
          -4.489370310493595,36.717306004740294,50.80781698226929
          -4.489370304433828,36.71730666912845,50.80961453914642
          -4.489370299581739,36.71730733344806,50.81137579679489
          -4.4893702861262765,36.71730806234574,50.81303358078003
          -4.489370273151748,36.71730872282733,50.81483429670334
          -4.489370249917297,36.71730945830447,50.81674700975418
          -4.489370241431485,36.71731011887174,50.818571746349335
          -4.489370229237138,36.71731077825676,50.82037377357483
          -4.489370222333064,36.71731150490988,50.822593092918396
          -4.489370211410521,36.71731216739616,50.824421405792236
          -4.489370200744475,36.7173128291114,50.82625204324722
          -4.489370202550649,36.71731355756359,50.82839107513428
          -4.489370191660168,36.71731422277418,50.8302081823349
          -4.489370176697779,36.71731488723086,50.832030177116394
          -4.4893701487394875,36.71731561679677,50.83393204212189
          -4.489370133627475,36.71731628438898,50.83580017089844
          -4.4893701113976405,36.71731702048293,50.837475419044495
          -4.489370096563501,36.71731768766393,50.83929806947708
          -4.489370081472863,36.717318348008455,50.84107029438019
          -4.489370071373251,36.717319083742595,50.84302079677582
          -4.489370057725416,36.717319746708625,50.84481090307236
          -4.489370041159914,36.71732047181968,50.84709149599075
          -4.489370022339366,36.71732113245549,50.84887593984604
          -4.489370004395187,36.71732179435921,50.85068076848984
          -4.489369979835495,36.717322521577756,50.85285675525665
          -4.489369960320266,36.71732318483506,50.85464382171631
          -4.489369940185165,36.71732384888053,50.856492042541504
          -4.489369918115642,36.71732457781248,50.85830199718475
          -4.489369893588012,36.71732523293113,50.86016654968262
          -4.489369866174779,36.717325891476584,50.862012684345245
          -4.489369837115683,36.71732654464196,50.8639270067215
          -4.489369798908156,36.71732725452089,50.86586809158325
          -4.48936976632221,36.71732789442455,50.867756485939026
          -4.489369731630844,36.717328540273705,50.86964702606201
          -4.489369693850812,36.71732918560885,50.871461510658264
          -4.489369644282557,36.717329893979986,50.87361294031143
          -4.489369624371893,36.7173305455519,50.87567436695099
          -4.489369583556634,36.71733145082702,50.8795924782753
          -4.489369992767274,36.71733259481308,50.883482456207275
          -4.4893706187188,36.71733353613814,50.88759809732437
          -4.489371448436684,36.71733422561047,50.89059990644455
          -4.489372397907113,36.71733485792377,50.89387285709381
          -4.489373300908638,36.7173353422164,50.89564287662506
          -4.489374038981891,36.717335670898,50.89744544029236
          -4.489374854239696,36.71733602680554,50.89922082424164
          -4.489375596053546,36.717336344778396,50.9012633562088
          -4.489376343595854,36.71733666706901,50.902917981147766
          -4.489377155305434,36.717337015386185,50.90500819683075
          -4.489377895270361,36.717337334575554,50.90662628412247
          -4.489378694518408,36.717337687536045,50.90821826457977
          -4.489379431512233,36.717338006040045,50.90964478254318
          -4.489380173208522,36.71733832632599,50.91114664077759
          -4.48938098389211,36.71733867645937,50.91280686855316
          -4.489381719122509,36.71733899633409,50.91409510374069
          -4.489382454042974,36.717339311531234,50.915586829185486
          -4.489383267056419,36.7173396527892,50.9173943400383
          -4.489384008025963,36.7173399667527,50.918950617313385
          -4.4893847494871295,36.71734028230965,50.920467257499695
          -4.489385555340003,36.71734062564083,50.92205572128296
          -4.489386294738496,36.717340942534236,50.92356741428375
          -4.489387104086157,36.717341295083514,50.925111532211304
          -4.489387844350332,36.7173416105034,50.92657804489136
          -4.489388658582143,36.71734195583925,50.92816936969757
          -4.4893893985577575,36.7173422685691,50.92970514297485
          -4.48939013742188,36.71734258009956,50.931212425231934
          -4.489390877899803,36.71734289101321,50.93272149562836
          -4.489391695081342,36.71734322666835,50.93445146083832
          -4.489392432780536,36.71734353804461,50.93591868877411
          -4.489393171837032,36.71734384916386,50.93735557794571
          -4.4893939127531395,36.717344160899934,50.9387983083725
          -4.48939465303869,36.717344472396135,50.940224051475525
          -4.489395393548675,36.71734478272722,50.94162034988403
          -4.489396206904117,36.71734513908024,50.94296324253082
          -4.489396946975918,36.71734544761225,50.944462060928345
          -4.489397690200509,36.71734576244958,50.94577270746231
          -4.48939850745686,36.71734610516394,50.947078347206116
          -4.489399259210011,36.71734642049815,50.94804298877716
          -4.4894000114547845,36.71734673240557,50.9489688873291
          -4.489400847211061,36.717347070082525,50.94992661476135
          -4.489401599947455,36.71734738767843,50.95079416036606
          -4.489402347895885,36.717347699003284,50.951944231987
          -4.489403096752746,36.71734802088269,50.95240330696106
          -4.489403915836646,36.71734837786967,50.95294600725174
          -4.489404659574232,36.717348687087046,50.953829884529114
          -4.489405405256929,36.717348996235884,50.95469510555267
          -4.489406228006614,36.717349334666736,50.95576012134552
          -4.4894069795246425,36.717349644655144,50.95660841464996
          -4.489407730422801,36.71734995406099,50.95743656158447
          -4.489408483405006,36.71735026303849,50.95823872089386
          -4.489409234730661,36.71735057234154,50.95902442932129
          -4.489410053333627,36.71735092005902,50.95957589149475
          -4.489410800341564,36.71735123066425,50.960411071777344
          -4.489411545190642,36.71735153976169,50.9611930847168
          -4.489412364274542,36.71735188290439,50.96196848154068
          -4.489413111897006,36.7173521904255,50.96280229091644
          -4.48941385829576,36.717352497552525,50.96364861726761
          -4.489414609423697,36.717352803154625,50.96452498435974
          -4.489415446585369,36.71735313769606,50.965479135513306
          -4.489416197376653,36.71735344595393,50.96622610092163
          -4.489416946468637,36.717353752755415,50.966941475868225
          -4.489417767267868,36.71735410282025,50.96736025810242
          -4.489418515483483,36.71735440931332,50.96818846464157
          -4.489419266728983,36.71735471477835,50.96902495622635
          -4.4894200154629385,36.7173550198493,50.96983253955841
          -4.48942076419155,36.71735532416635,50.97066855430603
          -4.489421595063675,36.71735565719999,50.97177201509476
          -4.489422349419213,36.717355962356606,50.9725626707077
          -4.489423101076178,36.71735626574842,50.97333300113678
          -4.4894238554424035,36.71735657052809,50.97408950328827
          -4.489424610332313,36.7173568756333,50.97481179237366
          -4.489425440269289,36.71735721379001,50.97516322135925
          -4.489426188084126,36.71735752148246,50.97588610649109
          -4.489426938496007,36.71735782531976,50.97677528858185
          -4.489427689586538,36.717358128334624,50.97759246826172
          -4.48942843897777,36.717358430938276,50.978393852710724
          -4.48942926274276,36.71735876148748,50.97950565814972
          -4.489430016665458,36.71735906251481,50.98034107685089
          -4.489430772752359,36.717359365615344,50.981117248535156
          -4.489431527749143,36.71735966816759,50.981876730918884
          -4.489432365616184,36.717359999590634,50.982431292533875
          -4.489433118721294,36.71736030318806,50.98305469751358
          -4.4894338697263265,36.717360607744986,50.983662724494934
          -4.489434626951438,36.71736091062278,50.984401404857635
          -4.489435375909829,36.71736121458001,50.985254764556885
          -4.489436194261641,36.71736154334729,50.98641002178192
          -4.489436947169033,36.71736184403193,50.987248599529266
          -4.489437699926802,36.71736214497358,50.98802661895752
          -4.489438536997632,36.71736247398073,50.98888349533081
          -4.489439294035712,36.717362774596836,50.989586770534515
          -4.489440048172159,36.717363074973065,50.990283370018005
          -4.489440802677321,36.717363375366425,50.9909565448761
          -4.489441558871096,36.717363677044844,50.991586804389954
          -4.489442380423791,36.71736401333394,50.99243426322937
          -4.48944313276475,36.71736431285347,50.9932256937027
          -4.489443882391106,36.71736461014558,50.994040966033936
          -4.489444636789393,36.71736491136138,50.99486684799194
          -4.489445390124283,36.71736521197748,50.995710134506226
          -4.489446225292751,36.71736553969958,50.99663257598877
          -4.489446981588056,36.71736583870509,50.9973686337471
          -4.489447738524607,36.71736613786481,50.998079001903534
          -4.489448500254466,36.71736643685318,50.99876827001572
          -4.489449262032418,36.71736673501912,50.999430418014526
          -4.489450022720253,36.717367034932735,51.00006544589996
          -4.489450852651885,36.71736736323739,51.0007141828537
          -4.48945168296292,36.71736768724141,51.00194752216339
          -4.489452444270626,36.71736798282012,51.002663135528564
          -4.489453289907422,36.717368307578035,51.00326228141785
          -4.489454058466542,36.71736860514429,51.00365400314331
          -4.489454820842989,36.71736889931801,51.004019260406494
          -4.489455659789461,36.717369221163146,51.00424337387085
          -4.489456416354623,36.71736951588515,51.004804611206055
          -4.489457177050474,36.71736980754017,51.00540220737457
          -4.4894580044091095,36.71737012715789,51.00625252723694
          -4.489458766940524,36.717370421006066,51.0067822933197
          -4.489459529506673,36.7173707147857,51.00729060173035
          -4.48946037651146,36.71737103683645,51.00757575035095
          -4.489461139171124,36.71737133025627,51.007877230644226
          -4.489461903631618,36.71737162552657,51.00812911987305
          -4.48946273363539,36.717371952306294,51.00859475135803
          -4.489463494665222,36.717372244749484,51.00907516479492
          -4.489464255029763,36.71737253880326,51.00956726074219
          -4.489465017539803,36.717372833045516,51.01003324985504
          -4.489465778452074,36.71737312682516,51.01045739650726
          -4.489466624152995,36.71737344724817,51.010892391204834
          -4.489467466722502,36.71737377414784,51.01088047027588
          -4.4894682983427465,36.71737410007087,51.01144003868103
          -4.489469130435909,36.71737441869481,51.01213788986206
          -4.489469978827388,36.71737473817546,51.01249563694
          -4.4894707418023305,36.717375031372534,51.012823939323425
          -4.489471570082756,36.71737536253857,51.013051986694336
          -4.489472399338409,36.71737568441797,51.013558983802795
          -4.4894732417956975,36.7173760042413,51.014201402664185
          -4.489474086561469,36.71737633062695,51.01415836811066
          -4.489474852472781,36.71737664066676,51.01403486728668
          -4.489475695010225,36.71737699374718,51.013710498809814
          -4.489476528530158,36.71737732253159,51.01387071609497
          -4.489477365047913,36.717377644256786,51.01393127441406
          -4.4894781788228375,36.71737797619385,51.01413714885712
          -4.4894789788817935,36.71737830158573,51.01423263549805
          -4.489479711614008,36.71737860266445,51.01385736465454
          -4.489480448525005,36.71737890237245,51.01329159736633
          -4.489481177854612,36.717379191183234,51.0131311416626
          -4.48948199802195,36.71737951667791,51.01287090778351
          -4.489482756803416,36.71737981552921,51.0126314163208
          -4.489483594942987,36.7173801377513,51.012563943862915
          -4.489484426587278,36.717380473937595,51.01245999336243
          -4.489485268125449,36.717380816172195,51.01198983192444
          -4.489486110740377,36.717381145299285,51.01178562641144
          -4.4894868818524545,36.71738143518951,51.01239585876465
          -4.489487709643931,36.71738175371065,51.01322865486145
          -4.489488528992345,36.7173820725916,51.013683915138245
          -4.489489373095496,36.7173823968869,51.014047265052795
          -4.489490138785044,36.71738268492665,51.014702677726746
          -4.489490965839088,36.71738300193999,51.01581859588623
          -4.489491767147136,36.71738331955303,51.016820311546326
          -4.489492550424838,36.71738363509285,51.017393827438354
          -4.489493340059552,36.71738395495044,51.01794469356537
          -4.489494169474847,36.71738427031893,51.018932580947876
          -4.489494920706987,36.71738456211102,51.01970815658569
          -4.4894957447324835,36.71738488544681,51.020782828330994
          -4.489496578040672,36.71738521782937,51.0215710401535
          -4.489497410719639,36.71738554724773,51.02206802368164
          -4.4894981683964605,36.717385842586566,51.02299356460571
          -4.489499000600839,36.71738616508279,51.02430844306946
          -4.4894998264366,36.717386490765946,51.02533984184265
          -4.4895006578399235,36.71738682102388,51.026057958602905
          -4.4895014920339165,36.717387147546596,51.0267288684845
          -4.48950232048317,36.71738747060825,51.028048157691956
          -4.489503074442605,36.717387767557675,51.02891647815704
          -4.48950390181794,36.71738809372058,51.02992844581604
          -4.4895047368244265,36.717388425640515,51.03048813343048
          -4.489505492841859,36.717388722161594,51.03117096424103
          -4.489506251645034,36.71738901926523,51.03187906742096
          -4.489507084617237,36.717389343594796,51.03315186500549
          -4.489507840604611,36.717389639156366,51.03397214412689
          -4.489508598663341,36.71738993783633,51.034677624702454
          -4.4895094352372045,36.71739026273132,51.03549098968506
          -4.489510196331162,36.717390560229035,51.03615605831146
          -4.489510955572188,36.717390857281266,51.03679072856903
          -4.48951171733344,36.71739115543008,51.03739523887634
          -4.4895124815200695,36.71739145428138,51.03795349597931
          -4.489513238522081,36.71739174996289,51.03850185871124
          -4.489513994862808,36.717392046929454,51.03903102874756
          -4.489514819810093,36.717392376502026,51.03973054885864
          -4.489515645733943,36.7173926983643,51.04072117805481
          -4.489516407904658,36.71739301090567,51.040902733802795
          -4.489517176435723,36.717393335183836,51.04069006443024
          -4.489517938138864,36.71739365725171,51.04046058654785
          -4.489518664745851,36.71739396619495,51.04012310504913
          -4.489519448726918,36.717394293882776,51.03992938995361
          -4.489520247059856,36.717394626745076,51.039528489112854
          -4.489521042919992,36.71739495672887,51.03884446620941
          -4.489521837893071,36.71739528373134,51.03798842430115
          -4.489522563329786,36.71739557285053,51.03748619556427
          -4.489523360408288,36.71739589702589,51.03693890571594
          -4.4895241827571954,36.717396220001866,51.03658902645111
          -4.489525031870075,36.71739654707288,51.036136627197266
          -4.4895258652484,36.717396895681325,51.035348653793335
          -4.489526624907571,36.7173972047959,51.03472375869751
          -4.4895274588443135,36.71739754240432,51.03407537937164
          -4.4895282244323305,36.71739784807496,51.03352999687195
          -4.489528992545251,36.717398150541534,51.03321695327759
          -4.4895297636159155,36.71739845730875,51.032771587371826
          -4.489530598640103,36.71739880057139,51.03218066692352
          -4.489531361882231,36.71739911218753,51.031556129455566
          -4.489532126815645,36.717399424249145,51.030911803245544
          -4.489532958449248,36.71739975063479,51.03072798252106
          -4.489533810412997,36.71740007486156,51.031293630599976
          -4.489534637934615,36.71740040499955,51.03150510787964
          -4.489535432317216,36.717400734160904,51.03149163722992
          -4.489536239043786,36.71740105711975,51.03160285949707
          -4.489536986196003,36.7174013526642,51.03188705444336
          -4.489537804499721,36.717401675760115,51.03260827064514
          -4.489538617336825,36.71740200284825,51.03301525115967
          -4.489539446325291,36.71740233874328,51.032947182655334
          -4.489540207379171,36.71740264588744,51.033164858818054
          -4.489540962517562,36.71740294588672,51.03354561328888
          -4.489541786531036,36.71740327557923,51.034194231033325
          -4.489542538182657,36.717403579108115,51.0346314907074
          -4.489543288201775,36.71740388297968,51.035056829452515
          -4.4895440341142505,36.71740418741667,51.03548574447632
          -4.489544784667739,36.71740449440662,51.03584587574005
          -4.48954552988019,36.71740479988878,51.03622603416443
          -4.489546358727049,36.71740513448162,51.03663909435272
          -4.489547104879992,36.717405444504294,51.03701996803284
          -4.489547851118434,36.71740575310485,51.037381410598755
          -4.489548598463025,36.71740606329886,51.03772854804993
          -4.489549342505203,36.71740637762217,51.03804636001587
          -4.489550087835215,36.717406690146404,51.038381576538086
          -4.489550832625512,36.7174070049666,51.03876447677612
          -4.489551577292905,36.71740731846748,51.03910934925079
          -4.489552322141982,36.71740763277365,51.039451122283936
          -4.489553141835065,36.71740797793817,51.039630651474
          -4.4895539681543495,36.71740831761981,51.04034638404846
          -4.489554703753465,36.717408636106676,51.040701270103455
          -4.489555438412087,36.71740895270881,51.041139006614685
          -4.489556168998803,36.71740927229226,51.041542410850525
          -4.489556902588684,36.71740959237259,51.041927337646484
          -4.489557640164972,36.71740991161336,51.042378425598145
          -4.489558459013749,36.717410260855765,51.04290819168091
          -4.489559278792332,36.7174106218007,51.04313588142395
          -4.489560012649398,36.717410947603796,51.04350197315216
          -4.489560808915655,36.71741131153004,51.04356586933136
          -4.48956154321625,36.71741163531132,51.0440217256546
          -4.4895622759885425,36.71741196354744,51.04435884952545
          -4.48956309148147,36.71741231673067,51.04499018192291
          -4.489563810157055,36.71741265252289,51.0453999042511
          -4.489564533332045,36.7174129863961,51.045849084854126
          -4.489565258874298,36.71741331566026,51.04629909992218
          -4.489566061146886,36.71741368090583,51.04706335067749
          -4.489566792775625,36.7174140157214,51.04745650291443
          -4.48956760351265,36.71741438588443,51.04784393310547
          -4.489568335365824,36.717414725925885,51.048235297203064
          -4.489569053357415,36.71741506774927,51.04884707927704
          -4.489569833106264,36.71741545141389,51.049044728279114
          -4.489570547512225,36.71741581076537,51.04910922050476
          -4.489571219697532,36.71741620740043,51.04688560962677
          -4.489571853173001,36.71741658457127,51.04477381706238
          -4.489572423459099,36.71741691585724,51.04318141937256
          -4.489572994151318,36.71741718782529,51.043429255485535
          -4.489573910057903,36.71741757716127,51.04396688938141
          -4.489575646544627,36.717417971448974,51.04127645492554
          -4.489577283878809,36.71741799607054,51.03987956047058
          -4.489577767329615,36.7174179046949,51.04049754142761
          -4.489577890218919,36.717417833777255,51.041035413742065
          -4.4895782419739865,36.717417310607566,51.04388618469238
          -4.489578515176515,36.71741675113092,51.04650807380676
          -4.489578635949709,36.71741607480037,51.04702138900757
          -4.489578690760144,36.71741517764677,51.04641509056091
          -4.489578639733056,36.717414312807904,51.04681146144867
          -4.4895786054852165,36.71741351026828,51.046266317367554
          -4.489578567603655,36.71741277802947,51.046324491500854
          -4.489578521476749,36.71741196956148,51.0455641746521
          -4.489578476878143,36.71741127505175,51.04504418373108
          -4.489578434732301,36.71741052665558,51.04458951950073
          -4.489578392287211,36.7174098361038,51.04386281967163
          -4.489578350226868,36.7174091482592,51.0431205034256
          -4.489578298879156,36.71740838278042,51.04194474220276
          -4.489578247574195,36.71740769760873,51.04138803482056
          -4.489578192859946,36.71740694993218,51.04099369049072
          -4.489578147791094,36.717406264606275,51.04033088684082
          -4.489578102080997,36.717405583855154,51.03974938392639
          -4.489578057974013,36.71740483215211,51.03872632980347
          -4.4895780120661986,36.7174041490879,51.0378874540329
          -4.489577962086477,36.71740346434456,51.037168860435486
          -4.489577901456741,36.71740271815867,51.036876797676086
          -4.489577860689575,36.717402036053954,51.03633999824524
          -4.489577820718623,36.717401354943014,51.035778522491455
          -4.4895777774559456,36.717400601834996,51.03512978553772
          -4.489577735705538,36.71739991616641,51.03440535068512
          -4.489577695536868,36.71739923257104,51.033655405044556
          -4.489577649575617,36.717398479737156,51.032790184020996
          -4.489577611640618,36.717397794479794,51.03228545188904
          -4.489577566144269,36.717397043959004,51.03195941448212
          -4.489577526189348,36.71739635791347,51.031355023384094
          -4.489577480340315,36.717395604102954,51.03034818172455
          -4.489577441325887,36.71739491720072,51.02952551841736
          -4.4895774121331975,36.71739423557576,51.028853058815
          -4.489577370409508,36.71739347883533,51.02857804298401
          -4.489577331042395,36.717392793029674,51.02802896499634
          -4.489577291189004,36.71739210784084,51.02744770050049
          -4.489577244196417,36.71739135648048,51.02675116062164
          -4.489577214950291,36.717390676500386,51.02603304386139
          -4.489577185501104,36.717389994772624,51.02539765834808
          -4.489577155298454,36.71738923810073,51.02456283569336
          -4.489577119292535,36.71738855375146,51.02399528026581
          -4.489577082543839,36.71738786762026,51.02339816093445
          -4.489577033098489,36.717387119926585,51.022969484329224
          -4.489577005498226,36.717386439089786,51.02236795425415
          -4.489576977427716,36.71738575609411,51.02174234390259
          -4.48957695408639,36.71738500240353,51.0208420753479
          -4.489576925460134,36.71738431889383,51.02009391784668
          -4.489576894242179,36.71738363036387,51.01932907104492
          -4.4895768437868675,36.71738286971688,51.01838445663452
          -4.4895768166194445,36.717382173099665,51.017175912857056
          -4.489576790280297,36.71738147567716,51.01590716838837
          -4.489576765448076,36.71738070822797,51.0144807100296
          -4.489576736640134,36.71738000348924,51.01296651363373
          -4.489576707415383,36.71737929911033,51.01132678985596
          -4.489576673220982,36.71737853520788,51.0099219083786
          -4.489576645016879,36.71737784662651,51.00865316390991
          -4.489576618725825,36.717377088858036,51.007253885269165
          -4.489576592472177,36.71737639601031,51.00574207305908
          -4.489576566063561,36.71737570283703,51.00418937206268
          -4.489576540130535,36.71737493723832,51.00237560272217
          -4.489576514667756,36.717374245332955,51.001086473464966
          -4.489576481189411,36.71737355246809,50.99979770183563
          -4.48957644539724,36.717372787280596,50.99835342168808
          -4.489576407018713,36.71737208283314,50.99683094024658
          -4.489576373278528,36.717371383097536,50.99507129192352
          -4.48957634806156,36.71737069477319,50.99315083026886
          -4.489576330240285,36.71737000972143,50.99124854803085
          -4.489576299241422,36.71736925589377,50.98986780643463
          -4.489576268285309,36.7173685585912,50.988227009773254
          -4.489576236768107,36.717367859215415,50.98646020889282
          -4.489576205956274,36.71736709330828,50.9842289686203
          -4.489576181594299,36.717366325756295,50.9822758436203
          -4.489576152139768,36.717365631743455,50.98063826560974
          -4.489576121076781,36.71736493810756,50.97895157337189
          -4.489576084082275,36.71736417403377,50.97706562280655
          -4.489576061360819,36.71736348560661,50.97518903017044
          -4.489576040696692,36.71736279481496,50.97328960895538
          -4.489576017168336,36.71736202553244,50.97135680913925
          -4.489575988280238,36.717361331828,50.96966636180878
          -4.489575954005681,36.7173605748991,50.96795046329498
          -4.489575932801839,36.71735988535823,50.966145753860474
          -4.489575922600697,36.717359124625574,50.96389544010162
          -4.489575901626634,36.717358430509925,50.962058782577515
          -4.489575866160429,36.71735766864642,50.96044135093689
          -4.489575849455991,36.717356979722375,50.95879662036896
          -4.489575839500659,36.71735629321423,50.95719486474991
          -4.489575827904808,36.71735553897536,50.95522713661194
          -4.489575813754663,36.717354845904886,50.95336413383484
          -4.489575801079383,36.71735414889359,50.95147383213043
          -4.489575787126955,36.71735338752698,50.949835538864136
          -4.489575776856344,36.717352696683925,50.94828373193741
          -4.489575767269728,36.71735200342498,50.946670055389404
          -4.489575753942515,36.71735124795246,50.94464552402496
          -4.489575741165703,36.71735054939911,50.942718267440796
          -4.4895757407488945,36.71734978169291,50.940871238708496
          -4.489575736933485,36.717349089170725,50.939308762550354
          -4.489575726427751,36.71734840016101,50.937769293785095
          -4.489575707462923,36.71734764463709,50.9360271692276
          -4.489575696315944,36.71734695172082,50.93438047170639
          -4.489575694723518,36.71734626358494,50.932655930519104
          -4.48957569966645,36.717345495741675,50.93066680431366
          -4.489575696193039,36.717344800478045,50.92900675535202
          -4.489575676715215,36.717344045622355,50.9273065328598
          -4.4895756719593125,36.71734334953629,50.92551016807556
          -4.489575682881856,36.717342581641624,50.92323189973831
          -4.489575683800974,36.71734187984995,50.92127001285553
          -4.489575675347226,36.71734118660813,50.91962385177612
          -4.489575655468623,36.71734042702345,50.91788828372955
          -4.48957565485944,36.717339733815905,50.91612607240677
          -4.48957566142686,36.71733897303185,50.91384708881378
          -4.489575664339182,36.71733827408441,50.911908864974976
          -4.489575661811608,36.71733757686751,50.910024523735046
          -4.489575642034536,36.717336812673786,50.90834277868271
          -4.489575639068777,36.717336121299574,50.90661633014679
          -4.4895756466247825,36.717335366957904,50.90447223186493
          -4.48957564842027,36.71733466946686,50.90246903896332
          -4.489575637583225,36.71733389639772,50.90038877725601
          -4.48957563074862,36.71733320163098,50.89874368906021
          -4.489575630326467,36.717332510393845,50.89707100391388
          -4.489575636370203,36.71733175725155,50.89502638578415
          -4.489575636722888,36.71733106263901,50.89306092262268
          -4.4895756337945345,36.71733036485669,50.89114451408386
          -4.489575624710227,36.71732959336388,50.88906168937683
          -4.489575625057569,36.71732889858001,50.887240409851074
          -4.489575625666752,36.71732820448149,50.885316610336304
          -4.489575627953859,36.71732744416005,50.88299286365509
          -4.4895756287661035,36.71732674065497,50.88079130649567
          -4.489575626436245,36.717325966146575,50.87848949432373
          -4.4895756249132885,36.71732527153404,50.87663018703461
          -4.489575625116349,36.71732457854924,50.8747056722641
          -4.489575627141615,36.71732381821066,50.87240207195282
          -4.489575627333989,36.71732311287224,50.87017869949341
          -4.48957563174255,36.7173223423218,50.86780160665512
          -4.4895756326189185,36.717321649576874,50.86589956283569
          -4.489575632485326,36.71732089083176,50.8638551235199
          -4.489575634553342,36.717320194968444,50.86174666881561
          -4.4895756340777515,36.71731949370792,50.85957181453705
          -4.489575641745976,36.71731872444253,50.85706436634064
          -4.489575643268933,36.717317963898346,50.85521149635315
          -4.48957564242997,36.717317268891726,50.85316753387451
          -4.4895756468385315,36.71731649357803,50.85061597824097
          -4.489575659134409,36.717315727568106,50.848440170288086
          -4.489575658872567,36.71731496781209,50.84644675254822
          -4.489575661918481,36.71731427388491,50.844382524490356
          -4.4895756675186895,36.71731357579417,50.842281341552734
          -4.489575676282374,36.717312878320264,50.8401221036911
          -4.489575696091508,36.71731211066547,50.83802646398544
          -4.4895757035673585,36.717311414819285,50.836042046546936
          -4.48957570760186,36.71731072507281,50.834131717681885
          -4.48957571010806,36.71730997126229,50.83203160762787
          -4.489575719919112,36.717309277832,50.83003342151642
          -4.489575740823707,36.71730850930337,50.82776594161987
          -4.489575746830036,36.717307817106736,50.82598042488098
          -4.489575740316054,36.7173070594582,50.8240612745285
          -4.489575758527418,36.71730636808399,50.82199478149414
          -4.4895757870468,36.7173055971052,50.81933867931366
          -4.489575797344129,36.717304830084366,50.817166447639465
          -4.489575806043689,36.71730413279893,50.815093755722046
          -4.4895758172654805,36.71730337360833,50.81282317638397
          -4.4895758445023715,36.71730259711239,50.810148537158966
          -4.489575856947873,36.71730189936434,50.808016657829285
          -4.489575864242037,36.71730119993715,50.805877327919006
          -4.4895758719049175,36.717300443796404,50.80385899543762
          -4.489575894129408,36.71729968109334,50.801395654678345
          -4.489575910491849,36.717298980638105,50.79907810688019
          -4.489575910935377,36.71729820830573,50.7966810464859
          -4.489575930263577,36.71729745151389,50.794654071331024
          -4.48957594959712,36.71729668445879,50.79201877117157
          -4.4895759635816095,36.71729598472319,50.78968793153763
          -4.489575962096058,36.717295220340986,50.78756403923035
          -4.489575986516814,36.71729446348061,50.78547763824463
          -4.489575999315,36.71729376744596,50.78320932388306
          -4.489576012289528,36.71729298875687,50.78027266263962
          -4.489576015966001,36.71729229537798,50.7783305644989
          -4.489576035149921,36.71729153536495,50.776366233825684
          -4.489576050534462,36.717290768806734,50.77376055717468
          -4.489576064540326,36.71729006766615,50.77139461040497
          -4.489576073063545,36.717289304826004,50.76923716068268
          -4.489576092450525,36.71728854363073,50.767178535461426
          -4.4895761062319535,36.71728776979056,50.764301776885986
          -4.489576117052967,36.7172870038149,50.762107729911804
          -4.489576131737483,36.71728631125845,50.760135889053345
          -4.489576149312946,36.717285550080305,50.75784242153168
          -4.489576161437824,36.71728477349013,50.754812479019165
          -4.489576178516322,36.71728401574735,50.753007888793945
          -4.489576194980293,36.71728332074931,50.750957012176514
          -4.489576209023563,36.71728255598159,50.748410284519196
          -4.4895762222813085,36.71728178092491,50.745821952819824
          -4.489576244767641,36.71728101949832,50.74387264251709
          -4.489576260889614,36.71728032476585,50.74177944660187
          -4.489576271806815,36.71727955573177,50.73896163702011
          -4.489576302100308,36.71727878732308,50.73677897453308
          -4.489576315454239,36.717278029623145,50.73480820655823
          -4.489576330560908,36.71727733760641,50.732722997665405
          -4.48957634774628,36.71727656261826,50.729930102825165
          -4.48957637331059,36.71727580373608,50.72813308238983
          -4.489576389005067,36.71727511389536,50.726186633110046
          -4.4895763987519945,36.71727435070398,50.723918318748474
          -4.489576428110338,36.7172735807618,50.721301436424255
          -4.489576452493687,36.71727288288523,50.71929323673248
          -4.489576466403365,36.71727212240102,50.71728599071503
          -4.489576478971772,36.717271355971306,50.714795768260956
          -4.489576520551181,36.717270582833635,50.71223074197769
          -4.4895765356151,36.71726982177543,50.71020931005478
          -4.489576550721769,36.71726913007568,50.70808815956116
          -4.489576571156117,36.71726836662728,50.70582300424576
          -4.489576614520325,36.71726758901763,50.70314371585846
          -4.489576621990832,36.71726683195165,50.70097327232361
          -4.489576639721262,36.71726613824722,50.698802411556244
          -4.489576679307468,36.71726536594054,50.6961544752121
          -4.489576702985447,36.71726460000772,50.69390892982483
          -4.489576718284489,36.717263908719175,50.69184786081314
          -4.489576739579174,36.71726314622172,50.68953490257263
          -4.489576765704574,36.717262449784414,50.68729114532471
          -4.489576799637134,36.717261676432564,50.68473154306412
          -4.489576808309975,36.7172609155457,50.68262314796448
          -4.489576828348889,36.717260222852175,50.68050241470337
          -4.489576857883575,36.717259528436685,50.67832940816879
          -4.489576897304125,36.7172587525747,50.675530672073364
          -4.489576917268226,36.71725805737961,50.67347741127014
          -4.48957692440208,36.71725729687826,50.67136758565903
          -4.489576958933135,36.717256535794355,50.66900438070297
          -4.4895769855448115,36.717255836786954,50.66667675971985
          -4.489577011819835,36.71725506572249,50.664224565029144
          -4.489577026803598,36.71725437159828,50.6621698141098
          -4.489577053393901,36.71725361160238,50.65999186038971
          -4.48957708154991,36.71725291690418,50.65776193141937
          -4.489577114632819,36.7172521428584,50.65505903959274
          -4.489577120655181,36.717251381346145,50.65298157930374
          -4.489577146502707,36.717250691873815,50.65095204114914
          -4.48957718303231,36.7172499313639,50.64861869812012
          -4.489577208869148,36.71724916128464,50.646151185035706
          -4.489577225594962,36.717248468882396,50.6441987156868
          -4.489577250795899,36.71724771669961,50.642287731170654
          -4.489577276728925,36.71724702176153,50.640251874923706
          -4.489577310250018,36.717246250491456,50.63761281967163
          -4.489577316186881,36.71724548875646,50.635635018348694
          -4.489577340003797,36.71724479811045,50.63377833366394
          -4.48957737682196,36.71724403780615,50.631611764431
          -4.48957740474819,36.71724326191846,50.62895321846008
          -4.489577420180825,36.71724256597804,50.62701213359833
          -4.489577437756288,36.717241874295425,50.625151574611664
          -4.489577472581248,36.717241119431165,50.623221039772034
          -4.489577497092846,36.71724042372205,50.621201395988464
          -4.489577524415236,36.717239646575024,50.61842638254166
          -4.489577539666185,36.717238890776954,50.61663997173309
          -4.489577566101519,36.71723819858032,50.61474072933197
          -4.489577592371199,36.71723750434473,50.612823247909546
          -4.489577619394342,36.717236732929024,50.610213935375214
          -4.489577639272944,36.71723596225865,50.60803824663162
          -4.489577662972298,36.71723527249503,50.60619390010834
          -4.489577688771731,36.71723457861926,50.60430032014847
          -4.48957771753158,36.71723380986789,50.60199993848801
          -4.489577736389533,36.717233037629754,50.599420964717865
          -4.489577759949951,36.717232344345106,50.597596287727356
          -4.489577793786324,36.717231587938784,50.59575951099396
          -4.489577819468195,36.7172308119997,50.5931031703949
          -4.489577843573672,36.717230110088074,50.590760707855225
          -4.489577868432612,36.71722935411867,50.58908623456955
          -4.48957789895054,36.7172285905332,50.58704853057861
          -4.489577922612489,36.7172278916029,50.584883630275726
          -4.489577950116566,36.71722712052988,50.58233916759491
          -4.489577976760305,36.71722636161342,50.58051645755768
          -4.489578002960516,36.717225665818646,50.57859516143799
          -4.489578027258367,36.717224892175516,50.57597690820694
          -4.489578053111236,36.71722418933866,50.57361376285553
          -4.489578081593212,36.71722343061925,50.57196366786957
          -4.489578106179622,36.71722273684628,50.57007724046707
          -4.489578131946993,36.717221964848015,50.567711770534515
          -4.489578158034987,36.71722119411767,50.56524193286896
          -4.489578185507001,36.71722049819438,50.5633887052536
          -4.489578211039248,36.71721973535424,50.56146013736725
          -4.489578232932429,36.717218959098176,50.558748722076416
          -4.489578258197491,36.71721825847161,50.556509375572205
          -4.489578286567248,36.71721749953802,50.554822742938995
          -4.489578309951324,36.71721673081235,50.552675783634186
          -4.489578329119213,36.71721602660478,50.550481379032135
          -4.489578360289074,36.71721525944687,50.548085272312164
          -4.489578384100646,36.71721456156174,50.54622983932495
          -4.489578405844203,36.717213796631256,50.54423975944519
          -4.489578426364051,36.717213021763044,50.54156184196472
          -4.489578459275962,36.717212257577884,50.53957396745682
          -4.4895784796622165,36.71721156119198,50.537713289260864
          -4.489578501138587,36.717210720434956,50.53497529029846
          -4.48957853189164,36.71720995298149,50.532990515232086
          -4.489578549525883,36.717209259371295,50.53113108873367
          -4.489578568490711,36.71720856307106,50.52920746803284
          -4.489578584772996,36.717207791124196,50.52689516544342
          -4.489578619052897,36.71720702273692,50.5244859457016
          -4.4895786362489565,36.717206258624586,50.52261960506439
          -4.489578651387688,36.71720548566682,50.520339250564575
          -4.489578685704994,36.71720471556615,50.51790177822113
          -4.489578701479627,36.71720395012592,50.516010880470276
          -4.489578717660382,36.71720325102856,50.514082074165344
          -4.489578741129956,36.71720248085079,50.51151394844055
          -4.489578770237146,36.71720171179528,50.50942063331604
          -4.48957878281624,36.717200950347284,50.50749158859253
          -4.489578804292611,36.717200179261404,50.50496780872345
          -4.489578830872226,36.717199477765284,50.50293231010437
          -4.489578847480477,36.71719871402133,50.50092303752899
          -4.489578863816199,36.71719801424289,50.49901366233826
          -4.489578881658847,36.71719724544012,50.49674341082573
          -4.489578905491795,36.7171965447236,50.49461728334427
          -4.489578930324016,36.717195775393954,50.49239671230316
          -4.4895789382594256,36.71719500704952,50.490497052669525
          -4.489578960409105,36.71719431098487,50.488467156887054
          -4.489578994149291,36.71719353872532,50.48587390780449
          -4.489579007433755,36.71719277624499,50.48388397693634
          -4.48957902414888,36.71719200989238,50.481872260570526
          -4.489579052807198,36.71719124066554,50.479481756687164
          -4.48957907150484,36.71719047205124,50.477215737104416
          -4.489579086889382,36.71718977484291,50.47535413503647
          -4.489579107216855,36.717189012041324,50.473213851451874
          -4.489579139300491,36.71718823773425,50.470689207315445
          -4.489579145921348,36.717187474358674,50.46890586614609
          -4.489579168364931,36.717186712242444,50.46681261062622
          -4.489579199321044,36.71718593880921,50.464283645153046
          -4.489579213834562,36.717185242500406,50.46245214343071
          -4.489579228631295,36.717184476948816,50.4606956243515
          -4.489579256472025,36.71718371634895,50.45849168300629
          -4.489579278798046,36.71718294516883,50.456093430519104
          -4.489579295571953,36.717182248825765,50.454179883003235
          -4.489579318165159,36.71718149508806,50.452465534210205
          -4.489579342676758,36.71718073240641,50.450368762016296
          -4.489579366552455,36.7171799596157,50.44778215885162
          -4.489579390460214,36.717179270473196,50.446034014225006
          -4.489579414555004,36.71717851519772,50.444214940071106
          -4.489579441695708,36.717177743589254,50.44187915325165
          -4.489579465400406,36.71717704536359,50.439672350883484
          -4.48957949357779,36.717176286158,50.437774032354355
          -4.4895795198367825,36.71717553128732,50.43585968017578
          -4.489579546336241,36.71717475264106,50.43330854177475
          -4.489579577864132,36.71717405435328,50.431039065122604
          -4.489579607393474,36.717173299165616,50.429357796907425
          -4.489579633070002,36.717172535417376,50.427315175533295
          -4.489579663710836,36.71717175953826,50.42458498477936
          -4.489579702506172,36.71717100293061,50.42269989848137
          -4.489579729267473,36.717170311552124,50.42079311609268
          -4.4895797520958025,36.717169540140695,50.418668270111084
          -4.489579797907431,36.71716876617202,50.415934294462204
          -4.48957982314043,36.71716801358444,50.41413593292236
          -4.489579848346711,36.717167314317884,50.412194818258286
          -4.489579875818725,36.71716653661614,50.40978330373764
          -4.48957992259222,36.71716576864865,50.407109677791595
          -4.489579944971679,36.71716500711712,50.40517622232437
          -4.489579974105587,36.71716423054622,50.40277361869812
          -4.489580007172465,36.71716352938207,50.40037816762924
          -4.4895800481854415,36.71716276526545,50.39806407690048
          -4.489580067070113,36.71716200127091,50.396056175231934
          -4.489580103626435,36.71716123262448,50.393391132354736
          -4.489580145815027,36.71716046657814,50.390996128320694
          -4.489580170123564,36.71715977661106,50.38899475336075
          -4.489580188345617,36.71715900111211,50.386871963739395
          -4.489580240131512,36.71715823278694,50.38405650854111
          -4.48958026624088,36.71715747856735,50.381964802742004
          -4.489580291447161,36.71715677892278,50.38002407550812
          -4.489580313399123,36.717156078866985,50.37803053855896
          -4.489580351521151,36.717155311193984,50.37551307678223
          -4.489580385801053,36.717154612057,50.37331694364548
          -4.4895804146464,36.71715391467304,50.37114831805229
          -4.489580428924794,36.71715314706108,50.36941194534302
          -4.489580465529208,36.71715237874449,50.367181062698364
          -4.4895805035390195,36.717151611148594,50.36447647213936
          -4.489580525715416,36.71715091880846,50.362626135349274
          -4.489580540672462,36.71715014563116,50.360854506492615
          -4.489580583491612,36.717149383137986,50.358335733413696
          -4.489580615756934,36.717148617528025,50.35593557357788
          -4.48958063592944,36.71714784807523,50.35420635342598
          -4.489580662995332,36.71714714843226,50.35220259428024
          -4.4895807063274775,36.71714637982867,50.3495015501976
          -4.489580727440477,36.71714561601564,50.34746912121773
          -4.489580754843023,36.71714485045548,50.345610201358795
          -4.489580786151821,36.717144154686935,50.34354209899902
          -4.489580828500724,36.71714338388564,50.34068924188614
          -4.489580848593074,36.71714262169178,50.339015662670135
          -4.489580880639305,36.71714186012732,50.336970150470734
          -4.489580920107948,36.717141088664356,50.3342419564724
          -4.489580946393659,36.71714038993712,50.33216655254364
          -4.489580978461263,36.71713962942908,50.330461621284485
          -4.489581010983084,36.71713886305585,50.3282513320446
          -4.489581043061376,36.71713816292403,50.32604280114174
          -4.489581080387192,36.717137394348015,50.32364094257355
          -4.489581114111347,36.717136635830734,50.321832448244095
          -4.489581146750729,36.71713593741445,50.31981581449509
          -4.489581180731382,36.71713516455252,50.317161560058594
          -4.489581229530144,36.71713440717224,50.31501492857933
          -4.489581265349034,36.717133716152496,50.31313621997833
          -4.489581293189763,36.71713294861978,50.3109969496727
          -4.489581338189147,36.7171321809093,50.30841568112373
          -4.489581381232733,36.717131484436656,50.30625864863396
          -4.489581415753101,36.71713072949636,50.30442440509796
          -4.48958144821614,36.71712996151602,50.30226019024849
          -4.489581503593009,36.717129196427045,50.29964396357536
          -4.4895815453594485,36.717128502645515,50.29761517047882
          -4.4895815764277796,36.71712774139883,50.29568299651146
          -4.489581611397019,36.71712704283156,50.293754547834396
          -4.489581664251657,36.7171262769148,50.29139196872711
          -4.4895817170314825,36.71712551698851,50.288893818855286
          -4.489581748559372,36.71712474960679,50.287010848522186
          -4.489581793141947,36.717124057869555,50.2850615978241
          -4.4895818484493475,36.71712329481631,50.282668352127075
          -4.489581895815994,36.71712259796779,50.28043621778488
          -4.489581933665494,36.717121827929226,50.27825525403023
          -4.489581988283556,36.717121065890105,50.27632254362106
          -4.4895820453864435,36.71712029793546,50.27376875281334
          -4.489582087676566,36.71711953058266,50.27169191837311
          -4.489582138500594,36.71711877093801,50.27006256580353
          -4.489582183024387,36.717118079383894,50.26821458339691
          -4.489582234698065,36.71711731377876,50.26564198732376
          -4.489582286430523,36.71711655372717,50.264007329940796
          -4.489582325557169,36.71711578572756,50.262198746204376
          -4.4895823633532315,36.71711501306107,50.25970244407654
          -4.489582408058711,36.71711431903966,50.2572802901268
          -4.489582458695709,36.717113552524275,50.25522178411484
          -4.489582506131825,36.717112788236314,50.252799302339554
          -4.489582554764931,36.7171120118239,50.249706760048866
          -4.489582602190359,36.71711131300711,50.24731311202049
          -4.489582645330132,36.71711054791385,50.24522855877876
          -4.489582689185961,36.71710978245649,50.24263086915016
          -4.489582732443296,36.71710908281298,50.24019934237003
          -4.489582803562734,36.71710832467827,50.237412199378014
          -4.489582848049122,36.717107562146545,50.23520527780056
          -4.489582899231178,36.71710679219794,50.23263970017433
          -4.4895829771050675,36.717106029130775,50.22960498929024
          -4.489583025433582,36.71710534023885,50.22740609943867
          -4.4895830687122915,36.717104571191925,50.225175976753235
          -4.489583138773676,36.71710381098614,50.222669169306755
          -4.489583210603828,36.71710304554163,50.21959060430527
          -4.489583266242539,36.717102285554304,50.21740956604481
          -4.489583326989837,36.71710158945967,50.21524441242218
          -4.489583394737394,36.717100826679506,50.21266297996044
          -4.489583469624149,36.71709999190225,50.20962829887867
          -4.489583540043562,36.7170992969299,50.207299038767815
          -4.48958360764684,36.717098526606485,50.20464877784252
          -4.489583686065787,36.717097755811885,50.20132119953632
          -4.489583760968573,36.717097061799045,50.19897863268852
          -4.48958383153761,36.71709636415379,50.19668346643448
          -4.48958389718509,36.71709559682026,50.19421936571598
          -4.489583980167566,36.71709483059615,50.191262766718864
          -4.4895840717534155,36.717094069636474,50.1883931607008
          -4.489584139645253,36.717093373477596,50.186026498675346
          -4.489584211475406,36.71709261460826,50.183608055114746
          -4.48958430724538,36.71709185271049,50.18076376616955
          -4.489584388982771,36.71709108555258,50.17788106203079
          -4.489584458910564,36.71709039381856,50.175546765327454
          -4.489584555786686,36.7170896342296,50.17313966155052
          -4.48958464805653,36.71708887337701,50.17026644945145
          -4.4895847293557365,36.71708817731236,50.1675383746624
          -4.489584822576761,36.71708748128199,50.1649335026741
          -4.489584921649149,36.7170867260108,50.16287216544151
          -4.48958500765082,36.71708596564224,50.16025936603546
          -4.489585120558074,36.71708520821216,50.157362788915634
          -4.489585218684624,36.71708451905681,50.1548053920269
          -4.489585333638518,36.717083744449894,50.15152582526207
          -4.489585436109505,36.71708295281178,50.14716395735741
          -4.489585546259403,36.7170822363491,50.142950624227524
          -4.489585669907513,36.71708143710777,50.13809755444527
          -4.489585793849528,36.71708063859035,50.13337814807892
          -4.489585916354084,36.717079855969004,50.129009395837784
          -4.489586048926191,36.7170790697795,50.12394326925278
          -4.48958617303386,36.71707836548626,50.11949095129967
          -4.489586308112167,36.71707759964338,50.115223318338394
          -4.489586451398412,36.71707688303507,50.11287274956703
          -4.48958661371361,36.717076142173575,50.109409630298615
          -4.489586796035659,36.717075477309955,50.10456496477127
          -4.48958698004632,36.71707479348328,50.099613696336746
          -4.489587167215113,36.71707411486962,50.09468510746956
          -4.48958732219874,36.717073411788604,50.08915174007416
          -4.4895874334440995,36.71707280745514,50.08556321263313
          -4.489587431226459,36.717072790282586,50.085320085287094
          -4.48958742007948,36.717072843573625,50.08571118116379
          -4.489587423889545,36.7170728520164,50.08579322695732
          -4.489587422794084,36.71707285752498,50.08579012751579
          -4.48958741606101,36.7170728584288,50.08583611249924
          -4.489587415804512,36.717072863461915,50.08585408329964
          -4.4895874139609315,36.71707287162627,50.08586251735687
          -4.489587415954135,36.71707287965355,50.08585828542709
          -4.4895874165366,36.71707289582377,50.08590939640999
          -4.489587419651983,36.71707294333208,50.08596709370613
          -4.48958741616254,36.71707299146578,50.08599296212196
          -4.489587399105417,36.71707303605702,50.08658680319786
          -4.4895873844209016,36.71707308542009,50.08703076839447
          -4.489587374887723,36.71707312872201,50.08745393157005
          -4.489587351343335,36.71707319017311,50.08792918920517
          -4.489587337396252,36.717073260709526,50.08806458115578
          -4.4895873377703115,36.717073294099414,50.08800035715103
          -4.489587340725383,36.71707331433039,50.087977796792984
          -4.48958734044751,36.71707331883663,50.08799859881401
          -4.489587337668781,36.71707331525991,50.08793804049492
          -4.48958733160367,36.717073315486935,50.087919890880585
          -4.489587324272099,36.71707331107921,50.087892174720764
          -4.489587322022397,36.71707331237711,50.087908178567886
          -4.489587319104732,36.71707331530274,50.08799982070923
          -4.4895873182657695,36.7170733327366,50.08821573853493
          -4.489587313782397,36.71707333708435,50.08833593130112
          -4.489587306493576,36.71707336182157,50.088577568531036
          -4.489587295458814,36.71707337160937,50.0887525677681
          -4.489587289457828,36.71707338555216,50.088853776454926
          -4.489587286219539,36.71707339133061,50.088941276073456
          -4.489587285530201,36.717073396680696,50.08902245759964
          -4.489587283494247,36.717073396063874,50.08902060985565
          -4.489587282062133,36.71707340512776,50.08910784125328
          -4.489587277108513,36.71707340021459,50.08910545706749
          -4.4895872757993045,36.717073407428,50.08911380171776
          -4.489587276953546,36.717073403238736,50.089118868112564
          -4.489587274821405,36.71707340567177,50.08915796875954
        </coordinates>
      </LineString>
    </Placemark>
  </Document>
</kml>