<?xml version="1.0" encoding="UTF-8"?>
<kml xmlns="http://www.opengis.net/kml/2.2">
  <Document>
    <name>Trayectoria Cuadriga</name>
    <Placemark>
      <name>Trayectoria Cuadriga</name>
      <Style>
        <LineStyle>
          <color>ff0000ff</color>
          <width>3</width>
        </LineStyle>
      </Style>
      <LineString>
        <tessellate>1</tessellate>
        <coordinates>
          -4.489515049,36.717160496,100.388
          -4.489515052,36.717160495,100.3882
          -4.489515052,36.717160494,100.3883
          -4.489515052,36.717160494,100.3883
          -4.489515055,36.717160492,100.3883
          -4.489515057,36.717160491,100.3881
          -4.489515061,36.71716049,100.388
          -4.489515062,36.717160489,100.388
          -4.489515063,36.71716049,100.3881
          -4.489515064,36.717160489,100.3881
          -4.489515065,36.717160489,100.3881
          -4.489515066,36.717160489,100.3882
          -4.489515067,36.717160488,100.3882
          -4.489515065,36.717160488,100.388
          -4.489515066,36.717160488,100.3881
          -4.489515066,36.717160489,100.388
          -4.489515066,36.717160489,100.3881
          -4.489515061,36.717160489,100.388
          -4.489515059,36.717160489,100.3879
          -4.489515059,36.717160489,100.388
          -4.48951506,36.717160489,100.388
          -4.489515058,36.717160488,100.3878
          -4.48951506,36.717160488,100.3878
          -4.489515062,36.71716049,100.3878
          -4.489515063,36.71716049,100.3877
          -4.489515066,36.717160488,100.3877
          -4.489515067,36.717160487,100.3877
          -4.489515066,36.717160488,100.3878
          -4.489515067,36.717160487,100.3877
          -4.489515067,36.717160489,100.3877
          -4.489515067,36.71716049,100.3877
          -4.489515067,36.717160488,100.3877
          -4.489515069,36.717160488,100.3878
          -4.489515071,36.717160487,100.3877
          -4.489515072,36.717160488,100.3877
          -4.489515068,36.717160488,100.3877
          -4.489515066,36.717160488,100.3876
          -4.489515064,36.717160488,100.3876
          -4.489515065,36.717160488,100.3874
          -4.489515063,36.717160488,100.3874
          -4.489515061,36.717160488,100.3872
          -4.48951506,36.717160489,100.3872
          -4.489515064,36.717160489,100.3874
          -4.489515063,36.717160487,100.3872
          -4.489515062,36.717160486,100.3871
          -4.489515061,36.717160486,100.387
          -4.489515065,36.717160487,100.387
          -4.489515063,36.717160486,100.387
          -4.489515062,36.717160487,100.3873
          -4.489515059,36.717160486,100.3873
          -4.489515063,36.717160486,100.3872
          -4.48951506,36.717160488,100.3873
          -4.489515058,36.717160486,100.3873
          -4.489515057,36.717160488,100.3873
          -4.489515061,36.717160487,100.3872
          -4.489515052,36.717160491,100.3874
          -4.489515038,36.717160494,100.3876
          -4.489515046,36.717160492,100.3874
          -4.489515046,36.717160492,100.3872
          -4.489515028,36.717160493,100.3876
          -4.489515026,36.717160494,100.3875
          -4.489515032,36.717160493,100.3874
          -4.489515035,36.717160494,100.3875
          -4.489515039,36.717160493,100.3874
          -4.489515035,36.717160494,100.3874
          -4.489515038,36.717160492,100.3875
          -4.489515038,36.717160492,100.3875
          -4.489515037,36.717160492,100.3873
          -4.489515033,36.717160493,100.3873
          -4.489515037,36.717160493,100.3873
          -4.489515036,36.717160494,100.3873
          -4.489515035,36.717160494,100.3873
          -4.489515031,36.717160496,100.3872
          -4.489515037,36.717160495,100.3873
          -4.489515037,36.717160495,100.3874
          -4.489515037,36.717160494,100.3875
          -4.489515034,36.717160494,100.3874
          -4.48951504,36.717160494,100.3873
          -4.489515038,36.717160493,100.3875
          -4.489515036,36.717160493,100.3875
          -4.489515036,36.717160493,100.3875
          -4.489515031,36.717159711,100.3837
          -4.489515163,36.717159432,100.3788
          -4.489515093,36.717158869,100.3778
          -4.489515256,36.717158621,100.3801
          -4.489515244,36.71715824,100.3936
          -4.489515389,36.717157898,100.3859
          -4.489515368,36.717157511,100.3855
          -4.48951537,36.717157026,100.376
          -4.489515459,36.717156606,100.3724
          -4.489515538,36.717156186,100.3694
          -4.489515582,36.717155776,100.3684
          -4.489515635,36.717155389,100.3697
          -4.489515619,36.717154967,100.3636
          -4.489515716,36.717154608,100.3634
          -4.489515779,36.717154215,100.3632
          -4.489515886,36.717153737,100.362
          -4.489515869,36.71715334,100.3609
          -4.489515947,36.717152927,100.3613
          -4.489515988,36.717152528,100.3592
          -4.489516108,36.717152105,100.3581
          -4.489516137,36.717151644,100.3519
          -4.489516111,36.717151188,100.3477
          -4.489516189,36.717150748,100.345
          -4.489516256,36.717150373,100.3447
          -4.489516355,36.717149992,100.3453
          -4.489516407,36.717149625,100.3468
          -4.489516506,36.717149134,100.3425
          -4.48951655,36.717148808,100.3453
          -4.489516623,36.717148302,100.3396
          -4.489516702,36.717147835,100.3349
          -4.489516704,36.717147423,100.3346
          -4.489516775,36.717147067,100.3346
          -4.489516865,36.717146658,100.3329
          -4.489516928,36.717146294,100.3336
          -4.489516999,36.717145833,100.3307
          -4.489517159,36.717145404,100.3267
          -4.489517173,36.71714501,100.3279
          -4.489517254,36.717144565,100.3254
          -4.48951725,36.717144191,100.3251
          -4.489517382,36.717143769,100.3208
          -4.489517427,36.717143376,100.3192
          -4.489517509,36.717142939,100.3171
          -4.489517627,36.717142573,100.3168
          -4.48951766,36.717142179,100.3157
          -4.489517739,36.717141811,100.3151
          -4.489517772,36.717141421,100.3147
          -4.489517798,36.717140951,100.3101
          -4.489517817,36.717140576,100.3107
          -4.48951798,36.717140197,100.3119
          -4.489518004,36.717139854,100.3141
          -4.489518037,36.717139346,100.3094
          -4.489518022,36.717138933,100.3065
          -4.489518225,36.717138587,100.3083
          -4.489518175,36.717138109,100.305
          -4.489518254,36.717137772,100.3068
          -4.489518249,36.717137285,100.3017
          -4.489518332,36.717136913,100.3022
          -4.489518318,36.717136478,100.2982
          -4.489518475,36.717136079,100.2977
          -4.489518463,36.717135654,100.2938
          -4.489518399,36.717135128,100.2881
          -4.489518514,36.71713474,100.2872
          -4.48951848,36.717134272,100.2827
          -4.48951858,36.717133876,100.285
          -4.489518605,36.717133527,100.2841
          -4.489518609,36.717132962,100.276
          -4.489518604,36.717132505,100.2712
          -4.489518773,36.717132183,100.2744
          -4.489518734,36.717131792,100.2728
          -4.489518805,36.717131416,100.2739
          -4.489518801,36.717130999,100.2712
          -4.489518815,36.717130625,100.2731
          -4.48951887,36.717130257,100.2736
          -4.48951894,36.717129835,100.2718
          -4.489518985,36.717129404,100.2709
          -4.489519095,36.717129073,100.2732
          -4.489519138,36.717128708,100.2728
          -4.489519236,36.717128397,100.2751
          -4.489519346,36.717127957,100.2726
          -4.489519426,36.7171276,100.2744
          -4.489519502,36.717127212,100.2759
          -4.489519581,36.717126876,100.2786
          -4.489519679,36.717126458,100.2776
          -4.489519836,36.717126066,100.275
          -4.4895199,36.717125665,100.2754
          -4.489520005,36.717125269,100.2758
          -4.489520028,36.717124859,100.275
          -4.489520137,36.717124364,100.2726
          -4.48952023,36.717123955,100.269
          -4.489520361,36.717123535,100.2664
          -4.489520464,36.717123129,100.266
          -4.489520631,36.717122625,100.2632
          -4.489520685,36.717122175,100.2609
          -4.489520834,36.717121717,100.2584
          -4.489520924,36.717121353,100.2587
          -4.489521048,36.717120946,100.2586
          -4.489521129,36.717120528,100.2573
          -4.489521157,36.717120061,100.2543
          -4.489521282,36.717119719,100.255
          -4.489521361,36.717119322,100.254
          -4.489521423,36.717118925,100.2545
          -4.489521505,36.717118502,100.2527
          -4.489521568,36.71711805,100.2487
          -4.489521683,36.717117662,100.2463
          -4.489521761,36.717117221,100.2439
          -4.489521838,36.717116842,100.2434
          -4.489521921,36.717116375,100.2403
          -4.4895219,36.717116063,100.2434
          -4.489522005,36.717115592,100.2409
          -4.489522112,36.717115229,100.2412
          -4.489522153,36.717114757,100.2372
          -4.48952218,36.717114301,100.2317
          -4.489522288,36.717113928,100.231
          -4.489522368,36.71711354,100.2289
          -4.489522449,36.717113118,100.2263
          -4.489522531,36.717112748,100.2266
          -4.489522516,36.717112342,100.2244
          -4.489522572,36.717111865,100.222
          -4.489522713,36.717111572,100.2256
          -4.489522848,36.717111116,100.2225
          -4.489522962,36.717110767,100.2219
          -4.489523026,36.717110335,100.2206
          -4.489523085,36.717109977,100.2198
          -4.48952321,36.717109593,100.2205
          -4.489523266,36.717109177,100.219
          -4.489523393,36.717108743,100.2166
          -4.489523418,36.71710832,100.2144
          -4.489523488,36.717107863,100.2118
          -4.48952361,36.71710743,100.2076
          -4.4895237,36.717106981,100.2051
          -4.489523816,36.717106589,100.2038
          -4.489523908,36.717106153,100.202
          -4.489523946,36.717105678,100.1958
          -4.489524054,36.71710528,100.1939
          -4.489524076,36.717104831,100.1909
          -4.489524144,36.717104452,100.1907
          -4.489524202,36.717104009,100.1879
          -4.489524306,36.717103652,100.1881
          -4.489524409,36.717103245,100.1863
          -4.48952444,36.717102879,100.188
          -4.489524554,36.717102505,100.1878
          -4.489524663,36.717102129,100.1867
          -4.489524743,36.717101713,100.1845
          -4.489524865,36.717101281,100.1817
          -4.489524997,36.717100938,100.1829
          -4.489525046,36.717100484,100.1798
          -4.48952511,36.717100147,100.1821
          -4.489525232,36.717099679,100.1801
          -4.489525338,36.717099313,100.1803
          -4.48952544,36.717098858,100.1766
          -4.489525542,36.717098459,100.1745
          -4.489525633,36.717097986,100.1714
          -4.489525714,36.717097605,100.1715
          -4.489525826,36.717097164,100.1668
          -4.489525935,36.717096799,100.1669
          -4.489526045,36.717096374,100.1651
          -4.489526133,36.717095934,100.1628
          -4.489526163,36.717095482,100.1599
          -4.489526231,36.71709506,100.1567
          -4.489526297,36.717094671,100.1562
          -4.489526401,36.71709428,100.1552
          -4.489526466,36.717093886,100.154
          -4.489526557,36.717093483,100.152
          -4.489526564,36.717093092,100.1504
          -4.489526667,36.717092628,100.1475
          -4.489526795,36.717092197,100.1442
          -4.489526853,36.717091778,100.1419
          -4.489526925,36.717091326,100.1405
          -4.489527016,36.717090955,100.1395
          -4.489527103,36.7170906,100.1399
          -4.489527195,36.717090234,100.1418
          -4.489527301,36.71708978,100.1386
          -4.489527347,36.717089301,100.1329
          -4.489527397,36.717088856,100.13
          -4.489527493,36.717088385,100.1238
          -4.489527593,36.717088026,100.1239
          -4.489527651,36.717087604,100.123
          -4.489527678,36.717087165,100.1217
          -4.489527769,36.717086803,100.1217
          -4.489527847,36.717086347,100.1178
          -4.489527962,36.717085912,100.1144
          -4.489528059,36.717085515,100.113
          -4.489528169,36.717085144,100.1107
          -4.489528218,36.717084776,100.1094
          -4.489528351,36.71708438,100.1065
          -4.489528386,36.717083976,100.1052
          -4.489528458,36.717083542,100.1
          -4.489528525,36.717083121,100.0968
          -4.48952864,36.717082733,100.0942
          -4.489528706,36.717082319,100.0914
          -4.48952878,36.717081945,100.0912
          -4.489528808,36.717081512,100.0859
          -4.489528852,36.717081139,100.0851
          -4.489528982,36.717080793,100.0884
          -4.489529057,36.717080386,100.0884
          -4.489529147,36.717079936,100.0856
          -4.489529241,36.717079574,100.0846
          -4.489529225,36.717079142,100.0793
          -4.489529267,36.717078716,100.0765
          -4.48952932,36.717078339,100.0769
          -4.489529382,36.7170779,100.075
          -4.48952942,36.717077555,100.0771
          -4.48952947,36.717077081,100.0736
          -4.489529625,36.717076637,100.07
          -4.489529754,36.71707618,100.0662
          -4.489529802,36.717075725,100.0612
          -4.489529854,36.717075367,100.0616
          -4.489529873,36.717074925,100.0566
          -4.489529968,36.717074483,100.0542
          -4.489530057,36.717074136,100.0545
          -4.48953006,36.71707364,100.0493
          -4.489530133,36.717073252,100.0482
          -4.489530232,36.717072817,100.0452
          -4.489530321,36.717072419,100.0423
          -4.489530426,36.717072025,100.0398
          -4.489530441,36.717071623,100.0371
          -4.489530471,36.717071217,100.0347
          -4.489530546,36.717070815,100.0343
          -4.489530584,36.717070378,100.0308
          -4.489530648,36.71706994,100.0296
          -4.489530672,36.717069584,100.03
          -4.489530735,36.717069148,100.0259
          -4.489530787,36.717068777,100.0239
          -4.489530825,36.717068352,100.0219
          -4.489530824,36.717067974,100.0209
          -4.489530928,36.71706748,100.015
          -4.489530998,36.71706705,100.0107
          -4.489531028,36.717066595,100.0073
          -4.489531105,36.717066135,100.004
          -4.489531138,36.71706574,100.0023
          -4.489531184,36.717065363,100.0004
          -4.489531238,36.717064923,99.9954
          -4.489531283,36.717064488,99.9936
          -4.489531315,36.717064102,99.9929
          -4.489531339,36.717063676,99.9921
          -4.489531424,36.717063247,99.9908
          -4.489531482,36.71706286,99.9899
          -4.489531547,36.717062442,99.9856
          -4.489531624,36.717062133,99.9867
          -4.489531688,36.717061705,99.9829
          -4.48953173,36.717061337,99.9819
          -4.489531786,36.717060906,99.9799
          -4.489531855,36.717060545,99.9811
          -4.489531953,36.717060108,99.9771
          -4.489531978,36.717059748,99.978
          -4.489531973,36.717059317,99.9753
          -4.489532014,36.717058919,99.9747
          -4.489532043,36.717058423,99.969
          -4.489532081,36.717058,99.9655
          -4.489532161,36.71705759,99.9642
          -4.489532139,36.717057153,99.9619
          -4.489532235,36.717056771,99.9611
          -4.489532263,36.717056354,99.9577
          -4.489532292,36.717055905,99.9525
          -4.489532297,36.717055498,99.9525
          -4.489532329,36.717055087,99.9495
          -4.489532321,36.717054656,99.948
          -4.489532308,36.717054275,99.9473
          -4.489532293,36.717053899,99.9483
          -4.489532288,36.71705348,99.9465
          -4.489532374,36.717053126,99.9468
          -4.489532356,36.717052619,99.94
          -4.489532365,36.717052223,99.9391
          -4.489532297,36.717051767,99.9379
          -4.489532348,36.717051393,99.9368
          -4.489532347,36.717050985,99.935
          -4.489532429,36.717050571,99.9313
          -4.489532411,36.717050124,99.9279
          -4.489532444,36.717049708,99.9255
          -4.48953244,36.717049302,99.924
          -4.489532472,36.717048883,99.9217
          -4.489532474,36.717048477,99.92
          -4.489532532,36.717048058,99.917
          -4.489532533,36.717047652,99.9152
          -4.489532518,36.717047219,99.9142
          -4.489532539,36.717046838,99.9121
          -4.489532546,36.717046376,99.9086
          -4.489532545,36.717046029,99.9081
          -4.489532604,36.717045623,99.9058
          -4.489532608,36.717045225,99.9062
          -4.489532608,36.717044815,99.9029
          -4.489532589,36.71704441,99.9006
          -4.489532608,36.717044009,99.9003
          -4.489532621,36.717043589,99.8982
          -4.489532614,36.717043191,99.8969
          -4.489532587,36.717042784,99.8958
          -4.489532538,36.717042391,99.8952
          -4.48953261,36.717042007,99.8948
          -4.489532687,36.717041554,99.8926
          -4.489532692,36.717041111,99.8899
          -4.489532714,36.717040699,99.8882
          -4.489532774,36.717040316,99.8881
          -4.489532707,36.717039902,99.8872
          -4.489532641,36.717039414,99.8835
          -4.489532637,36.717038975,99.8802
          -4.489532702,36.717038564,99.8775
          -4.489532705,36.717038148,99.8748
          -4.489532755,36.717037778,99.8756
          -4.489532793,36.71703737,99.8736
          -4.489532812,36.717036937,99.8727
          -4.489532799,36.717036534,99.8715
          -4.489532742,36.717036049,99.8671
          -4.489532781,36.717035632,99.8655
          -4.489532786,36.717035246,99.8642
          -4.489532782,36.717034824,99.8609
          -4.489532853,36.71703444,99.8579
          -4.489532827,36.717033995,99.8553
          -4.489532823,36.717033589,99.8554
          -4.489532893,36.717033197,99.8551
          -4.489532837,36.717032731,99.8509
          -4.489532846,36.717032301,99.8481
          -4.489532853,36.717031915,99.8461
          -4.489532886,36.717031539,99.8453
          -4.48953289,36.717031085,99.8414
          -4.489532896,36.717030667,99.8391
          -4.489532909,36.717030269,99.8373
          -4.489532881,36.717029862,99.8356
          -4.489532875,36.717029451,99.8332
          -4.489532863,36.717029053,99.8327
          -4.48953295,36.717028652,99.8312
          -4.489532956,36.717028238,99.8303
          -4.489532973,36.717027812,99.8298
          -4.489532988,36.717027416,99.828
          -4.489532955,36.717027019,99.8264
          -4.489532908,36.717026601,99.8238
          -4.489532939,36.71702621,99.8255
          -4.489532942,36.717025801,99.826
          -4.489532932,36.717025397,99.8253
          -4.489532914,36.717024984,99.8234
          -4.489532922,36.717024568,99.8227
          -4.489532902,36.717024152,99.8214
          -4.489532915,36.717023713,99.8183
          -4.489532922,36.717023258,99.8144
          -4.489532942,36.717022813,99.8145
          -4.489532965,36.717022412,99.8129
          -4.489532987,36.717022021,99.8134
          -4.489533028,36.717021595,99.8114
          -4.489533015,36.717021143,99.8125
          -4.489533004,36.717020766,99.8129
          -4.489532979,36.717020311,99.8106
          -4.48953295,36.717019905,99.809
          -4.489532932,36.717019469,99.807
          -4.489532932,36.717019083,99.806
          -4.489532938,36.717018682,99.8052
          -4.489532927,36.717018243,99.8022
          -4.489532965,36.717017844,99.801
          -4.489532967,36.717017429,99.7998
          -4.489532985,36.717017008,99.7982
          -4.489532959,36.717016567,99.7965
          -4.489532984,36.717016187,99.7962
          -4.48953295,36.717015789,99.7953
          -4.489532958,36.717015381,99.7941
          -4.489532931,36.717014987,99.7934
          -4.489532945,36.717014576,99.7912
          -4.489532966,36.717014204,99.7927
          -4.489532938,36.717013756,99.791
          -4.489532926,36.717013362,99.7908
          -4.489532939,36.717012962,99.7913
          -4.489532957,36.717012587,99.7901
          -4.489532934,36.717012165,99.7901
          -4.489532935,36.717011783,99.7907
          -4.489532899,36.717011336,99.7879
          -4.489532876,36.717010911,99.7852
          -4.489532865,36.71701049,99.7837
          -4.489532876,36.717010082,99.783
          -4.489532884,36.717009675,99.7822
          -4.489532875,36.717009286,99.7826
          -4.489532834,36.717008819,99.7793
          -4.489532838,36.717008413,99.7773
          -4.489532791,36.717007942,99.7741
          -4.489532779,36.717007498,99.7706
          -4.489532767,36.717007105,99.7698
          -4.48953275,36.717006677,99.7674
          -4.489532787,36.71700634,99.769
          -4.489532788,36.717005912,99.7675
          -4.489532793,36.717005534,99.7668
          -4.489532772,36.717005143,99.7666
          -4.489532734,36.717004728,99.7649
          -4.489532742,36.717004271,99.7624
          -4.489532701,36.71700385,99.7612
          -4.489532716,36.717003469,99.7603
          -4.489532746,36.717003073,99.7608
          -4.489532757,36.717002678,99.7599
          -4.489532775,36.717002261,99.7607
          -4.489532765,36.717001855,99.7603
          -4.489532758,36.717001357,99.7559
          -4.489532759,36.717000946,99.7547
          -4.489532718,36.717000513,99.7523
          -4.489532698,36.717000097,99.7516
          -4.489532696,36.716999706,99.7528
          -4.489532689,36.716999288,99.7519
          -4.489532698,36.716998857,99.7507
          -4.489532712,36.716998415,99.7484
          -4.4895327,36.716997988,99.7456
          -4.489532679,36.716997562,99.7444
          -4.489532705,36.716997153,99.7436
          -4.48953267,36.716996722,99.7426
          -4.489532712,36.716996332,99.7404
          -4.489532695,36.716995941,99.7394
          -4.48953267,36.716995561,99.7402
          -4.489532695,36.716995142,99.7404
          -4.489532688,36.716994746,99.741
          -4.489532708,36.71699432,99.739
          -4.489532685,36.716993905,99.7375
          -4.489532715,36.716993502,99.7368
          -4.489532733,36.7169931,99.7354
          -4.489532694,36.716992639,99.7318
          -4.48953272,36.716992225,99.7304
          -4.489532657,36.716991792,99.7292
          -4.48953261,36.71699137,99.7275
          -4.489532593,36.71699096,99.7262
          -4.489532604,36.716990528,99.7245
          -4.489532585,36.716990118,99.7235
          -4.48953261,36.71698968,99.7207
          -4.489532589,36.716989281,99.7209
          -4.489532548,36.716988824,99.7191
          -4.48953254,36.716988455,99.7186
          -4.489532489,36.716988047,99.7175
          -4.489532451,36.71698766,99.7172
          -4.489532416,36.716987235,99.7149
          -4.489532412,36.716986823,99.7144
          -4.489532374,36.716986433,99.7144
          -4.489532346,36.716986005,99.7142
          -4.489532368,36.716985675,99.7164
          -4.489532297,36.7169852,99.712
          -4.489532226,36.71698477,99.7101
          -4.489532164,36.716984307,99.7061
          -4.489532135,36.716983925,99.7059
          -4.489532157,36.716983494,99.7054
          -4.489532137,36.71698307,99.7027
          -4.489532121,36.716982674,99.7016
          -4.489532091,36.716982256,99.6995
          -4.489532091,36.716981854,99.6981
          -4.489532038,36.716981433,99.6957
          -4.489532061,36.716980967,99.6923
          -4.489531942,36.716980574,99.6918
          -4.489531932,36.716980196,99.6913
          -4.489531914,36.716979744,99.689
          -4.489531885,36.716979307,99.6869
          -4.489531875,36.716978909,99.6858
          -4.489531836,36.716978507,99.6844
          -4.489531813,36.716978092,99.6827
          -4.48953179,36.716977672,99.682
          -4.489531746,36.71697728,99.6806
          -4.489531741,36.716976864,99.6784
          -4.489531717,36.71697645,99.6767
          -4.489531659,36.716976056,99.6748
          -4.489531638,36.716975679,99.6757
          -4.489531569,36.716975252,99.6744
          -4.489531575,36.716974815,99.6709
          -4.48953153,36.716974422,99.67
          -4.489531539,36.716974028,99.6689
          -4.48953147,36.716973545,99.667
          -4.489531203,36.716973042,99.6661
          -4.489530954,36.716972647,99.6672
          -4.489530708,36.716972257,99.6668
          -4.489530465,36.716971851,99.6645
          -4.48953015,36.716971464,99.6624
          -4.489529828,36.716971086,99.6619
          -4.4895294,36.716970698,99.6617
          -4.489529098,36.716970337,99.6597
          -4.489528785,36.716969969,99.6577
          -4.48952846,36.71696968,99.6587
          -4.48952804,36.7169694,99.66
          -4.489527578,36.716969082,99.6588
          -4.489527226,36.716968872,99.6609
          -4.489526589,36.716968645,99.656
          -4.489526213,36.716968355,99.6543
          -4.489525643,36.716968051,99.6523
          -4.489525239,36.716967821,99.6521
          -4.489524728,36.716967594,99.6502
          -4.489524201,36.71696736,99.6493
          -4.4895237,36.716967111,99.6455
          -4.489523221,36.716966889,99.643
          -4.48952274,36.716966676,99.6426
          -4.489522307,36.716966439,99.6401
          -4.489521745,36.716966225,99.6366
          -4.489521273,36.716966045,99.6366
          -4.489520775,36.716965833,99.6333
          -4.489520336,36.716965727,99.6367
          -4.489519865,36.716965581,99.6342
          -4.489519382,36.716965381,99.6313
          -4.489518928,36.716965212,99.6298
          -4.489518396,36.716965102,99.6279
          -4.489517946,36.716964916,99.6256
          -4.489517454,36.716964779,99.6251
          -4.489517032,36.716964633,99.6252
          -4.489516572,36.716964469,99.6238
          -4.489516122,36.716964365,99.6242
          -4.48951562,36.716964276,99.6246
          -4.489515127,36.716964151,99.6236
          -4.489514677,36.716964029,99.6226
          -4.489514202,36.7169639,99.622
          -4.489513751,36.716963844,99.6248
          -4.489513322,36.716963733,99.6264
          -4.489512781,36.716963674,99.6262
          -4.489512247,36.716963663,99.6271
          -4.489511828,36.716963561,99.6295
          -4.489511284,36.716963507,99.6299
          -4.489510845,36.716963436,99.6317
          -4.489510345,36.716963385,99.6323
          -4.489509802,36.716963317,99.6302
          -4.489509266,36.716963226,99.6283
          -4.489508752,36.716963165,99.6287
          -4.489508196,36.716963152,99.6273
          -4.489507525,36.716963178,99.6211
          -4.48950691,36.716963139,99.6165
          -4.48950632,36.71696308,99.6115
          -4.489505758,36.716962993,99.6074
          -4.489505106,36.716962956,99.6023
          -4.489504516,36.71696291,99.5989
          -4.48950396,36.716962849,99.5955
          -4.489503502,36.716962716,99.5933
          -4.489502856,36.716962653,99.5864
          -4.489502256,36.716962585,99.5764
          -4.489501625,36.716962603,99.5669
          -4.489501055,36.716962631,99.5595
          -4.489500651,36.716962605,99.564
          -4.489500214,36.716962525,99.5657
          -4.48949977,36.716962533,99.567
          -4.489499376,36.716962467,99.5702
          -4.489498998,36.716962395,99.5743
          -4.489498517,36.716962319,99.5755
          -4.489498233,36.716962265,99.5821
          -4.489497941,36.716962286,99.5904
          -4.489497549,36.716962336,99.5952
          -4.489497244,36.716962347,99.6006
          -4.489496905,36.716962363,99.6046
          -4.489496457,36.716962396,99.6088
          -4.489495963,36.716962306,99.607
          -4.489495382,36.716962326,99.6042
          -4.489494898,36.716962244,99.6052
          -4.489494342,36.716962205,99.6043
          -4.489493675,36.716962107,99.603
          -4.489492994,36.716962202,99.6007
          -4.489492312,36.71696221,99.5959
          -4.489491675,36.71696214,99.5909
          -4.489491107,36.716962102,99.5885
          -4.489490456,36.71696209,99.5835
          -4.489489883,36.716962094,99.5809
          -4.489489441,36.716962082,99.5817
          -4.489488909,36.716962141,99.583
          -4.489488414,36.71696213,99.5831
          -4.489487935,36.716962105,99.5843
          -4.489487447,36.716962073,99.5854
          -4.48948702,36.716962061,99.5885
          -4.489486672,36.716962024,99.5955
          -4.489486258,36.716961951,99.5978
          -4.489485862,36.716961968,99.6021
          -4.489485293,36.716962022,99.5999
          -4.489484858,36.716962016,99.603
          -4.48948439,36.716962037,99.6045
          -4.489483867,36.716962021,99.6048
          -4.489483414,36.716962073,99.6081
          -4.489482887,36.716962064,99.6083
          -4.489482391,36.716962063,99.6091
          -4.489481805,36.71696205,99.609
          -4.489481181,36.716962018,99.6088
          -4.489480598,36.716962065,99.6067
          -4.489480096,36.716962039,99.6064
          -4.489479643,36.71696193,99.6087
          -4.48947925,36.716961816,99.6137
          -4.489478663,36.71696185,99.6102
          -4.489478053,36.716961981,99.6086
          -4.489477533,36.716961977,99.6086
          -4.489476906,36.716962037,99.6058
          -4.489476391,36.716962,99.6051
          -4.489475863,36.716961952,99.6035
          -4.489475368,36.716961937,99.6035
          -4.489474829,36.716961926,99.6028
          -4.489474301,36.716961957,99.6021
          -4.489473812,36.716961952,99.6027
          -4.489473211,36.716961966,99.6
          -4.489472546,36.71696198,99.5967
          -4.489472099,36.71696198,99.596
          -4.489471489,36.71696195,99.5901
          -4.489470909,36.71696198,99.5866
          -4.489470398,36.716961945,99.5837
          -4.489470017,36.716961925,99.5879
          -4.489469516,36.716961865,99.5853
          -4.489468879,36.716961821,99.5818
          -4.489468442,36.716961762,99.5819
          -4.489467955,36.716961797,99.5823
          -4.489467513,36.716961799,99.5844
          -4.489467035,36.716961813,99.584
          -4.489466621,36.716961752,99.5835
          -4.48946616,36.716961743,99.5846
          -4.489465695,36.716961697,99.5833
          -4.489465217,36.716961672,99.5842
          -4.489464748,36.71696168,99.5862
          -4.489464179,36.716961565,99.5817
          -4.489463698,36.716961517,99.582
          -4.489463203,36.716961491,99.581
          -4.489462591,36.716961563,99.5804
          -4.489462076,36.716961606,99.5809
          -4.489461497,36.716961698,99.5777
          -4.489460949,36.716961667,99.5765
          -4.489460376,36.716961624,99.5753
          -4.489459826,36.716961547,99.5716
          -4.489459371,36.716961528,99.5756
          -4.489458914,36.716961499,99.5774
          -4.489458342,36.716961576,99.5781
          -4.489457959,36.716961546,99.581
          -4.489457513,36.716961547,99.5832
          -4.489456968,36.716961591,99.5817
          -4.489456553,36.716961618,99.5859
          -4.489456117,36.716961625,99.5878
          -4.489455656,36.716961615,99.5904
          -4.489455205,36.716961514,99.5929
          -4.489454578,36.716961506,99.5895
          -4.489454137,36.716961578,99.5941
          -4.489453706,36.716961556,99.5969
          -4.489453199,36.716961635,99.6006
          -4.489452758,36.716961616,99.6044
          -4.48945211,36.716961591,99.5996
          -4.489451688,36.716961447,99.5995
          -4.489451121,36.716961423,99.5961
          -4.489450617,36.716961356,99.5946
          -4.489450049,36.716961448,99.594
          -4.489449526,36.716961461,99.5957
          -4.489448973,36.716961511,99.5944
          -4.489448367,36.716961504,99.5928
          -4.489447834,36.716961524,99.5945
          -4.489447216,36.716961589,99.5918
          -4.489446751,36.716961527,99.5932
          -4.489446305,36.71696153,99.5986
          -4.489445988,36.71696146,99.6067
          -4.489445498,36.716961442,99.6091
          -4.489444948,36.716961583,99.6094
          -4.489444513,36.716961484,99.6137
          -4.489444034,36.716961477,99.6151
          -4.48944363,36.716961498,99.6188
          -4.489443184,36.716961517,99.6235
          -4.489442775,36.716961556,99.6291
          -4.489442284,36.716961543,99.6299
          -4.489441845,36.716961533,99.6341
          -4.489441282,36.716961527,99.6354
          -4.489440686,36.716961591,99.6346
          -4.489440106,36.716961605,99.6347
          -4.48943957,36.716961539,99.6332
          -4.489439026,36.716961481,99.6336
          -4.489438494,36.716961499,99.6356
          -4.489437918,36.716961522,99.6349
          -4.489437277,36.716961528,99.6334
          -4.489436681,36.7169615,99.6316
          -4.489436134,36.716961459,99.6319
          -4.489435599,36.716961444,99.6288
          -4.489435068,36.716961448,99.6272
          -4.489434481,36.716961533,99.6255
          -4.489433994,36.7169615,99.627
          -4.489433524,36.716961473,99.63
          -4.489432942,36.716961454,99.6284
          -4.489432404,36.716961499,99.6284
          -4.489431965,36.716961448,99.6322
          -4.489431441,36.716961445,99.6329
          -4.489430985,36.716961369,99.6346
          -4.489430446,36.71696141,99.6366
          -4.489429914,36.716961452,99.6368
          -4.489429453,36.716961439,99.6402
          -4.489428951,36.716961482,99.6413
          -4.489428421,36.716961506,99.6416
          -4.489427893,36.716961521,99.6425
          -4.489427409,36.716961485,99.6433
          -4.489426912,36.716961493,99.6448
          -4.48942639,36.71696144,99.6447
          -4.489425884,36.716961418,99.646
          -4.489425384,36.716961428,99.6464
          -4.489424846,36.716961408,99.6464
          -4.489424406,36.716961377,99.6485
          -4.48942379,36.716961341,99.646
          -4.489423352,36.716961344,99.6469
          -4.48942286,36.716961314,99.6476
          -4.48942231,36.716961286,99.6451
          -4.489421814,36.716961297,99.6459
          -4.489421279,36.716961358,99.6473
          -4.489420736,36.716961341,99.6475
          -4.489420213,36.716961285,99.6479
          -4.489419712,36.716961199,99.6471
          -4.489419224,36.716961241,99.6472
          -4.489418698,36.71696127,99.6486
          -4.489418186,36.716961249,99.6492
          -4.489417658,36.716961248,99.6496
          -4.489417091,36.716961222,99.6485
          -4.489416543,36.71696128,99.6471
          -4.48941601,36.716961264,99.6449
          -4.48941552,36.716961181,99.6446
          -4.489415028,36.716961215,99.6495
          -4.489414526,36.716961145,99.651
          -4.48941393,36.716961165,99.6479
          -4.489413436,36.716961192,99.6484
          -4.48941289,36.716961192,99.6461
          -4.489412339,36.716961169,99.6443
          -4.489411911,36.71696114,99.645
          -4.489411343,36.716961199,99.6454
          -4.489410887,36.716961179,99.6452
          -4.489410364,36.716961192,99.6476
          -4.48940996,36.716961104,99.6523
          -4.489409428,36.716961012,99.6531
          -4.489408879,36.716961051,99.6512
          -4.489408342,36.716961043,99.6504
          -4.489407933,36.71696104,99.6526
          -4.489407334,36.716961084,99.6502
          -4.489406888,36.716961054,99.652
          -4.489406349,36.716961101,99.6524
          -4.489405782,36.716961151,99.6518
          -4.489405274,36.716961166,99.6521
          -4.489404732,36.716961127,99.6524
          -4.489404231,36.716961115,99.6536
          -4.489403714,36.716961092,99.6532
          -4.489403195,36.7169611,99.6541
          -4.489402714,36.716961101,99.6533
          -4.489402106,36.716961132,99.6533
          -4.489401638,36.716961082,99.6519
          -4.489401157,36.716961111,99.6549
          -4.489400563,36.716961208,99.6522
          -4.48940011,36.716961181,99.654
          -4.489399628,36.716961196,99.6553
          -4.489399108,36.716961174,99.6553
          -4.489398599,36.716961158,99.659
          -4.489398235,36.716961193,99.6667
          -4.48939783,36.716961255,99.6718
          -4.489397104,36.716961346,99.6662
          -4.489396695,36.716961315,99.6683
          -4.489396309,36.716961275,99.6669
          -4.489395843,36.716961237,99.6681
          -4.489395389,36.716961202,99.6688
          -4.489394846,36.716961126,99.6677
          -4.489394161,36.716961162,99.6626
          -4.489393645,36.71696116,99.661
          -4.489392953,36.71696114,99.6547
          -4.48939237,36.716961209,99.6513
          -4.489391917,36.716961102,99.6522
          -4.489391302,36.716961093,99.65
          -4.489390822,36.716961105,99.6516
          -4.489390302,36.716961041,99.6512
          -4.489389701,36.716961052,99.6497
          -4.489389171,36.716961072,99.6485
          -4.489388682,36.716961057,99.6475
          -4.489388193,36.716961096,99.6473
          -4.489387975,36.716960984,99.6576
          -4.489387592,36.716961039,99.6637
          -4.489387071,36.716961095,99.6646
          -4.489386519,36.716961182,99.664
          -4.489385983,36.716961183,99.6629
          -4.489385591,36.716961189,99.6674
          -4.489385048,36.716961204,99.6671
          -4.48938456,36.716961225,99.6678
          -4.489384095,36.716961293,99.67
          -4.48938368,36.716961223,99.6728
          -4.489383197,36.716961262,99.6751
          -4.489382455,36.716961315,99.6708
          -4.489381923,36.716961288,99.6753
          -4.489381445,36.71696131,99.6746
          -4.489380876,36.716961324,99.6739
          -4.489380409,36.716961304,99.6756
          -4.48937991,36.716961259,99.6736
          -4.489379389,36.716961273,99.6738
          -4.489378807,36.716961289,99.6723
          -4.489378195,36.716961323,99.6694
          -4.48937769,36.71696135,99.6703
          -4.48937715,36.716961282,99.6679
          -4.489376704,36.716961342,99.6718
          -4.489376258,36.716961446,99.6779
          -4.489375767,36.716961465,99.6799
          -4.489375257,36.716961473,99.6782
          -4.489374589,36.716961432,99.6681
          -4.489374093,36.716961403,99.6653
          -4.489373812,36.716961417,99.6753
          -4.489373403,36.716961495,99.68
          -4.489372788,36.716961503,99.6766
          -4.489372098,36.716961357,99.6677
          -4.489371556,36.716961329,99.6658
          -4.489371129,36.716961323,99.6693
          -4.489370557,36.716961413,99.6671
          -4.489370152,36.716961339,99.6687
          -4.489369777,36.716961234,99.6698
          -4.489369198,36.716961308,99.6684
          -4.489368614,36.716961375,99.6656
          -4.489368226,36.716961365,99.6657
          -4.489367656,36.716961343,99.6635
          -4.489367046,36.71696143,99.6621
          -4.489366546,36.716961391,99.6645
          -4.489365963,36.71696146,99.6628
          -4.489365481,36.716961428,99.6643
          -4.489364823,36.71696149,99.6583
          -4.489364349,36.716961498,99.6599
          -4.489363827,36.716961526,99.6585
          -4.489363415,36.716961467,99.6633
          -4.489362864,36.716961499,99.6611
          -4.489362465,36.716961457,99.6644
          -4.489362135,36.716961377,99.6689
          -4.489361712,36.716961375,99.6693
          -4.489361135,36.716961432,99.6672
          -4.489360734,36.716961418,99.6683
          -4.489360175,36.71696138,99.6659
          -4.489359607,36.716961536,99.6657
          -4.489359358,36.716961418,99.6724
          -4.489358902,36.716961308,99.6729
          -4.489358321,36.716961355,99.6721
          -4.489357922,36.716961367,99.6762
          -4.489357527,36.71696119,99.6784
          -4.489356925,36.716961132,99.674
          -4.489356266,36.716961296,99.6696
          -4.489355522,36.716961625,99.662
          -4.489354887,36.716961832,99.6578
          -4.489354405,36.716961844,99.6571
          -4.489353908,36.716961908,99.6575
          -4.489353405,36.716961846,99.6602
          -4.489352915,36.71696174,99.6613
          -4.489352233,36.716961814,99.6567
          -4.489351637,36.716961808,99.6525
          -4.489350978,36.716961717,99.651
          -4.489350416,36.716961954,99.646
          -4.489350217,36.716961945,99.6537
          -4.489349963,36.716962144,99.6579
          -4.489349563,36.716962155,99.6599
          -4.489348975,36.716962184,99.6592
          -4.4893485,36.716962221,99.6603
          -4.48934791,36.716962304,99.6576
          -4.489347479,36.716962332,99.6606
          -4.489346974,36.716962308,99.6585
          -4.489346542,36.716962288,99.6583
          -4.489345979,36.716962368,99.6558
          -4.489345503,36.716962374,99.6572
          -4.489344848,36.716962507,99.6531
          -4.489344312,36.716962619,99.6517
          -4.489343812,36.716962602,99.6525
          -4.489343337,36.716962668,99.6527
          -4.489342772,36.716962812,99.6495
          -4.4893422,36.716962922,99.6478
          -4.489341732,36.716962905,99.6479
          -4.489341361,36.716962798,99.6549
          -4.489340984,36.716962651,99.6616
          -4.489340509,36.716962673,99.6646
          -4.489339833,36.716962818,99.6576
          -4.489339068,36.716963083,99.6471
          -4.489338725,36.716963051,99.6515
          -4.489338197,36.716963124,99.6499
          -4.489337681,36.716963101,99.6494
          -4.489337176,36.71696318,99.6503
          -4.489336619,36.716963228,99.6477
          -4.48933601,36.716963219,99.6453
          -4.489335403,36.716963168,99.6464
          -4.489334745,36.716963191,99.6441
          -4.489334231,36.716963262,99.6451
          -4.489333774,36.716963231,99.6435
          -4.489333394,36.716963188,99.6439
          -4.489332784,36.716963208,99.6378
          -4.489332215,36.716963277,99.636
          -4.489331601,36.716963312,99.6311
          -4.489331099,36.71696339,99.6297
          -4.489330548,36.716963437,99.6275
          -4.489330023,36.716963441,99.628
          -4.489329522,36.716963455,99.6267
          -4.48932895,36.716963464,99.6221
          -4.489328387,36.716963479,99.6194
          -4.489327871,36.716963457,99.6189
          -4.489327449,36.716963426,99.6215
          -4.489326972,36.716963519,99.6179
          -4.489326389,36.716963759,99.6179
          -4.489325912,36.716963865,99.619
          -4.489325423,36.716963958,99.6245
          -4.489324786,36.716964357,99.6228
          -4.48932437,36.716964567,99.6249
          -4.489323881,36.716964889,99.6233
          -4.489323483,36.716965193,99.6244
          -4.489323062,36.716965409,99.627
          -4.4893227,36.716965731,99.633
          -4.489322415,36.716966007,99.6399
          -4.489322307,36.716966371,99.6482
          -4.489322274,36.71696656,99.6608
          -4.489321999,36.716966869,99.6586
          -4.489321632,36.716967159,99.6555
          -4.48932131,36.716967486,99.6525
          -4.489321031,36.716967707,99.6579
          -4.489320762,36.716967985,99.6617
          -4.489320492,36.716968359,99.6662
          -4.489320196,36.716968738,99.6664
          -4.489319973,36.716969146,99.6709
          -4.489319703,36.716969487,99.6751
          -4.489319506,36.716969625,99.6784
          -4.48931928,36.716970133,99.6799
          -4.489319082,36.716970578,99.6814
          -4.489318911,36.716970868,99.6844
          -4.489318763,36.716971281,99.6872
          -4.4893186,36.716971647,99.6921
          -4.489318431,36.716972061,99.695
          -4.489318249,36.716972463,99.6968
          -4.489318042,36.716972811,99.7002
          -4.489317917,36.716973168,99.7053
          -4.489317795,36.7169736,99.7085
          -4.489317663,36.716973986,99.7118
          -4.489317548,36.716974355,99.7182
          -4.489317502,36.716974749,99.7221
          -4.489317396,36.716975104,99.7249
          -4.489317271,36.716975553,99.7259
          -4.489317113,36.716975931,99.7268
          -4.489316968,36.716976352,99.7275
          -4.489316887,36.716976735,99.7321
          -4.489316747,36.716977029,99.7385
          -4.489316633,36.716977548,99.7388
          -4.489316558,36.716978081,99.7376
          -4.489316467,36.716978511,99.7384
          -4.489316396,36.716978982,99.7394
          -4.489316328,36.716979411,99.7399
          -4.489316251,36.716979871,99.7395
          -4.489316125,36.716980258,99.7403
          -4.489316036,36.716980691,99.741
          -4.489316015,36.71698109,99.7434
          -4.489315947,36.7169815,99.7458
          -4.489315917,36.716981914,99.7468
          -4.489315849,36.716982337,99.748
          -4.489315742,36.716982741,99.7501
          -4.4893157,36.716983141,99.7526
          -4.489315652,36.716983556,99.7545
          -4.489315622,36.716983934,99.7571
          -4.489315599,36.71698429,99.7604
          -4.489315597,36.716984694,99.762
          -4.489315577,36.716985089,99.7643
          -4.489315612,36.716985493,99.767
          -4.489315627,36.716985895,99.7699
          -4.489315585,36.716986243,99.7739
          -4.48931552,36.71698663,99.7755
          -4.489315466,36.71698705,99.7757
          -4.489315491,36.716987475,99.778
          -4.489315475,36.716987916,99.7799
          -4.48931545,36.716988325,99.7808
          -4.489315505,36.716988797,99.7816
          -4.489315471,36.716989206,99.7827
          -4.489315486,36.716989591,99.7863
          -4.489315474,36.716990005,99.7867
          -4.489315474,36.716990439,99.7876
          -4.489315396,36.716990853,99.7905
          -4.489315431,36.716991277,99.7915
          -4.489315391,36.716991618,99.7963
          -4.489315428,36.716992078,99.7954
          -4.489315485,36.71699252,99.7947
          -4.489315488,36.71699292,99.7961
          -4.489315449,36.716993352,99.7966
          -4.489315434,36.716993738,99.7971
          -4.48931543,36.716994156,99.7999
          -4.489315498,36.716994528,99.8037
          -4.48931548,36.716994954,99.8042
          -4.489315487,36.716995354,99.8084
          -4.489315475,36.716995783,99.8096
          -4.489315472,36.716996169,99.8121
          -4.489315521,36.716996642,99.8111
          -4.489315649,36.716997013,99.8132
          -4.489315679,36.716997348,99.8159
          -4.489315669,36.716997823,99.8157
          -4.48931567,36.716998204,99.8183
          -4.489315701,36.716998709,99.8161
          -4.489315704,36.716999082,99.8188
          -4.489315716,36.716999495,99.82
          -4.489315856,36.716999996,99.8176
          -4.489315891,36.717000376,99.8205
          -4.489315894,36.717000805,99.8225
          -4.489315959,36.717001158,99.8277
          -4.489316055,36.717001563,99.8291
          -4.489316034,36.71700195,99.8297
          -4.48931613,36.717002389,99.8296
          -4.489316133,36.717002772,99.8325
          -4.489316038,36.717003103,99.8378
          -4.48931606,36.717003461,99.841
          -4.489316139,36.717003885,99.8398
          -4.489316355,36.717004404,99.8363
          -4.489316318,36.717004792,99.839
          -4.489316429,36.717005284,99.838
          -4.489316452,36.717005677,99.8396
          -4.489316557,36.717006133,99.8388
          -4.489316455,36.717006371,99.8462
          -4.489316476,36.717006805,99.8477
          -4.489316572,36.717007288,99.8467
          -4.489316708,36.717007754,99.846
          -4.489316726,36.717008136,99.8464
          -4.489316751,36.71700855,99.8479
          -4.489316766,36.717008852,99.8527
          -4.489316852,36.717009288,99.8515
          -4.489316898,36.717009657,99.8544
          -4.489316936,36.717010072,99.8553
          -4.489316928,36.717010509,99.8556
          -4.489316948,36.717010991,99.856
          -4.489317044,36.717011476,99.8546
          -4.48931708,36.71701186,99.8562
          -4.489317074,36.717012305,99.8551
          -4.48931711,36.717012673,99.8578
          -4.489317147,36.717013105,99.8591
          -4.489317161,36.717013467,99.8617
          -4.489317231,36.717013879,99.863
          -4.489317338,36.71701434,99.8624
          -4.489317352,36.717014752,99.863
          -4.489317345,36.717015185,99.8644
          -4.489317447,36.717015606,99.8649
          -4.489317462,36.717015952,99.867
          -4.489317528,36.717016369,99.8664
          -4.489317529,36.717016775,99.8673
          -4.489317544,36.717017179,99.8677
          -4.489317609,36.717017604,99.8693
          -4.489317581,36.717017964,99.8734
          -4.489317664,36.717018358,99.8754
          -4.489317721,36.717018777,99.8762
          -4.489317756,36.717019122,99.881
          -4.489317721,36.717019373,99.8908
          -4.489317772,36.717019777,99.893
          -4.489317964,36.717020307,99.8891
          -4.489317944,36.717020652,99.8912
          -4.489318081,36.71702114,99.8906
          -4.489318021,36.717021491,99.893
          -4.489318063,36.717021987,99.8892
          -4.48931812,36.717022341,99.8933
          -4.489318009,36.717022792,99.8925
          -4.489318085,36.717023223,99.8932
          -4.489318135,36.71702368,99.8946
          -4.489318214,36.717024143,99.896
          -4.489318237,36.717024526,99.8986
          -4.489318224,36.717024946,99.8976
          -4.489318208,36.717025276,99.9006
          -4.489318193,36.717025704,99.9005
          -4.489318231,36.71702606,99.9043
          -4.489318141,36.71702644,99.9063
          -4.489318127,36.717026927,99.9028
          -4.489318085,36.717027374,99.9021
          -4.489318195,36.717027758,99.9058
          -4.489318212,36.717028173,99.9083
          -4.489318032,36.717028621,99.9044
          -4.489318107,36.717029085,99.901
          -4.489318148,36.717029561,99.8989
          -4.489318178,36.717029953,99.9006
          -4.489318189,36.717030371,99.9001
          -4.489318079,36.717030944,99.8927
          -4.489318091,36.717031414,99.8897
          -4.489318104,36.717031848,99.8885
          -4.489318129,36.717032254,99.8901
          -4.489318061,36.71703263,99.8912
          -4.489318072,36.717033044,99.8909
          -4.489318091,36.717033439,99.8921
          -4.489318056,36.717033753,99.8943
          -4.489318199,36.717034107,99.8993
          -4.489318195,36.7170345,99.9006
          -4.489318148,36.717034769,99.9071
          -4.489318165,36.717035101,99.9106
          -4.489318338,36.71703558,99.9104
          -4.489318342,36.717035918,99.9153
          -4.489318235,36.717036314,99.9157
          -4.489318168,36.717036668,99.9182
          -4.489318158,36.717037073,99.9203
          -4.489318238,36.717037517,99.9206
          -4.489318328,36.717038053,99.9147
          -4.489318356,36.717038427,99.9174
          -4.489318436,36.717038861,99.9197
          -4.489318467,36.717039274,99.922
          -4.489318499,36.717039592,99.9287
          -4.489318604,36.717040012,99.9308
          -4.489318685,36.71704048,99.9305
          -4.489318752,36.717041003,99.9263
          -4.489318622,36.717041324,99.9311
          -4.489318638,36.717041746,99.9317
          -4.489318821,36.717042155,99.9346
          -4.489318805,36.717042457,99.9387
          -4.489318956,36.71704292,99.9391
          -4.489318909,36.7170433,99.9396
          -4.489318921,36.71704371,99.9428
          -4.489318912,36.717044089,99.9453
          -4.48931894,36.717044517,99.9453
          -4.489319075,36.717044899,99.9457
          -4.489319093,36.71704523,99.9509
          -4.489319067,36.717045659,99.951
          -4.489319203,36.717046075,99.9537
          -4.489319185,36.717046414,99.9561
          -4.489319251,36.717046849,99.958
          -4.489319313,36.717047299,99.9597
          -4.489319164,36.717047567,99.9662
          -4.489319312,36.717048014,99.971
          -4.48931936,36.717048378,99.975
          -4.489319577,36.717048722,99.981
          -4.48931949,36.717049078,99.9871
          -4.489319479,36.717049471,99.9893
          -4.489319639,36.717049977,99.986
          -4.489319829,36.717050436,99.9866
          -4.489319738,36.71705079,99.9885
          -4.489319865,36.717051211,99.9925
          -4.489319908,36.71705155,99.9991
          -4.489319933,36.717052055,99.998
          -4.489320007,36.717052524,99.9987
          -4.48932008,36.7170529,100.0024
          -4.48932012,36.717053339,100.0013
          -4.489320174,36.717053766,99.9999
          -4.489320203,36.717054224,99.9997
          -4.489320243,36.71705464,100.003
          -4.489320337,36.717054976,100.0084
          -4.489320478,36.717055423,100.012
          -4.48932049,36.717055733,100.0212
          -4.489320405,36.717056053,100.0283
          -4.489320219,36.71705664,100.0168
          -4.489320121,36.717057069,100.0151
          -4.489319986,36.717057551,100.0103
          -4.489319995,36.717057926,100.0121
          -4.489319991,36.717058283,100.0161
          -4.489320084,36.717058758,100.0163
          -4.489320174,36.717059094,100.0213
          -4.489320255,36.717059533,100.0244
          -4.489320242,36.71705985,100.0274
          -4.489320219,36.717060244,100.0296
          -4.489320415,36.717060638,100.034
          -4.489320408,36.717060976,100.0403
          -4.489320371,36.717061267,100.048
          -4.489320418,36.717061679,100.0479
          -4.489320524,36.71706208,100.0499
          -4.489320563,36.717062497,100.0515
          -4.489320596,36.717062839,100.0558
          -4.489320635,36.717063137,100.0622
          -4.489320716,36.717063504,100.0651
          -4.489320824,36.717064075,100.0604
          -4.489321011,36.717064678,100.0523
          -4.489321,36.717065072,100.0553
          -4.489321092,36.717065466,100.0588
          -4.489321109,36.717065957,100.0586
          -4.489321217,36.717066317,100.067
          -4.489321222,36.717066771,100.068
          -4.489321202,36.717067191,100.069
          -4.489321197,36.717067544,100.0735
          -4.489321106,36.717067988,100.0751
          -4.489321314,36.717068379,100.0773
          -4.489321449,36.717068698,100.079
          -4.489321369,36.71706904,100.0799
          -4.489321481,36.717069397,100.084
          -4.489321569,36.717069695,100.0928
          -4.48932126,36.717069818,100.1049
          -4.489321441,36.717070198,100.1128
          -4.489321584,36.71707065,100.1143
          -4.489321724,36.717071186,100.1129
          -4.489321921,36.717071651,100.1138
          -4.489321895,36.717072038,100.1187
          -4.489321727,36.717072157,100.1298
          -4.489321769,36.717072502,100.1332
          -4.489322022,36.717073105,100.1271
          -4.48932235,36.717073726,100.1213
          -4.489322369,36.717074112,100.1253
          -4.489322127,36.717074474,100.1326
          -4.489322324,36.717075041,100.1276
          -4.489323019,36.71707568,100.1155
          -4.489322928,36.717075896,100.1223
          -4.489323022,36.717076331,100.1252
          -4.489323044,36.717076708,100.1304
          -4.489323105,36.717077124,100.1318
          -4.489323126,36.717077566,100.1315
          -4.489323233,36.717077987,100.1325
          -4.48932323,36.717078302,100.1372
          -4.489323297,36.717078696,100.1425
          -4.489323379,36.717079033,100.1476
          -4.489323455,36.717079435,100.1503
          -4.489323575,36.717079822,100.1516
          -4.489323646,36.717080322,100.1511
          -4.489323705,36.717080776,100.1518
          -4.489323698,36.717081214,100.1509
          -4.489323772,36.717081715,100.149
          -4.489323742,36.71708209,100.1515
          -4.489323742,36.717082492,100.1534
          -4.48932382,36.717082964,100.1521
          -4.489323955,36.71708338,100.1533
          -4.48932396,36.717083801,100.1544
          -4.489324029,36.717084184,100.1582
          -4.489324067,36.71708458,100.1605
          -4.489324094,36.717084983,100.1637
          -4.489324127,36.717085328,100.1674
          -4.48932415,36.717085721,100.1693
          -4.489324204,36.71708614,100.1705
          -4.489324223,36.717086451,100.177
          -4.489324207,36.717086883,100.1774
          -4.489324226,36.717087374,100.1738
          -4.489324253,36.717087703,100.1797
          -4.489324341,36.717088085,100.1827
          -4.489324385,36.717088539,100.1832
          -4.48932438,36.717088892,100.1875
          -4.489324391,36.717089382,100.1863
          -4.489324449,36.717089775,100.1895
          -4.489324536,36.71709019,100.1922
          -4.489324581,36.717090603,100.1942
          -4.489324573,36.717091034,100.196
          -4.48932464,36.717091454,100.1956
          -4.489324699,36.71709186,100.1972
          -4.489324767,36.717092324,100.199
          -4.489324859,36.71709274,100.2001
          -4.489324833,36.717093139,100.2018
          -4.489324983,36.717093552,100.2035
          -4.489324999,36.717093965,100.2058
          -4.489325015,36.717094397,100.2057
          -4.489325055,36.71709487,100.2048
          -4.489325088,36.717095197,100.2076
          -4.489325182,36.71709567,100.2081
          -4.489325173,36.717096047,100.2091
          -4.489325256,36.717096445,100.2122
          -4.489325323,36.717096846,100.2144
          -4.489325404,36.717097233,100.2155
          -4.489325434,36.717097607,100.2184
          -4.489325508,36.717098086,100.2177
          -4.489325548,36.717098468,100.2199
          -4.489325578,36.717098945,100.2205
          -4.489325624,36.71709937,100.2208
          -4.489325666,36.717099806,100.2221
          -4.489325712,36.71710026,100.2216
          -4.489325784,36.71710068,100.2226
          -4.489325799,36.717101081,100.2263
          -4.489325883,36.717101527,100.226
          -4.489325951,36.717101908,100.2295
          -4.489325963,36.71710232,100.2282
          -4.489326033,36.7171027,100.2304
          -4.489326102,36.717103149,100.2309
          -4.489326117,36.717103489,100.234
          -4.489326131,36.717103841,100.2387
          -4.489326181,36.717104191,100.2419
          -4.489326244,36.717104627,100.2429
          -4.489326313,36.717105066,100.2443
          -4.489326392,36.717105452,100.2464
          -4.489326457,36.717105789,100.2502
          -4.489326476,36.717106238,100.2505
          -4.489326527,36.717106587,100.2537
          -4.489326559,36.717107062,100.2524
          -4.489326581,36.717107453,100.2549
          -4.489326676,36.717107938,100.2548
          -4.489326701,36.717108338,100.2561
          -4.489326779,36.717108792,100.257
          -4.489326805,36.717109186,100.2589
          -4.489326836,36.717109556,100.26
          -4.489326959,36.71711003,100.2585
          -4.489326992,36.717110425,100.2606
          -4.489327034,36.717110887,100.2614
          -4.489327067,36.717111255,100.2623
          -4.489327095,36.717111665,100.2654
          -4.4893272,36.717112134,100.2649
          -4.489327194,36.717112519,100.267
          -4.489327181,36.717112838,100.2707
          -4.489327294,36.717113329,100.2692
          -4.489327307,36.71711368,100.2739
          -4.489327378,36.717114085,100.2742
          -4.489327465,36.717114458,100.2778
          -4.489327476,36.717114905,100.2787
          -4.489327482,36.71711531,100.2806
          -4.489327591,36.717115671,100.2845
          -4.489327595,36.71711612,100.2835
          -4.48932761,36.717116491,100.2844
          -4.48932756,36.717116888,100.2873
          -4.489327682,36.717117303,100.2891
          -4.489327672,36.717117687,100.292
          -4.489327685,36.71711806,100.296
          -4.489327699,36.717118415,100.2989
          -4.489327744,36.717118838,100.2995
          -4.489327784,36.717119259,100.2999
          -4.489327904,36.717119677,100.3017
          -4.489327888,36.717120075,100.3044
          -4.48932795,36.717120495,100.3058
          -4.489327971,36.717120884,100.3084
          -4.489328116,36.717121323,100.3082
          -4.489328147,36.717121726,100.3095
          -4.489328184,36.717122145,100.311
          -4.489328203,36.717122605,100.3111
          -4.489328298,36.717122988,100.3154
          -4.489328344,36.717123446,100.3154
          -4.489328445,36.717123857,100.3187
          -4.489328434,36.717124273,100.3201
          -4.489328395,36.717124587,100.3261
          -4.48932844,36.717125033,100.3284
          -4.489328626,36.71712549,100.3278
          -4.489328755,36.717125949,100.3261
          -4.489328795,36.717126304,100.3309
          -4.489328881,36.717126686,100.3351
          -4.489328887,36.7171271,100.3362
          -4.489329024,36.717127476,100.3411
          -4.489328981,36.717127896,100.3421
          -4.489329072,36.717128335,100.342
          -4.489328985,36.717128668,100.3468
          -4.489329162,36.717129181,100.3452
          -4.489329156,36.717129574,100.3498
          -4.489329341,36.717129949,100.3528
          -4.489329441,36.717130374,100.3536
          -4.489329497,36.717130831,100.3544
          -4.489329538,36.71713121,100.3558
          -4.489329612,36.717131669,100.3547
          -4.489329694,36.717132091,100.3562
          -4.48932975,36.717132479,100.3578
          -4.489329749,36.717132885,100.3587
          -4.4893298,36.717133311,100.3598
          -4.489329888,36.717133752,100.3605
          -4.489329902,36.717134172,100.3618
          -4.489329973,36.717134566,100.3636
          -4.48933005,36.717134978,100.3646
          -4.489330079,36.717135357,100.3658
          -4.489330102,36.717135761,100.3686
          -4.489330057,36.71713606,100.3732
          -4.489330035,36.717136469,100.3752
          -4.489330129,36.717136823,100.3777
          -4.489330251,36.717137343,100.3737
          -4.489330348,36.717137722,100.375
          -4.489330377,36.717138135,100.376
          -4.48933046,36.71713859,100.3768
          -4.48933049,36.717138952,100.3792
          -4.489330534,36.717139334,100.3817
          -4.489330564,36.717139756,100.3822
          -4.489330611,36.717140199,100.3838
          -4.489330645,36.717140607,100.3858
          -4.489330702,36.717141082,100.3868
          -4.48933074,36.717141405,100.3906
          -4.489330849,36.717141886,100.3901
          -4.489330865,36.717142247,100.3918
          -4.489330979,36.717142685,100.3917
          -4.489331067,36.717143066,100.3947
          -4.489331096,36.717143491,100.3971
          -4.489331091,36.717143795,100.4034
          -4.489331153,36.717144218,100.4047
          -4.489331161,36.717144605,100.4076
          -4.489331194,36.717144997,100.4092
          -4.489331369,36.717145446,100.4088
          -4.489331332,36.717145822,100.411
          -4.489331369,36.717146226,100.412
          -4.489331465,36.71714668,100.4107
          -4.489331552,36.71714711,100.4137
          -4.489331619,36.71714745,100.4197
          -4.489331726,36.717147869,100.4223
          -4.489331739,36.717148313,100.4241
          -4.489331748,36.717148802,100.4247
          -4.489331658,36.717149181,100.4268
          -4.489331698,36.717149532,100.4298
          -4.489331798,36.717149989,100.4294
          -4.489331845,36.717150471,100.4303
          -4.489331816,36.717150753,100.4346
          -4.489331824,36.717151131,100.4379
          -4.4893319,36.717151496,100.4417
          -4.489332036,36.717151962,100.4419
          -4.489332014,36.717152391,100.4417
          -4.489332091,36.717152838,100.441
          -4.489332163,36.71715335,100.4401
          -4.489332145,36.717153716,100.4443
          -4.48933217,36.717154207,100.4441
          -4.489332132,36.717154524,100.449
          -4.489332182,36.717154921,100.4516
          -4.489332281,36.717155407,100.4511
          -4.489332339,36.717155835,100.4526
          -4.489332418,36.717156198,100.4551
          -4.48933246,36.717156627,100.4556
          -4.489332497,36.717156974,100.4571
          -4.489332565,36.717157387,100.4591
          -4.489332651,36.717157771,100.461
          -4.48933268,36.717158193,100.4619
          -4.489332681,36.71715861,100.4628
          -4.489332805,36.717159074,100.4642
          -4.489332815,36.71715947,100.4667
          -4.489332847,36.717159828,100.4693
          -4.489332952,36.717160242,100.4702
          -4.489332931,36.717160632,100.4731
          -4.489332982,36.717161054,100.4733
          -4.489333052,36.717161455,100.4739
          -4.48933308,36.717161853,100.4768
          -4.489333145,36.717162249,100.4782
          -4.489333137,36.717162737,100.479
          -4.489333176,36.717163139,100.4821
          -4.489333245,36.717163459,100.4876
          -4.489333253,36.71716384,100.4908
          -4.489333363,36.717164209,100.4934
          -4.489333333,36.717164672,100.4921
          -4.489333347,36.717165084,100.492
          -4.489333378,36.717165528,100.4926
          -4.489333483,36.717165947,100.4944
          -4.489333518,36.71716637,100.4961
          -4.489333543,36.717166764,100.4978
          -4.489333626,36.717167145,100.5003
          -4.489333685,36.717167605,100.5015
          -4.489333762,36.717168023,100.5033
          -4.489333716,36.717168421,100.5054
          -4.489333826,36.717168873,100.5069
          -4.48933392,36.71716932,100.5074
          -4.489333921,36.717169619,100.5121
          -4.489333887,36.717169999,100.5143
          -4.489334023,36.717170403,100.5163
          -4.489334171,36.717170864,100.5152
          -4.489334219,36.717171221,100.5189
          -4.489334293,36.717171724,100.5173
          -4.489334341,36.717172091,100.5199
          -4.489334376,36.717172478,100.5214
          -4.489334453,36.71717289,100.5224
          -4.489334524,36.717173287,100.5236
          -4.48933457,36.717173743,100.5245
          -4.489334578,36.717174186,100.5273
          -4.489334655,36.717174639,100.5287
          -4.489334708,36.717175038,100.5301
          -4.489334799,36.717175424,100.5321
          -4.489334834,36.717175825,100.5348
          -4.48933491,36.717176225,100.5362
          -4.489334984,36.717176652,100.5375
          -4.489335004,36.717177031,100.5405
          -4.489335092,36.717177467,100.5419
          -4.489335127,36.717177862,100.5427
          -4.48933521,36.717178313,100.543
          -4.489335243,36.717178716,100.5456
          -4.489335348,36.71717914,100.5467
          -4.489335386,36.71717951,100.5487
          -4.489335446,36.717179862,100.5535
          -4.489335527,36.717180242,100.5557
          -4.48933555,36.717180691,100.556
          -4.489335588,36.717181101,100.5571
          -4.489335638,36.717181536,100.5578
          -4.489335674,36.717181915,100.5621
          -4.48933572,36.717182359,100.5646
          -4.489335751,36.717182753,100.5663
          -4.489335814,36.717183123,100.5687
          -4.48933589,36.717183581,100.5697
          -4.489335975,36.717183956,100.5732
          -4.489336118,36.717184449,100.5736
          -4.489336146,36.717184795,100.5781
          -4.489336181,36.717185226,100.5791
          -4.489336195,36.717185573,100.5834
          -4.489336307,36.717186001,100.5851
          -4.489336373,36.717186396,100.5884
          -4.48933638,36.717186836,100.5878
          -4.48933642,36.717187197,100.5901
          -4.489336493,36.717187641,100.5909
          -4.489336581,36.717188058,100.5909
          -4.489336613,36.717188467,100.5925
          -4.489336681,36.717188897,100.5934
          -4.489336758,36.717189336,100.595
          -4.489336818,36.717189764,100.5957
          -4.489336905,36.717190164,100.5982
          -4.489336935,36.717190605,100.5989
          -4.489336958,36.71719098,100.6003
          -4.489336986,36.717191418,100.6018
          -4.489337083,36.717191809,100.6048
          -4.489337105,36.717192197,100.6075
          -4.489337191,36.717192625,100.6086
          -4.489337298,36.717193017,100.6123
          -4.489337373,36.717193424,100.6153
          -4.48933738,36.717193842,100.6156
          -4.489337382,36.717194201,100.6195
          -4.489337438,36.717194607,100.6199
          -4.489337496,36.71719506,100.6207
          -4.489337566,36.717195492,100.6218
          -4.489337636,36.717195913,100.6212
          -4.489337682,36.717196404,100.6193
          -4.489337782,36.717196838,100.6196
          -4.489337804,36.717197216,100.6203
          -4.489337904,36.717197644,100.6212
          -4.489337954,36.717198078,100.6202
          -4.489337983,36.717198469,100.6224
          -4.489338098,36.717198871,100.6247
          -4.489338071,36.717199273,100.6266
          -4.489338199,36.717199724,100.6252
          -4.489338321,36.717200149,100.6252
          -4.489338322,36.717200523,100.6273
          -4.489338369,36.717200875,100.6299
          -4.489338422,36.717201281,100.632
          -4.48933846,36.717201699,100.6328
          -4.489338493,36.717202099,100.6346
          -4.48933854,36.717202452,100.6383
          -4.489338625,36.717202925,100.6383
          -4.489338686,36.717203379,100.6381
          -4.489338805,36.717203782,100.6402
          -4.489338859,36.717204209,100.6403
          -4.489338903,36.717204611,100.6416
          -4.489338955,36.717204981,100.6438
          -4.489338986,36.717205337,100.6466
          -4.489339093,36.71720581,100.6445
          -4.489339165,36.717206193,100.6482
          -4.489339133,36.717206578,100.6496
          -4.489339194,36.717207021,100.6483
          -4.489339284,36.717207414,100.6485
          -4.489339367,36.717207794,100.6501
          -4.489339461,36.717208229,100.6526
          -4.489339506,36.717208596,100.6549
          -4.48933959,36.717209099,100.6535
          -4.489339671,36.717209527,100.6538
          -4.489339688,36.717209922,100.6557
          -4.489339756,36.717210287,100.6587
          -4.489339856,36.717210728,100.6581
          -4.489339743,36.717211077,100.6617
          -4.489339707,36.717211446,100.6668
          -4.489339882,36.717211921,100.6643
          -4.489340057,36.71721236,100.6623
          -4.48934008,36.717212826,100.6617
          -4.489340155,36.71721322,100.6628
          -4.489340254,36.717213645,100.664
          -4.489340316,36.717214066,100.666
          -4.489340354,36.717214484,100.6678
          -4.489340406,36.717214869,100.67
          -4.489340489,36.717215291,100.6696
          -4.489340531,36.717215674,100.6711
          -4.489340629,36.717216067,100.6743
          -4.48934072,36.717216469,100.6766
          -4.489340754,36.717216837,100.6785
          -4.489340837,36.717217255,100.6788
          -4.489340929,36.717217689,100.6773
          -4.489341007,36.717218056,100.6818
          -4.48934107,36.71721849,100.6835
          -4.489341102,36.717218887,100.6857
          -4.489341158,36.717219321,100.6862
          -4.489341214,36.717219707,100.6893
          -4.489341282,36.717220152,100.6892
          -4.48934132,36.717220548,100.6918
          -4.48934137,36.717220939,100.6947
          -4.489341464,36.717221359,100.6965
          -4.489341521,36.717221807,100.6959
          -4.489341567,36.717222185,100.6989
          -4.489341661,36.717222632,100.6998
          -4.489341731,36.717223064,100.702
          -4.489341781,36.717223496,100.7026
          -4.489341829,36.71722388,100.7025
          -4.489341881,36.717224302,100.7039
          -4.4893419,36.71722473,100.7053
          -4.489341923,36.717225131,100.7058
          -4.489342011,36.717225504,100.7097
          -4.489342096,36.717225898,100.71
          -4.489342161,36.71722629,100.7116
          -4.489342198,36.717226655,100.7128
          -4.489342322,36.717227054,100.7131
          -4.489342348,36.717227424,100.7142
          -4.48934241,36.717227875,100.7143
          -4.489342442,36.717228275,100.7162
          -4.489342476,36.717228696,100.7177
          -4.489342523,36.717229135,100.7186
          -4.489342582,36.717229506,100.7217
          -4.489342632,36.717229915,100.7235
          -4.489342656,36.717230347,100.7242
          -4.489342666,36.71723076,100.7261
          -4.489342821,36.717231212,100.7261
          -4.489342881,36.717231586,100.7283
          -4.489342911,36.717231991,100.7313
          -4.489342946,36.71723242,100.732
          -4.489343023,36.717232837,100.7316
          -4.489343011,36.717233266,100.7323
          -4.489343068,36.717233658,100.7335
          -4.489343126,36.71723403,100.735
          -4.489343246,36.717234487,100.7354
          -4.489343238,36.717234906,100.7358
          -4.489343373,36.717235331,100.7363
          -4.489343371,36.71723574,100.7355
          -4.489343469,36.717236131,100.7373
          -4.489343482,36.717236533,100.7405
          -4.489343582,36.717236923,100.7419
          -4.489343681,36.717237331,100.742
          -4.489343709,36.717237794,100.7411
          -4.489343791,36.717238247,100.7402
          -4.48934382,36.717238666,100.7404
          -4.489343869,36.717239033,100.7429
          -4.489343912,36.717239511,100.7419
          -4.489343968,36.717239891,100.7432
          -4.489344033,36.717240323,100.7433
          -4.489344106,36.717240745,100.7442
          -4.489344182,36.717241202,100.7444
          -4.489344228,36.717241603,100.7451
          -4.489344311,36.71724203,100.7449
          -4.489344387,36.717242424,100.7463
          -4.489344449,36.717242869,100.7465
          -4.489344475,36.717243242,100.7481
          -4.489344546,36.717243628,100.7495
          -4.489344654,36.717244043,100.7506
          -4.48934468,36.717244421,100.751
          -4.48934478,36.717244849,100.7503
          -4.489344794,36.717245236,100.7525
          -4.489344839,36.717245647,100.7536
          -4.489344942,36.717246063,100.753
          -4.48934501,36.717246449,100.7544
          -4.489345037,36.717246771,100.76
          -4.48934499,36.717247055,100.766
          -4.489345095,36.717247591,100.7613
          -4.489345277,36.717248056,100.758
          -4.489345374,36.717248521,100.7571
          -4.489345452,36.717248905,100.7585
          -4.489345535,36.717249323,100.7609
          -4.489345534,36.717249699,100.7635
          -4.489345652,36.717250084,100.766
          -4.48934573,36.717250486,100.766
          -4.48934579,36.717250945,100.7662
          -4.489345871,36.717251406,100.7669
          -4.489345879,36.717251842,100.7685
          -4.489345942,36.717252243,100.7708
          -4.489346044,36.717252581,100.7728
          -4.489346075,36.717253039,100.772
          -4.4893461,36.717253384,100.7748
          -4.489346201,36.717253742,100.7783
          -4.48934624,36.717254179,100.7798
          -4.489346379,36.717254663,100.7753
          -4.489346482,36.717255048,100.7766
          -4.489346528,36.717255429,100.7784
          -4.489346636,36.717255815,100.7793
          -4.489346743,36.717256276,100.7784
          -4.489346771,36.717256706,100.7795
          -4.48934682,36.717257113,100.78
          -4.489346912,36.717257576,100.7783
          -4.48934696,36.717258003,100.7777
          -4.489347041,36.717258439,100.7776
          -4.489347094,36.717258835,100.779
          -4.489347183,36.717259208,100.7797
          -4.489347265,36.717259632,100.7803
          -4.489347365,36.717260036,100.782
          -4.489347401,36.717260424,100.7839
          -4.489347463,36.7172608,100.7845
          -4.489347519,36.717261189,100.7875
          -4.489347624,36.717261621,100.7872
          -4.489347647,36.717261992,100.7898
          -4.489347676,36.717262394,100.792
          -4.489347807,36.717262789,100.7929
          -4.489347866,36.717263191,100.7929
          -4.489347962,36.717263612,100.7933
          -4.489348005,36.717264031,100.7938
          -4.489348037,36.717264452,100.7951
          -4.489348121,36.717264893,100.795
          -4.489348164,36.71726528,100.7962
          -4.48934826,36.717265691,100.7967
          -4.489348334,36.717266108,100.7973
          -4.48934844,36.717266526,100.7997
          -4.489348516,36.717266979,100.7993
          -4.489348551,36.71726739,100.7991
          -4.489348616,36.717267801,100.7985
          -4.48934871,36.717268201,100.7986
          -4.489348767,36.717268619,100.7987
          -4.489348795,36.717269019,100.8015
          -4.489348863,36.71726938,100.8054
          -4.489348926,36.71726981,100.8061
          -4.489348999,36.717270199,100.8068
          -4.489349097,36.717270616,100.808
          -4.489349119,36.71727098,100.8101
          -4.489349206,36.717271387,100.8096
          -4.489349275,36.717271793,100.8104
          -4.489349324,36.717272214,100.8109
          -4.489349396,36.717272591,100.8131
          -4.489349474,36.71727302,100.8135
          -4.48934957,36.717273473,100.8123
          -4.489349646,36.71727388,100.8137
          -4.489349681,36.71727432,100.8134
          -4.48934977,36.717274699,100.8151
          -4.489349798,36.717275097,100.8175
          -4.489349884,36.717275526,100.8173
          -4.489349975,36.717275952,100.8178
          -4.489350065,36.717276348,100.8183
          -4.48935009,36.717276786,100.8182
          -4.489350154,36.717277176,100.8199
          -4.489350236,36.717277587,100.8207
          -4.489350323,36.717277999,100.8215
          -4.489350413,36.717278414,100.8221
          -4.489350517,36.71727882,100.8226
          -4.489350622,36.717279221,100.8243
          -4.489350655,36.717279632,100.8259
          -4.489350759,36.717280058,100.8266
          -4.489350861,36.717280491,100.8263
          -4.489350888,36.71728086,100.8286
          -4.489350935,36.717281268,100.8305
          -4.489351019,36.717281673,100.8309
          -4.489351084,36.717282071,100.8322
          -4.489351151,36.717282458,100.833
          -4.489351257,36.717282887,100.8328
          -4.489351277,36.717283284,100.8347
          -4.489351379,36.717283753,100.8321
          -4.489351396,36.717284148,100.8318
          -4.489351487,36.717284523,100.8338
          -4.489351573,36.717284937,100.8345
          -4.489351679,36.717285341,100.8365
          -4.489351755,36.717285796,100.8361
          -4.489351794,36.717286218,100.8357
          -4.489351824,36.717286605,100.8373
          -4.489351919,36.717287009,100.8378
          -4.489351988,36.717287423,100.8394
          -4.48935203,36.717287809,100.8399
          -4.489352132,36.717288262,100.841
          -4.489352181,36.717288669,100.8406
          -4.489352337,36.717289064,100.8424
          -4.489352415,36.717289455,100.8438
          -4.489352495,36.717289889,100.8444
          -4.489352613,36.717290271,100.848
          -4.489352643,36.717290627,100.8509
          -4.489352699,36.717291036,100.8506
          -4.489352809,36.717291477,100.8508
          -4.489352857,36.71729186,100.8525
          -4.489352983,36.717292274,100.8545
          -4.489353017,36.717292635,100.857
          -4.489353088,36.717293052,100.858
          -4.489353153,36.717293431,100.8599
          -4.489353264,36.717293832,100.8614
          -4.489353357,36.71729423,100.8632
          -4.489353441,36.717294652,100.8644
          -4.4893535,36.717295064,100.8661
          -4.489353553,36.717295486,100.8678
          -4.489353594,36.717295889,100.87
          -4.489353647,36.717296352,100.8697
          -4.489353716,36.717296748,100.8717
          -4.489353807,36.717297151,100.8735
          -4.489353916,36.717297573,100.8738
          -4.489354011,36.717297993,100.8755
          -4.489354079,36.717298447,100.8752
          -4.489354159,36.717298843,100.8769
          -4.489354245,36.717299229,100.8792
          -4.489354309,36.71729964,100.8813
          -4.489354412,36.717300046,100.8811
          -4.489354478,36.717300463,100.8813
          -4.489354582,36.717300896,100.8813
          -4.489354661,36.717301306,100.8824
          -4.48935475,36.717301703,100.8834
          -4.489354859,36.717302108,100.8844
          -4.489354954,36.717302475,100.8862
          -4.489355013,36.717302908,100.8871
          -4.489355114,36.717303267,100.8895
          -4.489355141,36.717303674,100.8911
          -4.489355319,36.717304102,100.8897
          -4.489355488,36.717304541,100.8887
          -4.489355522,36.717304929,100.8899
          -4.489355596,36.717305367,100.8893
          -4.48935567,36.717305771,100.8901
          -4.489355773,36.717306167,100.8912
          -4.489355875,36.717306526,100.8927
          -4.489355971,36.71730693,100.895
          -4.489356026,36.7173073,100.8976
          -4.489356089,36.717307734,100.8995
          -4.489356223,36.717308163,100.898
          -4.4893563,36.717308465,100.9024
          -4.489356417,36.717308878,100.903
          -4.489356447,36.717309245,100.9064
          -4.489356563,36.71730966,100.9069
          -4.489356643,36.717310115,100.9069
          -4.489356751,36.717310573,100.9059
          -4.489356843,36.717310979,100.9066
          -4.489356919,36.717311429,100.906
          -4.489356994,36.717311848,100.9062
          -4.489357063,36.717312199,100.9093
          -4.48935711,36.717312627,100.9093
          -4.489357293,36.717313075,100.9089
          -4.489357366,36.717313456,100.9117
          -4.489357398,36.717313883,100.9124
          -4.489357508,36.717314305,100.9124
          -4.489357615,36.717314708,100.9134
          -4.489357699,36.717315128,100.9143
          -4.489357766,36.71731548,100.9166
          -4.489357841,36.717315927,100.916
          -4.489357916,36.717316331,100.9175
          -4.489358004,36.717316776,100.9172
          -4.489358079,36.717317143,100.9189
          -4.489358166,36.71731755,100.9201
          -4.489358262,36.717317948,100.9206
          -4.489358375,36.717318386,100.9197
          -4.489358456,36.717318788,100.9215
          -4.489358516,36.717319149,100.9229
          -4.489358655,36.717319565,100.9242
          -4.489358727,36.717319924,100.9254
          -4.489358836,36.71732036,100.9249
          -4.489358964,36.71732077,100.9249
          -4.489359069,36.717321215,100.9239
          -4.489359149,36.717321595,100.9259
          -4.4893593,36.717322064,100.9235
          -4.489359403,36.717322425,100.9258
          -4.489359515,36.71732283,100.9282
          -4.489359628,36.717323198,100.9306
          -4.489359739,36.717323603,100.9313
          -4.48935988,36.717324027,100.9301
          -4.489360001,36.717324491,100.9285
          -4.489360044,36.717324854,100.9323
          -4.489360141,36.71732522,100.9346
          -4.489360258,36.717325591,100.9375
          -4.489360336,36.717325964,100.9415
          -4.48936043,36.717326366,100.9421
          -4.489360603,36.717326822,100.9408
          -4.489360692,36.717327223,100.9413
          -4.489360742,36.717327653,100.9424
          -4.489360863,36.717328055,100.9432
          -4.489361036,36.717328469,100.9425
          -4.489361146,36.717328834,100.9456
          -4.4893612,36.717329235,100.9481
          -4.489361421,36.717329645,100.9489
          -4.489361648,36.717330051,100.9471
          -4.489361845,36.717330422,100.9469
          -4.48936207,36.717330781,100.948
          -4.489362314,36.717331077,100.9522
          -4.489362686,36.717331377,100.9549
          -4.489362976,36.717331662,100.9602
          -4.489363234,36.717331987,100.9638
          -4.489363514,36.71733225,100.9664
          -4.489363872,36.717332582,100.9632
          -4.489364152,36.717332837,100.9668
          -4.489364444,36.717333177,100.9687
          -4.489364726,36.717333477,100.9721
          -4.489365032,36.717333777,100.9741
          -4.489365442,36.717334105,100.9724
          -4.489365757,36.717334443,100.9761
          -4.48936614,36.717334724,100.9771
          -4.489366521,36.717335054,100.9785
          -4.48936689,36.717335369,100.9795
          -4.489367219,36.717335702,100.9801
          -4.489367585,36.717336046,100.9808
          -4.489367964,36.717336358,100.9817
          -4.489368396,36.717336676,100.9823
          -4.489368753,36.717336941,100.9847
          -4.489369126,36.717337241,100.985
          -4.489369532,36.717337518,100.9848
          -4.489369918,36.717337778,100.9865
          -4.489370263,36.717338073,100.9885
          -4.489370558,36.717338323,100.9912
          -4.489370886,36.717338613,100.9925
          -4.48937129,36.717338903,100.9929
          -4.489371743,36.717339152,100.9936
          -4.489372088,36.717339417,100.9945
          -4.489372443,36.717339643,100.9963
          -4.48937279,36.717339899,100.9983
          -4.48937319,36.717340146,100.9991
          -4.489373576,36.717340362,101.0029
          -4.489374025,36.717340536,101.0054
          -4.489374353,36.7173408,101.0095
          -4.489374706,36.71734105,101.0126
          -4.489375133,36.717341331,101.0145
          -4.489375565,36.717341553,101.0167
          -4.489375985,36.717341797,101.0183
          -4.489376398,36.71734204,101.0205
          -4.489376786,36.717342235,101.0245
          -4.48937723,36.717342438,101.0286
          -4.489377727,36.717342666,101.0296
          -4.489378122,36.717342892,101.0323
          -4.489378513,36.717343099,101.0355
          -4.489379002,36.717343292,101.0378
          -4.489379383,36.717343565,101.039
          -4.489379832,36.717343764,101.0404
          -4.489380272,36.717343987,101.0417
          -4.489380638,36.71734421,101.0455
          -4.489381098,36.717344453,101.0461
          -4.489381541,36.717344654,101.0476
          -4.489381964,36.717344853,101.0492
          -4.489382329,36.717345057,101.0525
          -4.489382834,36.717345275,101.0542
          -4.489383244,36.717345521,101.0555
          -4.489383638,36.717345747,101.0592
          -4.489384036,36.71734593,101.0619
          -4.489384461,36.717346165,101.0655
          -4.489384915,36.717346356,101.0681
          -4.489385328,36.717346593,101.0715
          -4.489385739,36.71734681,101.0732
          -4.489386196,36.717347012,101.0748
          -4.489386634,36.717347214,101.078
          -4.489387146,36.717347427,101.0792
          -4.489387543,36.717347646,101.0828
          -4.489387967,36.71734788,101.0859
          -4.489388375,36.717348067,101.0904
          -4.48938891,36.717348291,101.0911
          -4.489389306,36.717348535,101.0921
          -4.489389721,36.717348752,101.0939
          -4.489390233,36.717348935,101.0956
          -4.489390645,36.717349165,101.0968
          -4.489391093,36.717349397,101.0974
          -4.489391568,36.717349612,101.0994
          -4.489391993,36.717349804,101.1012
          -4.489392426,36.717350001,101.1041
          -4.489392875,36.717350176,101.1076
          -4.489393332,36.71735036,101.1111
          -4.489393731,36.717350558,101.1149
          -4.489394189,36.717350736,101.1171
          -4.489394658,36.71735096,101.1166
          -4.489395133,36.717351158,101.1169
          -4.489395607,36.717351381,101.1172
          -4.489395961,36.717351581,101.1208
          -4.489396441,36.717351838,101.1205
          -4.489396909,36.717352023,101.123
          -4.489397387,36.717352228,101.1246
          -4.489397881,36.717352415,101.127
          -4.489398329,36.717352605,101.1277
          -4.489398818,36.717352849,101.1281
          -4.489399258,36.717353039,101.1297
          -4.489399729,36.717353248,101.1296
          -4.489400179,36.717353413,101.131
          -4.489400634,36.717353636,101.1324
          -4.489401066,36.717353812,101.1339
          -4.489401563,36.717354023,101.1351
          -4.489401982,36.717354219,101.1363
          -4.489402474,36.717354417,101.1376
          -4.489402856,36.7173546,101.1396
          -4.489403331,36.717354795,101.1406
          -4.48940378,36.71735497,101.143
          -4.489404211,36.717355182,101.146
          -4.489404684,36.71735541,101.1451
          -4.489405121,36.71735558,101.1459
          -4.489405559,36.717355773,101.1467
          -4.489406014,36.717355924,101.1482
          -4.489406419,36.717356132,101.1504
          -4.489406834,36.717356341,101.1537
          -4.489407303,36.717356536,101.1554
          -4.489407775,36.717356738,101.1556
          -4.489408268,36.717356888,101.1564
          -4.48940866,36.717357044,101.1587
          -4.489409103,36.717357271,101.1617
          -4.489409591,36.71735743,101.1634
          -4.489410077,36.717357645,101.163
          -4.489410464,36.717357832,101.1665
          -4.489410902,36.717358047,101.1678
          -4.489411411,36.717358213,101.1678
          -4.489411923,36.717358426,101.1684
          -4.489412415,36.717358621,101.1706
          -4.489412841,36.717358826,101.1714
          -4.489413304,36.717359017,101.172
          -4.48941377,36.717359226,101.1745
          -4.48941423,36.717359396,101.1741
          -4.489414629,36.71735959,101.1774
          -4.489415221,36.717359783,101.1752
          -4.489415629,36.717360008,101.1795
          -4.489416042,36.717360193,101.1806
          -4.489416532,36.71736032,101.1816
          -4.489416976,36.717360525,101.1823
          -4.489417429,36.717360729,101.184
          -4.489417928,36.717360942,101.1844
          -4.489418445,36.71736115,101.1832
          -4.48941892,36.717361301,101.185
          -4.489419345,36.717361485,101.1876
          -4.489419703,36.717361664,101.1901
          -4.489420156,36.717361869,101.1911
          -4.489420661,36.717362083,101.1898
          -4.489421147,36.717362298,101.1885
          -4.489421617,36.717362495,101.1884
          -4.489422067,36.71736269,101.188
          -4.489422473,36.717362918,101.19
          -4.48942294,36.717363112,101.1903
          -4.489423452,36.717363287,101.1893
          -4.489423953,36.717363507,101.1889
          -4.489424435,36.717363674,101.1892
          -4.489424899,36.71736392,101.188
          -4.489425412,36.717364128,101.1861
          -4.489425866,36.717364334,101.1855
          -4.489426309,36.717364521,101.1855
          -4.489426785,36.71736473,101.1849
          -4.489427204,36.717364962,101.1851
          -4.489427674,36.717365154,101.1841
          -4.489428082,36.717365354,101.1873
          -4.489428535,36.717365546,101.1867
          -4.489429042,36.717365694,101.1873
          -4.48942952,36.717365901,101.1856
          -4.489429931,36.717366119,101.1861
          -4.489430363,36.717366344,101.1859
          -4.489430772,36.717366528,101.1865
          -4.489431227,36.717366751,101.187
          -4.489431665,36.717366985,101.1862
          -4.48943212,36.717367153,101.1865
          -4.489432535,36.717367336,101.188
          -4.489433014,36.717367535,101.1877
          -4.489433474,36.717367721,101.1866
          -4.489433923,36.717367895,101.1872
          -4.489434326,36.717368079,101.1892
          -4.489434729,36.717368254,101.1912
          -4.489435182,36.717368465,101.1929
          -4.489435668,36.717368622,101.1932
          -4.489436081,36.717368811,101.1948
          -4.489436542,36.717368999,101.1939
          -4.489436988,36.717369197,101.1947
          -4.489437409,36.71736939,101.1953
          -4.489437837,36.717369561,101.1964
          -4.489438245,36.717369788,101.1963
          -4.489438768,36.717370012,101.1951
          -4.489439236,36.717370201,101.1948
          -4.489439694,36.717370413,101.1952
          -4.489440322,36.7173706,101.1931
          -4.489440717,36.717370815,101.1968
          -4.489441132,36.717371032,101.1997
          -4.489441543,36.717371225,101.2026
          -4.48944203,36.71737143,101.2019
          -4.489442542,36.717371636,101.1988
          -4.489443041,36.717371864,101.1966
          -4.489443494,36.717372037,101.1977
          -4.489443946,36.717372205,101.1998
          -4.489444364,36.71737242,101.2012
          -4.489444807,36.717372604,101.2006
          -4.489445264,36.717372828,101.2008
          -4.489445644,36.717372986,101.2058
          -4.489446162,36.717373223,101.2045
          -4.489446561,36.717373445,101.2067
          -4.489446967,36.71737367,101.2061
          -4.489447416,36.717373863,101.2065
          -4.489447921,36.717374053,101.2052
          -4.489448354,36.717374218,101.2052
          -4.489448785,36.717374426,101.205
          -4.489449237,36.717374598,101.2037
          -4.489449668,36.71737479,101.2046
          -4.489450141,36.717374992,101.2043
          -4.48945055,36.717375184,101.2069
          -4.489450957,36.717375419,101.2091
          -4.489451428,36.717375648,101.2089
          -4.489451868,36.717375863,101.2098
          -4.489452321,36.717376028,101.2087
          -4.489452806,36.717376231,101.2078
          -4.489453313,36.717376422,101.2075
          -4.48945374,36.717376577,101.2098
          -4.48945412,36.717376768,101.2133
          -4.489454479,36.717377014,101.2171
          -4.489454923,36.717377228,101.2181
          -4.489455408,36.717377449,101.2186
          -4.489455776,36.717377651,101.2216
          -4.48945626,36.717377839,101.2211
          -4.48945677,36.717378011,101.22
          -4.48945716,36.717378185,101.2224
          -4.489457615,36.717378393,101.2236
          -4.489458002,36.71737854,101.2268
          -4.48945849,36.717378746,101.2267
          -4.489458973,36.717378945,101.2269
          -4.489459366,36.717379138,101.2308
          -4.489459812,36.717379339,101.2344
          -4.489460263,36.717379554,101.2344
          -4.489460801,36.71737976,101.2325
          -4.489461201,36.717379962,101.2348
          -4.489461635,36.717380179,101.2353
          -4.489462069,36.71738035,101.2365
          -4.489462541,36.717380565,101.2357
          -4.489462964,36.717380757,101.2361
          -4.489463465,36.717380888,101.2365
          -4.489463952,36.717381119,101.237
          -4.489464433,36.717381323,101.2402
          -4.489464889,36.717381509,101.2417
          -4.489465308,36.717381735,101.2421
          -4.489465684,36.717381938,101.2457
          -4.489466184,36.717382155,101.2438
          -4.489466703,36.717382393,101.2405
          -4.489467188,36.717382573,101.2422
          -4.489467706,36.717382741,101.2424
          -4.489468161,36.717382942,101.2438
          -4.489468604,36.717383141,101.2442
          -4.489469051,36.717383357,101.2434
          -4.489469505,36.717383516,101.2445
          -4.489469957,36.71738371,101.2433
          -4.489470411,36.717383924,101.2451
          -4.489470892,36.717384141,101.2448
          -4.489471384,36.717384325,101.2461
          -4.489471819,36.71738446,101.2478
          -4.489472162,36.717384639,101.2513
          -4.489472585,36.717384861,101.2524
          -4.489473155,36.717385079,101.2483
          -4.489473535,36.717385203,101.2518
          -4.489474032,36.717385418,101.25
          -4.489474458,36.7173856,101.2502
          -4.48947496,36.717385824,101.2508
          -4.489475367,36.717386037,101.2533
          -4.489475789,36.717386192,101.257
          -4.489476277,36.717386399,101.2566
          -4.489476757,36.717386571,101.2562
          -4.489477238,36.717386808,101.2555
          -4.489477685,36.717386991,101.2562
          -4.489478155,36.717387191,101.256
          -4.489478647,36.717387331,101.2557
          -4.489479111,36.717387519,101.2564
          -4.489479582,36.717387695,101.2561
          -4.489480024,36.717387885,101.2561
          -4.489480437,36.717388081,101.2553
          -4.489480921,36.717388264,101.2558
          -4.489481349,36.717388471,101.2571
          -4.48948187,36.717388652,101.2555
          -4.4894823,36.717388875,101.258
          -4.48948276,36.717389031,101.2574
          -4.489483171,36.717389242,101.2574
          -4.489483671,36.717389464,101.2563
          -4.489484102,36.717389634,101.2569
          -4.489484638,36.71738982,101.2556
          -4.489485077,36.717390022,101.2551
          -4.489485502,36.717390231,101.2568
          -4.48948596,36.717390424,101.255
          -4.489486373,36.717390625,101.255
          -4.489486845,36.717390803,101.2542
          -4.489487321,36.717390979,101.253
          -4.489487776,36.717391153,101.2552
          -4.489488219,36.717391325,101.2571
          -4.489488722,36.717391499,101.2557
          -4.489489051,36.717391694,101.2587
          -4.489489545,36.717391878,101.2575
          -4.489489999,36.71739208,101.2559
          -4.489490483,36.717392298,101.2551
          -4.489490923,36.717392508,101.2538
          -4.489491442,36.717392696,101.2507
          -4.48949193,36.717392852,101.2508
          -4.489492417,36.717393038,101.2519
          -4.489492842,36.717393259,101.2526
          -4.489493324,36.717393474,101.2518
          -4.48949383,36.717393703,101.2504
          -4.489494227,36.717393896,101.2524
          -4.489494712,36.71739406,101.2519
          -4.489495183,36.717394235,101.2524
          -4.48949562,36.717394389,101.2549
          -4.489496059,36.717394569,101.2562
          -4.489496561,36.717394763,101.2532
          -4.489496978,36.717394957,101.2554
          -4.489497448,36.717395147,101.2552
          -4.489497921,36.717395312,101.2546
          -4.489498433,36.717395514,101.2529
          -4.489498829,36.717395701,101.2549
          -4.489499316,36.717395872,101.2544
          -4.489499757,36.717396064,101.2546
          -4.489500188,36.71739626,101.2547
          -4.489500636,36.717396475,101.2545
          -4.489501031,36.717396681,101.2552
          -4.489501434,36.717396857,101.2594
          -4.489501926,36.717397051,101.2594
          -4.48950237,36.717397228,101.2612
          -4.489502751,36.717397443,101.2626
          -4.489503274,36.717397612,101.262
          -4.489503751,36.71739781,101.2597
          -4.489504134,36.717398019,101.2617
          -4.489504676,36.717398186,101.2592
          -4.489505141,36.717398376,101.2592
          -4.48950563,36.717398599,101.2579
          -4.489506192,36.717398769,101.2556
          -4.489506694,36.717398989,101.2528
          -4.489507121,36.717399217,101.2524
          -4.48950763,36.717399386,101.2502
          -4.489508058,36.717399582,101.2497
          -4.489508568,36.717399801,101.2479
          -4.489509015,36.717399982,101.2495
          -4.489509464,36.717400156,101.2481
          -4.489509998,36.717400352,101.244
          -4.489510426,36.717400487,101.2463
          -4.489510873,36.717400696,101.2461
          -4.489511324,36.717400901,101.2432
          -4.489511752,36.71740107,101.2441
          -4.489512258,36.717401276,101.2419
          -4.489512683,36.717401431,101.2438
          -4.489513115,36.717401631,101.2439
          -4.489513546,36.717401817,101.2441
          -4.489514053,36.717402001,101.2424
          -4.489514536,36.717402176,101.2409
          -4.489514871,36.717402368,101.2431
          -4.489515327,36.717402548,101.2435
          -4.489515795,36.717402722,101.244
          -4.489516282,36.717402893,101.2435
          -4.489516717,36.717403084,101.2441
          -4.489517157,36.71740329,101.2444
          -4.489517625,36.717403489,101.2434
          -4.489518101,36.717403635,101.2434
          -4.489518529,36.717403816,101.2433
          -4.489519009,36.717404009,101.2414
          -4.489519448,36.717404192,101.2412
          -4.489519897,36.717404379,101.2416
          -4.489520402,36.717404584,101.241
          -4.489520833,36.717404779,101.2407
          -4.489521275,36.717405,101.2419
          -4.489521701,36.717405195,101.2415
          -4.489522194,36.717405373,101.2406
          -4.489522645,36.717405576,101.2406
          -4.489523083,36.71740572,101.2418
          -4.489523551,36.717405864,101.2403
          -4.489524006,36.717406052,101.2416
          -4.489524457,36.717406235,101.242
          -4.489525031,36.717406416,101.2378
          -4.489525499,36.717406608,101.2354
          -4.489525986,36.717406828,101.2346
          -4.489526407,36.71740707,101.2349
          -4.489526844,36.717407277,101.234
          -4.489527298,36.717407461,101.2349
          -4.489527744,36.717407614,101.236
          -4.489528191,36.7174078,101.2365
          -4.489528712,36.71740798,101.2348
          -4.489529185,36.717408164,101.2332
          -4.489529655,36.71740831,101.2332
          -4.489530083,36.717408485,101.2347
          -4.489530511,36.717408654,101.2346
          -4.489530919,36.717408881,101.2361
          -4.489531372,36.717409067,101.2364
          -4.489531832,36.717409232,101.2374
          -4.489532312,36.717409419,101.2369
          -4.489532747,36.7174096,101.2376
          -4.489533172,36.717409799,101.2368
          -4.489533653,36.717409957,101.2365
          -4.489534165,36.717410115,101.2359
          -4.489534574,36.717410244,101.2395
          -4.489535074,36.717410434,101.2391
          -4.489535528,36.717410612,101.241
          -4.489536019,36.717410804,101.2418
          -4.489536426,36.717410965,101.243
          -4.489536888,36.717411171,101.2432
          -4.489537288,36.71741138,101.2449
          -4.48953776,36.71741157,101.2452
          -4.489538295,36.71741175,101.2436
          -4.489538749,36.717411892,101.2447
          -4.489539164,36.717412121,101.2436
          -4.48953968,36.717412342,101.2421
          -4.48954019,36.717412535,101.2395
          -4.489540608,36.717412726,101.2418
          -4.489541097,36.717412933,101.2416
          -4.489541514,36.7174131,101.2425
          -4.489542017,36.717413326,101.2416
          -4.489542462,36.717413516,101.241
          -4.489542852,36.717413689,101.2424
          -4.489543353,36.717413886,101.242
          -4.489543851,36.717414075,101.2402
          -4.48954422,36.717414245,101.2427
          -4.489544708,36.717414466,101.2421
          -4.489545163,36.717414604,101.2421
          -4.489545627,36.717414764,101.2421
          -4.489546115,36.717414976,101.2404
          -4.48954653,36.717415155,101.2417
          -4.48954699,36.717415347,101.2413
          -4.489547478,36.717415581,101.2394
          -4.489547905,36.71741574,101.2411
          -4.489548443,36.717415928,101.2396
          -4.489548877,36.717416074,101.2412
          -4.489549388,36.717416316,101.2391
          -4.489549855,36.717416532,101.2363
          -4.489550379,36.717416708,101.235
          -4.489550807,36.717416886,101.2371
          -4.489551306,36.717417043,101.2372
          -4.489551756,36.717417275,101.2356
          -4.489552237,36.717417453,101.2349
          -4.489552685,36.717417607,101.234
          -4.489553164,36.717417784,101.2327
          -4.489553658,36.717417876,101.2333
          -4.489554091,36.717418103,101.2326
          -4.489554458,36.717418245,101.2375
          -4.489554853,36.71741842,101.238
          -4.489555356,36.717418539,101.238
          -4.489555733,36.717418699,101.2426
          -4.48955626,36.717418854,101.2443
          -4.489556692,36.717419033,101.2445
          -4.489557145,36.71741924,101.2436
          -4.489557647,36.717419395,101.2436
          -4.489558053,36.717419557,101.243
          -4.489558512,36.717419685,101.2449
          -4.489558963,36.717419851,101.245
          -4.489559454,36.717420026,101.2436
          -4.489559885,36.717420195,101.2434
          -4.489560372,36.717420336,101.2435
          -4.489560834,36.717420517,101.2412
          -4.489561357,36.717420702,101.2408
          -4.489561847,36.717420858,101.2414
          -4.48956236,36.71742101,101.2409
          -4.489562795,36.717421113,101.2441
          -4.489563353,36.717421283,101.2428
          -4.489563841,36.717421434,101.244
          -4.489564372,36.717421585,101.2453
          -4.489564886,36.717421726,101.2445
          -4.489565353,36.717421869,101.2434
          -4.489565863,36.717422059,101.2433
          -4.489566348,36.717422162,101.2456
          -4.489566839,36.717422285,101.246
          -4.489567287,36.717422432,101.243
          -4.489567776,36.717422581,101.243
          -4.489568175,36.717422738,101.2437
          -4.489568655,36.717422877,101.244
          -4.489569148,36.717423048,101.2447
          -4.489569579,36.71742316,101.2466
          -4.48957007,36.717423315,101.2483
          -4.489570613,36.717423395,101.2468
          -4.489571154,36.717423268,101.2465
          -4.489571709,36.717423143,101.248
          -4.489572249,36.717423023,101.247
          -4.489572767,36.717422906,101.2487
          -4.489573327,36.717422727,101.2499
          -4.48957383,36.717422493,101.2522
          -4.48957431,36.717422358,101.2537
          -4.489574722,36.717422068,101.2577
          -4.489575168,36.717421816,101.2574
          -4.489575576,36.717421534,101.2573
          -4.489575994,36.717421231,101.2588
          -4.489576378,36.717420969,101.2571
          -4.489576781,36.717420672,101.2548
          -4.489577202,36.717420329,101.2502
          -4.48957753,36.71741997,101.2495
          -4.489577849,36.717419625,101.2472
          -4.489578157,36.717419301,101.2489
          -4.489578501,36.717418939,101.2509
          -4.489578773,36.717418578,101.2488
          -4.489579115,36.717418227,101.2499
          -4.489579415,36.717417932,101.2524
          -4.489579725,36.717417706,101.2475
          -4.489580002,36.717417369,101.2402
          -4.489580237,36.717417082,101.2371
          -4.489580445,36.717416667,101.2323
          -4.48958073,36.717416292,101.2287
          -4.48958097,36.717415938,101.2267
          -4.489581196,36.717415558,101.2252
          -4.489581446,36.717415188,101.2244
          -4.489581647,36.717414823,101.2241
          -4.489581829,36.717414458,101.2228
          -4.48958205,36.717414056,101.2231
          -4.489582247,36.7174137,101.2227
          -4.489582427,36.717413317,101.2207
          -4.489582612,36.71741288,101.2174
          -4.489582817,36.717412511,101.2174
          -4.48958296,36.717412183,101.216
          -4.489583101,36.717411794,101.214
          -4.489583245,36.717411462,101.2139
          -4.489583416,36.717411056,101.2124
          -4.489583551,36.717410672,101.2137
          -4.489583654,36.717410333,101.2129
          -4.489583812,36.717409917,101.2143
          -4.489583969,36.717409507,101.2137
          -4.489584084,36.717409101,101.214
          -4.489584221,36.717408665,101.2119
          -4.489584368,36.717408314,101.2144
          -4.489584562,36.717407882,101.2124
          -4.48958468,36.717407488,101.21
          -4.489584808,36.717407046,101.2073
          -4.489584939,36.717406621,101.2053
          -4.489585062,36.71740619,101.2041
          -4.48958517,36.717405759,101.2036
          -4.489585308,36.717405348,101.2022
          -4.489585412,36.717404956,101.2011
          -4.489585532,36.717404543,101.2006
          -4.489585609,36.717404122,101.1994
          -4.489585693,36.717403763,101.1997
          -4.489585772,36.717403367,101.2001
          -4.489585847,36.717402976,101.2002
          -4.489585925,36.717402543,101.201
          -4.489586011,36.717402143,101.2009
          -4.489586065,36.717401754,101.1996
          -4.489586195,36.717401384,101.1994
          -4.489586236,36.717400982,101.1983
          -4.489586289,36.717400592,101.1978
          -4.489586336,36.717400201,101.1978
          -4.489586367,36.717399806,101.1968
          -4.489586434,36.717399451,101.1965
          -4.489586483,36.717399054,101.1962
          -4.489586545,36.717398688,101.196
          -4.489586607,36.717398301,101.1965
          -4.48958668,36.717397902,101.1972
          -4.489586737,36.717397452,101.1956
          -4.489586789,36.717397006,101.1934
          -4.48958686,36.71739657,101.1908
          -4.489586952,36.717396138,101.1892
          -4.489587025,36.717395715,101.1884
          -4.489587101,36.717395316,101.1875
          -4.489587123,36.717394907,101.187
          -4.489587125,36.717394527,101.1888
          -4.489587159,36.717394103,101.1879
          -4.489587246,36.717393681,101.1849
          -4.489587314,36.717393264,101.1839
          -4.489587336,36.717392798,101.1808
          -4.489587421,36.717392398,101.1791
          -4.48958745,36.717391947,101.1797
          -4.48958749,36.717391479,101.1764
          -4.48958754,36.717391088,101.1768
          -4.489587567,36.717390592,101.1745
          -4.489587596,36.717390198,101.1745
          -4.48958765,36.71738979,101.1743
          -4.489587648,36.717389391,101.1726
          -4.489587725,36.71738899,101.1719
          -4.489587765,36.71738855,101.1707
          -4.489587794,36.717388189,101.1716
          -4.489587807,36.717387799,101.1705
          -4.489587865,36.717387429,101.1707
          -4.489587848,36.71738701,101.1685
          -4.489587874,36.717386618,101.1691
          -4.489587895,36.717386215,101.1685
          -4.489587889,36.717385841,101.1695
          -4.489587939,36.717385424,101.17
          -4.489587958,36.717385069,101.1709
          -4.489587967,36.717384696,101.1721
          -4.489587987,36.717384312,101.1744
          -4.489588033,36.717383939,101.1762
          -4.489588083,36.717383564,101.1776
          -4.489588104,36.717383156,101.1792
          -4.489588078,36.717382748,101.1796
          -4.489588097,36.717382395,101.1829
          -4.489588117,36.71738198,101.1857
          -4.489588143,36.71738158,101.1886
          -4.489588166,36.717381189,101.1883
          -4.489588177,36.7173807,101.1856
          -4.489588218,36.717380197,101.1828
          -4.489588286,36.717379706,101.1788
          -4.489588283,36.717379219,101.1757
          -4.489588299,36.71737881,101.1749
          -4.489588338,36.717378319,101.1734
          -4.489588357,36.717377904,101.1752
          -4.489588408,36.717377475,101.1747
          -4.489588419,36.717377023,101.1719
          -4.48958843,36.717376538,101.1724
          -4.48958847,36.717376088,101.1718
          -4.489588517,36.717375717,101.1708
          -4.489588556,36.717375314,101.1695
          -4.489588561,36.717374923,101.1688
          -4.489588542,36.717374505,101.1666
          -4.489588562,36.717374116,101.1649
          -4.489588577,36.717373691,101.1634
          -4.48958863,36.717373285,101.1627
          -4.489588632,36.717372834,101.1601
          -4.489588649,36.717372453,101.1603
          -4.489588666,36.717372,101.1596
          -4.489588712,36.717371596,101.1603
          -4.489588769,36.717371183,101.1592
          -4.4895888,36.717370752,101.1581
          -4.489588854,36.717370353,101.1581
          -4.489588929,36.717369965,101.1584
          -4.489588965,36.71736958,101.1582
          -4.489588966,36.717369139,101.1587
          -4.489588968,36.717368702,101.157
          -4.489589007,36.717368288,101.1564
          -4.48958904,36.717367864,101.1543
          -4.489589086,36.717367456,101.1539
          -4.489589124,36.717367032,101.1531
          -4.489589149,36.717366637,101.1528
          -4.489589184,36.717366213,101.1522
          -4.489589237,36.717365785,101.1502
          -4.489589237,36.71736531,101.1474
          -4.489589279,36.71736491,101.1473
          -4.489589279,36.717364478,101.1465
          -4.489589327,36.717364135,101.1451
          -4.489589385,36.717363727,101.1435
          -4.489589425,36.717363266,101.1396
          -4.489589408,36.717362874,101.1401
          -4.489589413,36.717362455,101.1396
          -4.489589456,36.717362035,101.1376
          -4.4895895,36.717361598,101.1349
          -4.489589538,36.717361216,101.1337
          -4.4895896,36.717360757,101.1299
          -4.489589626,36.717360371,101.1314
          -4.489589666,36.717359948,101.1292
          -4.489589703,36.71735956,101.1302
          -4.48958974,36.717359146,101.1284
          -4.489589788,36.717358725,101.1261
          -4.489589793,36.717358282,101.1233
          -4.489589797,36.717357813,101.1217
          -4.489589817,36.717357401,101.1192
          -4.489589836,36.717356966,101.1167
          -4.489589949,36.717356598,101.1151
          -4.489589971,36.717356171,101.1114
          -4.489589986,36.717355789,101.113
          -4.489589987,36.717355337,101.1097
          -4.48958999,36.717354891,101.1076
          -4.489590028,36.717354492,101.1063
          -4.489590114,36.717354081,101.1062
          -4.489590138,36.717353612,101.1011
          -4.489590233,36.717353192,101.0987
          -4.489590267,36.717352752,101.095
          -4.489590303,36.717352319,101.0927
          -4.489590327,36.717351903,101.091
          -4.48959036,36.717351486,101.0893
          -4.489590367,36.717351087,101.0875
          -4.489590358,36.717350639,101.0835
          -4.489590407,36.717350243,101.0796
          -4.489590402,36.717349804,101.0762
          -4.489590455,36.717349429,101.0744
          -4.489590457,36.717349003,101.0721
          -4.489590475,36.717348608,101.0698
          -4.489590505,36.717348174,101.0662
          -4.489590541,36.7173478,101.0642
          -4.489590543,36.717347415,101.0621
          -4.489590553,36.717347041,101.0617
          -4.489590577,36.717346657,101.0601
          -4.48959059,36.717346258,101.0585
          -4.489590626,36.717345908,101.0579
          -4.489590653,36.717345465,101.0529
          -4.489590669,36.717345103,101.0521
          -4.489590729,36.717344724,101.0503
          -4.489590789,36.717344378,101.0493
          -4.489590788,36.717343839,101.0495
          -4.489590814,36.717343529,101.0478
          -4.489590861,36.717342891,101.0489
          -4.489590944,36.717342464,101.045
          -4.489591049,36.717342072,101.0411
          -4.489591067,36.717341718,101.0394
          -4.489591072,36.717341329,101.0373
          -4.489591062,36.717340959,101.0379
          -4.489591068,36.717340567,101.0361
          -4.489591178,36.717339991,101.0341
          -4.489591245,36.717339588,101.0303
          -4.489591321,36.717339162,101.0272
          -4.489591343,36.717338782,101.0234
          -4.489591407,36.71733838,101.0248
          -4.489591413,36.717338002,101.0258
          -4.489591429,36.717337583,101.0248
          -4.489591457,36.717337176,101.0222
          -4.489591452,36.717336776,101.02
          -4.489591467,36.71733631,101.0138
          -4.489591435,36.7173358,101.0072
          -4.489591448,36.717335424,101.0054
          -4.489591461,36.717334949,101.0015
          -4.48959153,36.717334531,101.0003
          -4.48959154,36.71733411,100.9971
          -4.489591561,36.717333665,100.9956
          -4.489591572,36.717333222,100.992
          -4.48959162,36.717332787,100.9892
          -4.489591586,36.717332442,100.9898
          -4.489591603,36.717331981,100.9856
          -4.489591601,36.717331616,100.9844
          -4.489591644,36.717331212,100.9828
          -4.489591707,36.717330823,100.9816
          -4.489591648,36.717330397,100.9796
          -4.489591741,36.71733002,100.9778
          -4.48959173,36.717329613,100.9735
          -4.489591755,36.717329222,100.9709
          -4.489591782,36.71732882,100.9685
          -4.489591825,36.717328354,100.9678
          -4.489591818,36.717327899,100.9648
          -4.489591814,36.717327513,100.9639
          -4.489591939,36.717327118,100.9623
          -4.489591938,36.717326638,100.9602
          -4.489591999,36.717326277,100.9612
          -4.489592009,36.717325859,100.9577
          -4.489592009,36.717325483,100.9559
          -4.489592065,36.71732511,100.9551
          -4.489592113,36.717324713,100.9538
          -4.48959214,36.717324312,100.9532
          -4.489592103,36.717323833,100.9499
          -4.4895921,36.717323428,100.9494
          -4.489592176,36.717323003,100.9464
          -4.489592205,36.717322577,100.9452
          -4.489592243,36.717322158,100.9428
          -4.489592283,36.717321753,100.941
          -4.489592329,36.717321341,100.9387
          -4.489592303,36.71732089,100.9364
          -4.489592305,36.717320454,100.9341
          -4.48959233,36.717320058,100.934
          -4.489592364,36.717319664,100.9331
          -4.489592381,36.71731925,100.9311
          -4.489592373,36.717318834,100.9292
          -4.48959236,36.717318417,100.9264
          -4.489592371,36.717317998,100.9251
          -4.48959241,36.717317557,100.9229
          -4.489592445,36.717317158,100.922
          -4.489592432,36.71731676,100.9212
          -4.489592422,36.717316369,100.9204
          -4.489592477,36.717315967,100.9186
          -4.489592519,36.717315559,100.9178
          -4.48959257,36.717315148,100.9181
          -4.489592591,36.71731474,100.9167
          -4.489592609,36.717314339,100.9167
          -4.489592639,36.717313948,100.9169
          -4.489592663,36.717313557,100.9157
          -4.489592698,36.717313099,100.9115
          -4.489592702,36.717312685,100.9095
          -4.489592751,36.717312296,100.9093
          -4.48959275,36.71731186,100.9066
          -4.489592742,36.717311453,100.9071
          -4.489592757,36.717311027,100.9071
          -4.489592791,36.717310617,100.907
          -4.489592809,36.717310191,100.9047
          -4.489592831,36.717309715,100.9007
          -4.489592843,36.717309307,100.8987
          -4.489592826,36.717308861,100.8982
          -4.48959282,36.717308479,100.8984
          -4.489592879,36.717308072,100.8974
          -4.489592914,36.717307649,100.8954
          -4.489592933,36.717307275,100.8952
          -4.489592966,36.71730684,100.8924
          -4.489592961,36.717306412,100.8894
          -4.489593014,36.717306012,100.8888
          -4.48959307,36.717305618,100.8875
          -4.489593076,36.717305197,100.8855
          -4.489593082,36.717304766,100.8834
          -4.489593094,36.717304338,100.8811
          -4.489593114,36.717303929,100.8804
          -4.489593186,36.717303549,100.881
          -4.48959317,36.717303131,100.8794
          -4.489593204,36.717302727,100.8776
          -4.489593213,36.717302264,100.8745
          -4.489593245,36.717301855,100.8731
          -4.489593259,36.71730144,100.872
          -4.489593318,36.717301037,100.8716
          -4.489593327,36.71730063,100.8716
          -4.489593344,36.717300209,100.8691
          -4.489593357,36.717299832,100.8689
          -4.489593399,36.717299426,100.8671
          -4.489593414,36.71729904,100.8661
          -4.489593428,36.717298599,100.8639
          -4.489593433,36.717298205,100.8634
          -4.489593456,36.71729783,100.8642
          -4.489593474,36.71729741,100.8629
          -4.489593514,36.71729702,100.8633
          -4.489593477,36.717296595,100.8612
          -4.48959351,36.717296228,100.8623
          -4.489593542,36.717295748,100.8607
          -4.489593538,36.71729531,100.8592
          -4.489593545,36.717294865,100.8585
          -4.489593578,36.717294474,100.8574
          -4.489593553,36.717294087,100.8565
          -4.489593618,36.717293629,100.8539
          -4.489593661,36.717293226,100.8527
          -4.489593649,36.717292833,100.8531
          -4.489593633,36.717292382,100.8511
          -4.489593654,36.717291977,100.8508
          -4.489593667,36.717291565,100.8492
          -4.489593699,36.717291138,100.8478
          -4.489593675,36.717290713,100.8471
          -4.489593737,36.717290316,100.8475
          -4.489593729,36.717289917,100.8473
          -4.489593719,36.717289494,100.8451
          -4.489593727,36.717289091,100.8443
          -4.489593734,36.717288681,100.8439
          -4.48959376,36.717288254,100.8423
          -4.489593817,36.717287915,100.8453
          -4.489593849,36.717287506,100.8443
          -4.489593849,36.717287034,100.84
          -4.489593843,36.717286655,100.84
          -4.489593877,36.717286247,100.8411
          -4.489593908,36.717285869,100.8407
          -4.4895939,36.717285432,100.8394
          -4.489593898,36.717285002,100.8374
          -4.489593944,36.717284623,100.8382
          -4.489594,36.717284178,100.836
          -4.489594,36.71728373,100.8344
          -4.489594069,36.717283363,100.8356
          -4.48959406,36.717282925,100.8345
          -4.489594048,36.717282473,100.8329
          -4.489594062,36.717282073,100.8323
          -4.489594078,36.717281602,100.8305
          -4.489594115,36.717281185,100.8292
          -4.489594129,36.717280786,100.8281
          -4.489594117,36.717280347,100.8259
          -4.489594181,36.717279936,100.8246
          -4.489594192,36.71727954,100.8245
          -4.489594177,36.717279096,100.8229
          -4.489594239,36.717278694,100.8226
          -4.489594214,36.717278288,100.8226
          -4.489594271,36.71727786,100.8214
          -4.489594279,36.717277462,100.8203
          -4.489594301,36.71727705,100.8189
          -4.489594311,36.717276643,100.8172
          -4.489594376,36.717276219,100.816
          -4.489594394,36.717275792,100.815
          -4.489594358,36.717275359,100.8133
          -4.489594388,36.717274991,100.8153
          -4.489594358,36.717274553,100.8137
          -4.489594391,36.717274137,100.8139
          -4.489594397,36.717273726,100.8132
          -4.489594432,36.717273269,100.8103
          -4.489594465,36.717272855,100.808
          -4.489594482,36.717272436,100.8088
          -4.489594485,36.71727203,100.8087
          -4.489594448,36.717271611,100.807
          -4.489594496,36.717271175,100.8046
          -4.489594492,36.717270768,100.8037
          -4.489594486,36.717270392,100.8036
          -4.48959451,36.717269918,100.7987
          -4.48959452,36.717269539,100.7985
          -4.489594524,36.717269078,100.7957
          -4.48959461,36.717268711,100.795
          -4.4895946,36.717268291,100.7929
          -4.489594624,36.717267907,100.7951
          -4.489594636,36.717267528,100.7972
          -4.489594668,36.717267088,100.7956
          -4.489594607,36.717266609,100.7921
          -4.489594634,36.717266146,100.7878
          -4.48959464,36.717265748,100.7863
          -4.489594633,36.71726533,100.7841
          -4.489594704,36.717264966,100.783
          -4.489594702,36.71726451,100.7806
          -4.489594762,36.717264154,100.7814
          -4.489594808,36.717263771,100.782
          -4.489594782,36.717263285,100.7786
          -4.489594751,36.717262863,100.7771
          -4.48959476,36.717262472,100.7753
          -4.48959477,36.717262094,100.7744
          -4.489594777,36.717261712,100.7742
          -4.489594815,36.71726129,100.7721
          -4.48959484,36.717260873,100.7701
          -4.48959484,36.717260458,100.7684
          -4.489594887,36.717260006,100.7664
          -4.489594916,36.717259619,100.7686
          -4.489594985,36.717259229,100.77
          -4.489594993,36.717258845,100.7696
          -4.489594937,36.717258362,100.7667
          -4.489594956,36.717257975,100.7653
          -4.489594941,36.717257553,100.7638
          -4.489594942,36.717257105,100.761
          -4.489594966,36.717256696,100.7592
          -4.489594929,36.717256264,100.7589
          -4.489594978,36.717255881,100.759
          -4.489595043,36.717255476,100.7573
          -4.489595111,36.71725508,100.7589
          -4.489595174,36.71725463,100.7564
          -4.489595171,36.717254251,100.7563
          -4.489595225,36.71725382,100.7554
          -4.489595147,36.717253352,100.7535
          -4.48959512,36.717252939,100.752
          -4.48959517,36.71725256,100.7527
          -4.489595131,36.717252105,100.7497
          -4.489595138,36.717251636,100.7465
          -4.489595223,36.717251205,100.7449
          -4.489595191,36.717250782,100.7455
          -4.489595198,36.717250387,100.7452
          -4.489595207,36.717249935,100.7418
          -4.489595228,36.71724948,100.7392
          -4.489595263,36.717249099,100.7384
          -4.489595289,36.717248761,100.7397
          -4.489595265,36.717248326,100.7368
          -4.489595248,36.717247906,100.7345
          -4.489595243,36.717247521,100.7345
          -4.489595232,36.717247114,100.7341
          -4.489595266,36.717246612,100.7293
          -4.489595255,36.71724621,100.728
          -4.489595281,36.717245822,100.7273
          -4.489595298,36.717245451,100.7279
          -4.489595326,36.717245013,100.7247
          -4.489595347,36.717244588,100.7244
          -4.489595365,36.717244129,100.7207
          -4.48959537,36.717243689,100.717
          -4.489595386,36.717243289,100.7156
          -4.489595402,36.717242887,100.7139
          -4.489595477,36.717242527,100.7159
          -4.489595526,36.717242148,100.7172
          -4.48959553,36.71724172,100.7138
          -4.489595565,36.717241316,100.7134
          -4.489595544,36.717240853,100.709
          -4.489595576,36.717240392,100.7039
          -4.489595597,36.717239966,100.7025
          -4.489595598,36.717239576,100.6999
          -4.489595606,36.717239158,100.6974
          -4.489595631,36.717238722,100.6946
          -4.489595611,36.717238303,100.6926
          -4.489595635,36.717237909,100.6922
          -4.48959563,36.717237461,100.6894
          -4.489595679,36.717237041,100.6873
          -4.489595681,36.717236617,100.6861
          -4.48959574,36.71723623,100.6847
          -4.489595784,36.717235838,100.6843
          -4.489595845,36.717235402,100.6791
          -4.489595862,36.717234966,100.6764
          -4.489595833,36.717234595,100.6752
          -4.4895958,36.717234137,100.6723
          -4.489595817,36.717233715,100.6705
          -4.489595834,36.717233296,100.6698
          -4.48959587,36.717232872,100.6686
          -4.489595889,36.717232455,100.6663
          -4.489595931,36.717232022,100.6633
          -4.48959593,36.717231638,100.6632
          -4.489595935,36.717231306,100.6663
          -4.489595871,36.717230896,100.6644
          -4.489595961,36.717230469,100.6622
          -4.489596024,36.717230033,100.6568
          -4.489596042,36.717229658,100.6562
          -4.489596068,36.717229242,100.6547
          -4.489596087,36.71722882,100.6515
          -4.489596086,36.717228426,100.6506
          -4.489596085,36.717228038,100.6501
          -4.489596079,36.71722758,100.6456
          -4.489596086,36.717227167,100.6452
          -4.489596151,36.71722673,100.6428
          -4.48959618,36.71722635,100.6422
          -4.489596229,36.71722593,100.6398
          -4.489596249,36.717225566,100.6391
          -4.489596252,36.717225158,100.6387
          -4.489596179,36.717224677,100.6342
          -4.489596153,36.717224259,100.6312
          -4.489596107,36.717223806,100.6275
          -4.489596066,36.7172234,100.6257
          -4.489596104,36.717222942,100.6213
          -4.489596213,36.71722255,100.6201
          -4.48959621,36.717222168,100.6199
          -4.489596265,36.7172217,100.6167
          -4.489596241,36.717221255,100.6144
          -4.489596251,36.717220883,100.6137
          -4.489596302,36.717220482,100.6119
          -4.48959626,36.71722006,100.6096
          -4.489596293,36.717219676,100.6087
          -4.48959631,36.717219296,100.6075
          -4.489596333,36.7172189,100.6056
          -4.489596295,36.71721848,100.6023
          -4.489596376,36.717218051,100.6008
          -4.489596418,36.717217632,100.5996
          -4.489596368,36.717217204,100.5981
          -4.489596413,36.717216778,100.5974
          -4.489596438,36.717216398,100.5993
          -4.489596491,36.717216004,100.5997
          -4.489596441,36.717215564,100.5993
          -4.489596478,36.717215104,100.5962
          -4.489596476,36.717214685,100.5968
          -4.489596541,36.717214281,100.596
          -4.489596543,36.717213898,100.5938
          -4.489596537,36.717213511,100.5939
          -4.489596572,36.717213058,100.5918
          -4.48959657,36.717212689,100.5902
          -4.489596553,36.717212225,100.5851
          -4.489596534,36.717211746,100.5794
          -4.489596464,36.717211328,100.5773
          -4.489596532,36.717210984,100.5763
          -4.489596491,36.717210574,100.5753
          -4.4895966,36.71721017,100.5744
          -4.489596586,36.717209758,100.5746
          -4.489596682,36.717209349,100.5748
          -4.489596628,36.717208938,100.5717
          -4.489596603,36.717208482,100.5692
          -4.489596579,36.717208082,100.5688
          -4.489596578,36.717207633,100.5647
          -4.489596626,36.717207227,100.5629
          -4.489596631,36.717206813,100.5605
          -4.48959667,36.717206345,100.5558
          -4.489596663,36.717206007,100.558
          -4.489596732,36.717205568,100.5568
          -4.489596825,36.717205192,100.5567
          -4.489596777,36.717204745,100.5537
          -4.489596659,36.717204261,100.5482
          -4.489596673,36.717203871,100.548
          -4.489596685,36.717203481,100.5455
          -4.489596757,36.717203093,100.5426
          -4.489596717,36.717202724,100.5429
          -4.489596793,36.717202329,100.5407
          -4.489596777,36.717201921,100.5397
          -4.489596805,36.717201497,100.5392
          -4.489596851,36.717201081,100.5362
          -4.489596862,36.717200617,100.5331
          -4.489596819,36.717200283,100.533
          -4.489596783,36.717199912,100.5326
          -4.489596712,36.717199476,100.5289
          -4.489596746,36.717199088,100.5293
          -4.489596738,36.717198666,100.5282
          -4.489596772,36.71719824,100.5257
          -4.489596806,36.717197873,100.5261
          -4.489596816,36.717197446,100.5226
          -4.489596765,36.717197039,100.5208
          -4.489596765,36.717196591,100.5194
          -4.489596744,36.71719614,100.518
          -4.489596768,36.717195803,100.5197
          -4.489596697,36.717195319,100.5139
          -4.489596727,36.717194882,100.5116
          -4.489596752,36.717194494,100.511
          -4.489596695,36.717194037,100.5087
          -4.489596768,36.717193606,100.5064
          -4.489596741,36.717193163,100.5029
          -4.489596715,36.717192754,100.4997
          -4.489596736,36.717192368,100.4991
          -4.489596734,36.717191939,100.4972
          -4.489596791,36.717191553,100.4983
          -4.489596813,36.717191119,100.4969
          -4.489596861,36.717190719,100.4943
          -4.48959688,36.717190326,100.4931
          -4.489596867,36.71718991,100.4902
          -4.489596912,36.717189443,100.4849
          -4.489596889,36.717188977,100.4807
          -4.489596891,36.717188609,100.4818
          -4.489596959,36.71718815,100.4767
          -4.489596942,36.71718774,100.4743
          -4.489596965,36.717187279,100.4699
          -4.489596942,36.717186918,100.47
          -4.489596997,36.71718652,100.4682
          -4.489597005,36.71718609,100.4656
          -4.489596984,36.717185724,100.4649
          -4.489597009,36.717185341,100.4624
          -4.489596913,36.717184875,100.4565
          -4.4895969,36.71718452,100.4557
          -4.489596846,36.717184058,100.4522
          -4.489596904,36.717183701,100.4535
          -4.489596851,36.717183304,100.4517
          -4.489596867,36.717182909,100.4503
          -4.489596886,36.717182451,100.4491
          -4.489596873,36.717182044,100.4481
          -4.489596892,36.717181583,100.4465
          -4.489596866,36.717181191,100.4452
          -4.489596894,36.717180832,100.4436
          -4.489596872,36.717180395,100.4414
          -4.489596867,36.717179931,100.4394
          -4.48959688,36.717179536,100.4392
          -4.489596945,36.717179091,100.4368
          -4.489596917,36.717178683,100.4355
          -4.489596887,36.717178247,100.4328
          -4.489596835,36.717177812,100.4315
          -4.489596829,36.717177379,100.4293
          -4.489596896,36.717176974,100.4275
          -4.489596877,36.717176566,100.4271
          -4.489596888,36.717176139,100.424
          -4.489596864,36.717175729,100.4221
          -4.489596839,36.717175342,100.4209
          -4.489596884,36.717174922,100.4188
          -4.489596852,36.717174508,100.4166
          -4.489596804,36.717174069,100.4122
          -4.489596762,36.717173669,100.4094
          -4.489596752,36.717173299,100.4088
          -4.489596729,36.717172856,100.4052
          -4.489596803,36.717172443,100.4025
          -4.489596862,36.717172043,100.4007
          -4.489596864,36.717171706,100.3998
          -4.489596817,36.717171195,100.3975
          -4.489596756,36.717170785,100.3962
          -4.489596745,36.717170386,100.3956
          -4.489596729,36.717169962,100.3932
          -4.489596731,36.717169609,100.3943
          -4.48959673,36.71716925,100.3956
          -4.489596793,36.717168831,100.394
          -4.489596833,36.717168387,100.3906
          -4.489596815,36.717167999,100.3911
          -4.489596816,36.717167552,100.3874
          -4.489596797,36.717167187,100.388
          -4.489596755,36.717166754,100.3853
          -4.489596797,36.717166403,100.3855
          -4.489596852,36.717166019,100.3861
          -4.489596825,36.717165569,100.3837
          -4.489596831,36.717165141,100.3822
          -4.48959677,36.717164697,100.3788
          -4.489596839,36.717164218,100.3757
          -4.489596811,36.717163864,100.3776
          -4.489596808,36.717163472,100.376
          -4.489596822,36.717163053,100.3746
          -4.489596766,36.717162631,100.3695
          -4.489596782,36.717162236,100.3686
          -4.489596754,36.71716181,100.3682
          -4.489596804,36.717161293,100.3623
          -4.489596762,36.717160909,100.3616
          -4.489596719,36.717160523,100.3608
          -4.489596692,36.717160117,100.36
          -4.489596737,36.717159729,100.3611
          -4.489596713,36.717159303,100.3598
          -4.489596688,36.717158843,100.357
          -4.489596676,36.717158434,100.3553
          -4.489596695,36.717158057,100.3548
          -4.48959669,36.717157652,100.3548
          -4.489596714,36.717157275,100.3553
          -4.489596641,36.71715686,100.3542
          -4.489596671,36.717156468,100.3543
          -4.489596649,36.717155986,100.3525
          -4.489596669,36.717155582,100.3502
          -4.48959663,36.717155174,100.3501
          -4.489596622,36.717154787,100.3494
          -4.489596626,36.717154361,100.3461
          -4.489596645,36.717153935,100.3473
          -4.489596615,36.7171535,100.3466
          -4.4895966,36.717153077,100.3437
          -4.489596586,36.717152639,100.3432
          -4.489596611,36.717152256,100.343
          -4.489596629,36.717151827,100.3401
          -4.489596613,36.717151398,100.3384
          -4.489596537,36.717150984,100.3372
          -4.489596615,36.717150612,100.3368
          -4.489596602,36.717150181,100.3336
          -4.489596623,36.71714981,100.3335
          -4.489596624,36.7171494,100.3334
          -4.489596529,36.717148961,100.3307
          -4.489596499,36.717148519,100.3278
          -4.489596467,36.717148088,100.3268
          -4.489596501,36.717147623,100.3237
          -4.489596475,36.717147237,100.3215
          -4.489596456,36.717146831,100.3207
          -4.489596507,36.717146367,100.3178
          -4.489596505,36.717145965,100.317
          -4.489596512,36.717145556,100.3148
          -4.489596463,36.717145077,100.3131
          -4.4895965,36.717144684,100.3112
          -4.489596467,36.717144286,100.3108
          -4.489596452,36.717143824,100.3068
          -4.489596468,36.717143497,100.3083
          -4.489596367,36.717143038,100.3049
          -4.489596395,36.717142703,100.3082
          -4.489596263,36.717142379,100.3126
          -4.489596298,36.717142157,100.3229
          -4.489596372,36.717141745,100.321
          -4.489596274,36.717141015,100.2983
          -4.489596506,36.717140572,100.2952
          -4.48959648,36.717140142,100.2904
          -4.489596526,36.717139784,100.2913
          -4.489596472,36.71713928,100.284
          -4.489596404,36.71713889,100.2814
          -4.489596324,36.717138485,100.2807
          -4.489596343,36.717138082,100.2783
          -4.489596297,36.717137697,100.2778
          -4.489596312,36.717137292,100.2744
          -4.489596308,36.717136886,100.2721
          -4.489596265,36.717136495,100.2719
          -4.489596241,36.717136097,100.2712
          -4.489596203,36.71713569,100.2677
          -4.489596243,36.717135324,100.2659
          -4.489596231,36.717134879,100.2616
          -4.489596205,36.717134486,100.2592
          -4.489596157,36.717134032,100.2582
          -4.489596185,36.717133611,100.258
          -4.489596228,36.717133179,100.2556
          -4.489596142,36.717132783,100.2543
          -4.48959612,36.717132333,100.2543
          -4.489596076,36.717131967,100.2558
          -4.489595943,36.717131526,100.2526
          -4.489595954,36.717131158,100.2512
          -4.489596005,36.717130713,100.2479
          -4.489596084,36.717130315,100.2471
          -4.489596108,36.717129966,100.2464
          -4.489596172,36.717129573,100.2461
          -4.48959616,36.717129172,100.2451
          -4.489596106,36.717128699,100.241
          -4.489596139,36.717128397,100.2443
          -4.489596145,36.717127928,100.2408
          -4.489596073,36.717127473,100.2344
          -4.48959602,36.717127003,100.2284
          -4.489595922,36.717126575,100.2269
          -4.489595963,36.717126178,100.227
          -4.489595914,36.717125711,100.2249
          -4.48959592,36.717125329,100.2242
          -4.489595883,36.717124867,100.2215
          -4.489595932,36.717124511,100.2218
          -4.48959592,36.7171242,100.2237
          -4.489595873,36.717123723,100.2193
          -4.489595805,36.717123328,100.2144
          -4.48959577,36.717122996,100.215
          -4.489595783,36.717122612,100.2125
          -4.489595776,36.717122255,100.2137
          -4.489595709,36.717121774,100.2134
          -4.489595662,36.717121396,100.2116
          -4.48959563,36.717120954,100.2107
          -4.489595645,36.717120518,100.2085
          -4.489595616,36.717120138,100.206
          -4.489595542,36.71711966,100.204
          -4.489595494,36.717119257,100.2038
          -4.489595536,36.717118794,100.201
          -4.489595505,36.717118424,100.2011
          -4.48959553,36.717117927,100.1974
          -4.489595502,36.71711751,100.1948
          -4.489595532,36.717117111,100.1946
          -4.489595508,36.717116765,100.1961
          -4.489595499,36.717116366,100.1956
          -4.489595451,36.717115967,100.1952
          -4.489595384,36.717115495,100.1906
          -4.48959537,36.717115082,100.1913
          -4.489595324,36.717114622,100.1881
          -4.489595288,36.717114251,100.1895
          -4.489595254,36.717113802,100.1869
          -4.489595183,36.717113373,100.1822
          -4.489595204,36.717113015,100.1824
          -4.489595139,36.717112543,100.1809
          -4.489595118,36.717112112,100.1788
          -4.489595041,36.717111724,100.1792
          -4.489595003,36.717111381,100.179
          -4.48959495,36.71711095,100.176
          -4.489594973,36.717110607,100.1733
          -4.48959492,36.717110208,100.1701
          -4.489594915,36.717109799,100.1664
          -4.489594893,36.717109443,100.1634
          -4.48959487,36.717109062,100.1616
          -4.489594879,36.717108697,100.1604
          -4.489594845,36.717108211,100.1579
          -4.489594821,36.717107639,100.1572
          -4.48959479,36.717107244,100.1582
          -4.489594739,36.717106811,100.1593
          -4.489594723,36.717106446,100.1581
          -4.489594722,36.717105992,100.1554
          -4.489594784,36.71710562,100.1541
          -4.489594714,36.717105185,100.1529
          -4.489594674,36.717104795,100.1529
          -4.489594704,36.71710434,100.1479
          -4.489594671,36.71710396,100.1504
          -4.489594712,36.71710351,100.1491
          -4.4895947,36.717103137,100.1503
          -4.489594636,36.717102684,100.1482
          -4.489594647,36.717102282,100.148
          -4.489594626,36.717101898,100.1461
          -4.489594655,36.717101503,100.1465
          -4.489594599,36.717101132,100.1468
          -4.489594584,36.717100695,100.1444
          -4.489594465,36.717100246,100.1402
          -4.489594374,36.717099789,100.1379
          -4.489594334,36.717099358,100.1365
          -4.489594298,36.717098979,100.1374
          -4.489594235,36.717098541,100.1341
          -4.489594207,36.717098115,100.1348
          -4.489594226,36.717097692,100.1312
          -4.489594167,36.717097228,100.1274
          -4.489594146,36.717096906,100.1276
          -4.489594157,36.717096517,100.1261
          -4.489594161,36.717096073,100.1253
          -4.489594091,36.717095764,100.1265
          -4.489594049,36.71709535,100.1261
          -4.489594098,36.717094985,100.1279
          -4.489593995,36.717094521,100.1265
          -4.489593888,36.71709408,100.1258
          -4.489593888,36.717093624,100.1238
          -4.489593832,36.71709316,100.1197
          -4.489593816,36.717092731,100.1165
          -4.489593798,36.717092384,100.1166
          -4.489593794,36.717091986,100.1169
          -4.48959382,36.717091622,100.1183
          -4.489593739,36.717091115,100.1156
          -4.489593717,36.717090718,100.1149
          -4.489593576,36.717090244,100.1113
          -4.48959357,36.717089834,100.1097
          -4.489593478,36.717089397,100.107
          -4.489593485,36.717089019,100.1066
          -4.489593473,36.717088686,100.1065
          -4.489593357,36.717088221,100.1021
          -4.489593289,36.717087794,100.1009
          -4.489593224,36.717087324,100.0979
          -4.489593186,36.717086938,100.0965
          -4.489593149,36.717086517,100.0954
          -4.489593092,36.717086098,100.0956
          -4.489593078,36.717085675,100.0941
          -4.489593024,36.717085331,100.0922
          -4.489592993,36.717084943,100.0915
          -4.489592861,36.717084494,100.0897
          -4.4895928,36.71708412,100.0894
          -4.489592705,36.71708371,100.0882
          -4.489592746,36.717083297,100.0851
          -4.489592698,36.717082896,100.0837
          -4.489592656,36.717082531,100.085
          -4.489592639,36.717082046,100.0802
          -4.489592594,36.71708164,100.0791
          -4.489592613,36.717081215,100.0788
          -4.489592533,36.717080791,100.0782
          -4.489592426,36.717080397,100.0767
          -4.489592359,36.717079919,100.0734
          -4.489592302,36.717079567,100.0734
          -4.489592283,36.717079086,100.0677
          -4.489592166,36.717078768,100.0699
          -4.489592137,36.717078315,100.0667
          -4.489592201,36.717077896,100.0636
          -4.489592184,36.71707751,100.0641
          -4.489592168,36.71707709,100.0617
          -4.489592108,36.717076704,100.0607
          -4.489592054,36.717076257,100.0571
          -4.489592035,36.717075838,100.0551
          -4.489591948,36.717075414,100.053
          -4.489591839,36.717075045,100.0515
          -4.489591708,36.717074579,100.0497
          -4.489591584,36.717074181,100.0494
          -4.489591645,36.717073783,100.0471
          -4.489591539,36.717073453,100.0486
          -4.489591498,36.717072977,100.0444
          -4.48959144,36.717072619,100.0432
          -4.489591406,36.717072243,100.043
          -4.489591313,36.717071771,100.0393
          -4.489591221,36.717071394,100.0381
          -4.489591161,36.717070993,100.0387
          -4.489591132,36.71707064,100.0393
          -4.489591022,36.717070246,100.038
          -4.489590988,36.717069845,100.0357
          -4.489590958,36.717069427,100.035
          -4.489590839,36.717069098,100.0296
          -4.489590972,36.717069331,100.0368
          -4.489590912,36.717069242,100.0355
          -4.489590913,36.717069247,100.0353
          -4.489590911,36.717069224,100.0349
          -4.489590909,36.717069189,100.0337
          -4.489590947,36.717069146,100.0337
          -4.489590953,36.717069139,100.0334
          -4.489590955,36.717069139,100.0334
          -4.489590984,36.71706912,100.0329
          -4.489590987,36.717069114,100.0329
          -4.489591001,36.717069105,100.0322
          -4.489591003,36.717069106,100.0321
          -4.489591003,36.71706911,100.0322
          -4.489591002,36.717069113,100.0321
          -4.489590999,36.717069117,100.0319
          -4.489590998,36.717069118,100.0318
          -4.489590995,36.717069121,100.0317
          -4.489590995,36.717069125,100.0317
          -4.489590992,36.717069131,100.0316
          -4.489590992,36.717069131,100.0314
          -4.489590995,36.717069126,100.0314
          -4.489590999,36.717069121,100.0313
          -4.489591002,36.717069117,100.0313
          -4.489591003,36.717069116,100.0312
          -4.489591002,36.717069118,100.0313
          -4.489591001,36.71706912,100.0313
          -4.489590999,36.717069128,100.0312
          -4.489590997,36.717069135,100.0312
          -4.489590998,36.717069138,100.0311
          -4.489590998,36.717069138,100.0311
          -4.489591002,36.717069129,100.0307
          -4.489591002,36.717069127,100.0307
          -4.489591003,36.717069122,100.0308
          -4.48959101,36.71706911,100.0306
          -4.489591011,36.717069108,100.0304
          -4.489591018,36.717069102,100.0301
          -4.489591018,36.717069104,100.0302
          -4.489591021,36.717069104,100.0302
          -4.489591022,36.717069101,100.0302
          -4.489591029,36.717069094,100.03
          -4.48959103,36.71706909,100.0298
          -4.489591035,36.717069085,100.0295
          -4.489591036,36.717069082,100.0295
          -4.489591037,36.717069077,100.0296
          -4.489591038,36.717069078,100.0296
          -4.489591035,36.717069083,100.0296
          -4.489591034,36.717069087,100.0296
          -4.489591033,36.717069091,100.0297
          -4.489591031,36.717069097,100.0297
          -4.489591029,36.7170691,100.0296
          -4.48959103,36.717069099,100.0297
          -4.489591028,36.717069098,100.0296
          -4.489591028,36.717069096,100.0295
          -4.489591025,36.717069094,100.0295
          -4.489591031,36.717069089,100.0294
          -4.489591032,36.71706909,100.0294
          -4.48959103,36.717069096,100.0293
          -4.489591024,36.71706911,100.0291
          -4.489591021,36.717069117,100.0292
          -4.489591018,36.717069123,100.0291
          -4.489591016,36.717069124,100.0291
          -4.48959102,36.717069115,100.0292
          -4.489591022,36.717069113,100.0293
          -4.489591023,36.71706911,100.0294
          -4.489591027,36.717069103,100.0293
          -4.489591028,36.7170691,100.0292
          -4.489591031,36.717069092,100.0291
          -4.489591031,36.717069092,100.029
          -4.489591033,36.717069092,100.0289
          -4.489591033,36.717069093,100.0289
          -4.489591035,36.717069096,100.029
          -4.489591035,36.717069096,100.029
          -4.489591036,36.717069097,100.0291
          -4.489591035,36.717069096,100.0291
          -4.489591035,36.717069096,100.0291
          -4.489591036,36.717069096,100.029
          -4.489591036,36.717069096,100.0291
          -4.489591035,36.717069094,100.029
          -4.489591034,36.717069093,100.029
          -4.489591034,36.717069093,100.029
          -4.489591036,36.717069095,100.029
          -4.489591036,36.717069095,100.029
          -4.489591036,36.717069095,100.029
          -4.489591035,36.717069095,100.029
          -4.489591037,36.717069096,100.029
          -4.489591037,36.717069097,100.0289
          -4.489591038,36.717069097,100.0289
          -4.489591037,36.717069097,100.0289
          -4.489591037,36.717069098,100.0289
          -4.489591037,36.717069098,100.0289
          -4.489591038,36.717069098,100.029
          -4.489591039,36.717069098,100.0292
          -4.489591039,36.717069099,100.0292
          -4.489591037,36.717069097,100.0292
          -4.489591037,36.717069096,100.0291
          -4.489591035,36.717069093,100.029
          -4.489591036,36.717069093,100.029
          -4.489591036,36.717069089,100.0289
          -4.489591035,36.717069089,100.0289
          -4.489591035,36.71706909,100.0289
          -4.489591036,36.71706909,100.029
          -4.48959104,36.717069095,100.029
          -4.48959104,36.717069096,100.029
          -4.489591039,36.717069095,100.029
          -4.489591039,36.717069094,100.029
          -4.489591038,36.717069093,100.029
          -4.489591038,36.717069093,100.029
          -4.489591038,36.717069093,100.029
          -4.489591038,36.717069093,100.029
          -4.489591038,36.717069093,100.029
          -4.489591039,36.717069094,100.029
          -4.489591041,36.717069097,100.029
          -4.489591041,36.717069098,100.029
          -4.489591042,36.717069098,100.0289
          -4.489591041,36.717069097,100.0289
          -4.489591041,36.717069098,100.0289
          -4.489591041,36.717069098,100.0289
          -4.48959104,36.717069096,100.0289
          -4.48959104,36.717069096,100.0288
          -4.489591041,36.717069097,100.0289
          -4.489591041,36.717069096,100.0288
          -4.489591041,36.717069097,100.0288
          -4.489591042,36.717069097,100.0288
          -4.489591042,36.717069097,100.0288
          -4.489591042,36.717069098,100.0288
          -4.489591042,36.717069098,100.0288
          -4.489591042,36.717069098,100.0288
          -4.489591042,36.717069097,100.0287
          -4.489591043,36.717069098,100.0287
          -4.489591043,36.717069098,100.0287
          -4.489591046,36.717069101,100.0286
          -4.489591045,36.717069101,100.0286
          -4.489591045,36.717069101,100.0286
          -4.489591046,36.717069101,100.0286
          -4.489591047,36.717069102,100.0286
          -4.489591047,36.717069103,100.0286
          -4.489591047,36.717069104,100.0286
          -4.489591047,36.717069104,100.0286
          -4.489591047,36.717069105,100.0286
          -4.489591048,36.717069106,100.0286
          -4.489591048,36.717069106,100.0287
          -4.489591048,36.717069106,100.0288
          -4.489591047,36.717069105,100.0288
          -4.489591045,36.717069104,100.0289
          -4.489591044,36.717069102,100.029
          -4.489591044,36.717069102,100.029
          -4.489591043,36.717069099,100.0291
          -4.489591043,36.7170691,100.0291
          -4.489591045,36.717069102,100.0293
          -4.489591046,36.717069103,100.0293
          -4.489591045,36.717069098,100.0295
          -4.489591044,36.717069098,100.0296
          -4.489591043,36.717069093,100.0295
          -4.489591043,36.717069089,100.0297
          -4.489591042,36.717069087,100.0298
          -4.489591042,36.717069086,100.03
          -4.489591043,36.717069087,100.0301
          -4.489591045,36.717069087,100.0303
          -4.489591045,36.717069087,100.0305
          -4.489591047,36.717069085,100.0307
          -4.489591047,36.717069086,100.0308
          -4.489591046,36.717069079,100.0311
          -4.489591044,36.717069077,100.0311
          -4.489591042,36.717069071,100.0311
          -4.48959104,36.717069068,100.0312
          -4.489591039,36.717069067,100.0313
          -4.48959104,36.717069067,100.0313
          -4.489591044,36.717069075,100.0314
          -4.489591046,36.717069079,100.0315
          -4.489591045,36.717069077,100.0315
          -4.489591045,36.717069074,100.0316
          -4.489591042,36.717069068,100.0317
          -4.489591043,36.717069069,100.0317
          -4.48959104,36.717069067,100.0318
          -4.48959104,36.717069066,100.0319
          -4.48959104,36.717069065,100.0319
          -4.489591039,36.717069063,100.032
          -4.489591038,36.717069059,100.0322
          -4.489591037,36.717069057,100.0322
          -4.48959104,36.717069058,100.0325
          -4.489591041,36.717069061,100.0325
          -4.489591044,36.717069066,100.0328
          -4.489591043,36.717069066,100.0328
          -4.489591043,36.717069063,100.0331
          -4.489591042,36.717069061,100.0331
          -4.489591042,36.717069061,100.0331
          -4.489591043,36.717069065,100.0335
          -4.489591046,36.717069068,100.0335
          -4.489591051,36.717069075,100.0338
          -4.489591051,36.717069076,100.0338
          -4.489591052,36.717069075,100.0343
          -4.489591051,36.717069074,100.0343
          -4.489591052,36.717069076,100.0344
          -4.489591053,36.717069078,100.0344
          -4.489591053,36.717069079,100.0344
          -4.489591054,36.71706908,100.0344
          -4.489591054,36.717069079,100.0345
          -4.489591052,36.717069079,100.0347
          -4.489591052,36.717069076,100.0346
          -4.489591053,36.717069077,100.0347
          -4.489591053,36.717069078,100.0347
          -4.489591054,36.717069081,100.0348
          -4.489591055,36.717069082,100.0348
          -4.489591056,36.717069081,100.0349
          -4.489591055,36.717069079,100.0349
          -4.489591054,36.717069076,100.035
          -4.489591051,36.717069071,100.035
          -4.489591052,36.717069071,100.035
          -4.489591052,36.717069071,100.0352
          -4.489591052,36.717069069,100.0351
          -4.489591054,36.71706907,100.0353
          -4.489591052,36.717069067,100.0353
          -4.48959105,36.717069062,100.0353
          -4.489591053,36.717069065,100.0354
          -4.489591056,36.717069071,100.0356
          -4.489591056,36.71706907,100.0355
          -4.489591055,36.717069068,100.0355
          -4.489591055,36.717069068,100.0357
          -4.489591053,36.717069065,100.0357
          -4.489591056,36.717069068,100.0358
          -4.489591055,36.717069066,100.0358
          -4.489591059,36.717069069,100.036
          -4.489591057,36.717069068,100.036
          -4.489591059,36.717069069,100.036
          -4.48959106,36.71706907,100.036
          -4.489591061,36.717069071,100.036
          -4.489591059,36.71706907,100.0361
          -4.489591058,36.717069065,100.036
          -4.489591058,36.717069064,100.0361
          -4.489591057,36.717069064,100.036
          -4.489591059,36.717069065,100.0361
          -4.48959106,36.717069068,100.0362
          -4.489591062,36.717069069,100.0362
          -4.489591061,36.71706907,100.0362
          -4.489591062,36.717069072,100.0363
          -4.489591063,36.717069075,100.0363
          -4.489591065,36.717069076,100.0363
          -4.489591066,36.717069078,100.0363
          -4.489591066,36.717069078,100.0363
          -4.489591065,36.717069074,100.0363
          -4.489591065,36.717069077,100.0363
          -4.489591066,36.717069078,100.0365
          -4.489591065,36.717069076,100.0364
          -4.489591064,36.717069073,100.0364
          -4.48959106,36.717069067,100.0365
          -4.489591059,36.717069066,100.0365
          -4.489591061,36.717069067,100.0366
          -4.489591062,36.717069067,100.0366
          -4.489591063,36.717069066,100.0367
          -4.489591063,36.717069064,100.0367
          -4.489591066,36.717069062,100.037
          -4.489591067,36.71706906,100.037
          -4.489591066,36.717069059,100.0371
          -4.489591067,36.717069059,100.0371
          -4.489591067,36.717069061,100.037
          -4.489591067,36.71706906,100.037
          -4.489591067,36.717069058,100.037
          -4.489591068,36.717069058,100.037
          -4.489591068,36.717069055,100.0371
          -4.489591069,36.717069056,100.0371
          -4.489591071,36.717069055,100.037
          -4.48959107,36.717069056,100.037
          -4.48959107,36.717069059,100.037
          -4.489591069,36.71706906,100.0369
          -4.489591069,36.717069061,100.0369
          -4.489591069,36.717069059,100.037
          -4.489591069,36.717069059,100.037
          -4.489591068,36.717069059,100.037
          -4.489591067,36.717069058,100.0372
          -4.489591068,36.717069057,100.0372
          -4.489591067,36.717069057,100.0372
          -4.489591068,36.717069056,100.0372
          -4.489591069,36.717069057,100.0371
          -4.48959107,36.717069058,100.0372
          -4.489591069,36.717069058,100.0372
          -4.489591069,36.717069057,100.0373
          -4.48959107,36.717069056,100.0373
          -4.489591071,36.717069055,100.0375
          -4.48959107,36.717069055,100.0374
          -4.489591071,36.717069053,100.0376
          -4.489591072,36.717069053,100.0376
          -4.489591073,36.717069052,100.0377
          -4.489591073,36.717069052,100.0377
          -4.489591072,36.717069053,100.0378
          -4.489591072,36.717069053,100.0378
          -4.489591072,36.717069051,100.0378
          -4.489591073,36.71706905,100.0378
          -4.489591073,36.71706905,100.0378
          -4.489591073,36.717069051,100.0378
          -4.489591073,36.717069051,100.0378
          -4.489591073,36.717069051,100.0379
          -4.489591073,36.717069051,100.038
          -4.489591073,36.717069051,100.038
          -4.489591073,36.717069051,100.0379
          -4.489591073,36.717069052,100.0379
          -4.489591073,36.717069052,100.0379
          -4.489591073,36.717069053,100.0379
          -4.489591073,36.717069055,100.0379
          -4.489591072,36.717069055,100.038
          -4.489591072,36.717069055,100.038
          -4.489591072,36.717069055,100.038
          -4.489591071,36.717069054,100.0381
          -4.489591071,36.717069053,100.0381
          -4.48959107,36.717069052,100.0382
          -4.48959107,36.717069052,100.0382
          -4.48959107,36.717069053,100.0381
          -4.489591071,36.717069054,100.0381
          -4.48959107,36.717069053,100.0383
          -4.489591069,36.717069053,100.0383
          -4.489591068,36.717069054,100.0384
          -4.489591069,36.717069054,100.0386
          -4.48959107,36.717069054,100.0385
          -4.48959107,36.717069053,100.0387
          -4.48959107,36.717069052,100.0387
          -4.48959107,36.717069049,100.0389
          -4.489591069,36.717069049,100.039
          -4.489591067,36.717069047,100.0389
          -4.489591067,36.717069046,100.0387
          -4.489591067,36.717069043,100.0386
          -4.489591067,36.717069042,100.0387
          -4.489591069,36.717069043,100.0388
          -4.489591069,36.717069044,100.0389
          -4.489591069,36.717069046,100.0389
          -4.489591068,36.717069046,100.0388
          -4.489591069,36.717069046,100.0386
          -4.489591069,36.717069046,100.0386
          -4.489591069,36.717069047,100.0387
          -4.489591069,36.717069048,100.0387
          -4.489591066,36.717069048,100.0386
          -4.489591066,36.717069048,100.0386
          -4.489591067,36.717069048,100.0386
          -4.489591068,36.717069048,100.0386
          -4.489591068,36.717069049,100.0385
          -4.489591067,36.71706905,100.0386
          -4.489591067,36.717069049,100.0387
          -4.489591066,36.71706905,100.0386
          -4.489591066,36.717069049,100.0386
          -4.489591067,36.717069049,100.0388
          -4.489591067,36.717069046,100.0389
          -4.489591067,36.717069047,100.0388
          -4.489591067,36.717069048,100.0388
          -4.489591068,36.717069049,100.0389
          -4.489591068,36.717069047,100.0389
          -4.489591068,36.717069047,100.039
          -4.489591068,36.717069047,100.0389
          -4.489591069,36.717069049,100.0389
          -4.489591069,36.71706905,100.0389
          -4.489591069,36.71706905,100.0389
          -4.489591069,36.71706905,100.0389
          -4.489591068,36.717069051,100.0389
          -4.489591067,36.717069051,100.0389
          -4.489591068,36.717069052,100.0389
          -4.489591069,36.717069053,100.0388
          -4.489591069,36.717069055,100.0389
          -4.489591069,36.717069055,100.0388
          -4.489591068,36.717069056,100.0388
          -4.489591068,36.717069056,100.0388
          -4.489591067,36.717069057,100.0388
          -4.489591067,36.717069057,100.0388
          -4.489591067,36.717069058,100.0388
          -4.489591067,36.717069058,100.0388
          -4.489591067,36.717069057,100.0388
          -4.489591067,36.717069057,100.0388
          -4.489591068,36.717069056,100.0388
          -4.489591069,36.717069057,100.0388
          -4.489591068,36.717069055,100.0389
          -4.489591068,36.717069054,100.0389
          -4.489591067,36.717069053,100.0389
          -4.489591067,36.717069049,100.0389
          -4.489591067,36.717069049,100.0389
          -4.489591067,36.717069049,100.0391
          -4.489591066,36.717069048,100.0391
          -4.489591067,36.717069049,100.0392
          -4.489591067,36.717069048,100.0391
          -4.489591066,36.717069045,100.0391
          -4.489591064,36.717069044,100.0391
          -4.489591064,36.717069042,100.0392
          -4.489591064,36.717069043,100.0391
          -4.489591064,36.717069041,100.0391
          -4.489591063,36.717069041,100.0391
          -4.489591065,36.717069044,100.0391
          -4.489591065,36.717069045,100.0391
          -4.489591063,36.717069046,100.0391
          -4.489591063,36.717069045,100.0391
          -4.489591062,36.717069044,100.0391
          -4.489591062,36.717069044,100.0391
          -4.489591063,36.717069044,100.0391
          -4.489591063,36.717069045,100.0391
          -4.489591063,36.717069047,100.039
          -4.489591063,36.717069047,100.039
          -4.489591063,36.717069046,100.039
          -4.489591063,36.717069046,100.039
          -4.489591063,36.717069045,100.0391
          -4.489591063,36.717069044,100.0391
          -4.489591062,36.717069043,100.0391
          -4.489591062,36.717069042,100.0392
          -4.489591062,36.717069042,100.0392
          -4.489591064,36.717069044,100.0392
          -4.489591065,36.717069045,100.0391
          -4.489591066,36.717069047,100.0391
          -4.489591066,36.717069048,100.0391
          -4.489591066,36.717069049,100.0391
          -4.489591066,36.717069048,100.0391
          -4.489591066,36.717069048,100.0391
          -4.489591066,36.717069047,100.0391
          -4.489591065,36.717069044,100.0392
          -4.489591064,36.717069043,100.0392
          -4.489591062,36.717069042,100.0393
          -4.489591063,36.717069043,100.0393
          -4.489591064,36.717069043,100.0392
          -4.489591064,36.717069043,100.0392
          -4.489591065,36.717069043,100.0392
          -4.489591065,36.717069043,100.0392
          -4.489591065,36.717069044,100.0392
          -4.489591065,36.717069044,100.0392
          -4.489591066,36.717069045,100.0392
          -4.489591065,36.717069045,100.0391
          -4.489591065,36.717069046,100.0391
          -4.489591064,36.717069045,100.0391
          -4.489591064,36.717069045,100.039
          -4.489591064,36.717069044,100.039
          -4.489591064,36.717069045,100.0391
          -4.489591064,36.717069045,100.0391
          -4.489591064,36.717069043,100.0392
          -4.489591063,36.717069042,100.0393
          -4.489591062,36.71706904,100.0393
          -4.489591062,36.717069039,100.0394
          -4.489591061,36.71706904,100.0394
          -4.489591059,36.71706904,100.0395
          -4.48959106,36.717069039,100.0395
          -4.489591064,36.717069044,100.0394
          -4.489591065,36.717069046,100.0393
          -4.489591061,36.717069044,100.0393
          -4.489591061,36.717069043,100.0393
          -4.489591061,36.717069043,100.0393
          -4.489591062,36.717069045,100.0393
          -4.489591062,36.717069045,100.0394
          -4.489591062,36.717069045,100.0394
          -4.489591062,36.717069044,100.0394
          -4.489591063,36.717069044,100.0394
          -4.489591064,36.717069046,100.0394
          -4.489591063,36.717069046,100.0393
          -4.489591063,36.717069047,100.0393
          -4.489591063,36.717069047,100.0393
          -4.489591062,36.717069047,100.0393
          -4.489591062,36.717069047,100.0393
          -4.489591062,36.717069049,100.0394
          -4.489591062,36.717069049,100.0394
          -4.489591062,36.71706905,100.0393
          -4.489591061,36.717069051,100.0392
          -4.48959106,36.717069055,100.0392
          -4.489591059,36.717069057,100.0392
          -4.489591058,36.717069057,100.0391
          -4.489591056,36.717069059,100.039
          -4.489591055,36.717069059,100.039
          -4.489591054,36.717069061,100.039
          -4.489591053,36.717069062,100.0389
        </coordinates>
      </LineString>
    </Placemark>
  </Document>
</kml>