[0.000000] (-) TimerEvent: {}
[0.000492] (cuadriga_interfaces) JobQueued: {'identifier': 'cuadriga_interfaces', 'dependencies': OrderedDict()}
[0.000623] (cuadriganuevo) JobQueued: {'identifier': 'cuadriganuevo', 'dependencies': OrderedDict()}
[0.000679] (joy) JobQueued: {'identifier': 'joy', 'dependencies': OrderedDict()}
[0.000728] (ros_tcp_endpoint) JobQueued: {'identifier': 'ros_tcp_endpoint', 'dependencies': OrderedDict()}
[0.000778] (teleop_twist_keyboard) JobQueued: {'identifier': 'teleop_twist_keyboard', 'dependencies': OrderedDict()}
[0.000822] (cuadriga) JobQueued: {'identifier': 'cuadriga', 'dependencies': OrderedDict([('cuadriga_interfaces', '/home/laura_benitez/urdf_ws/install/cuadriga_interfaces')])}
[0.000975] (cuadriga_interfaces) JobStarted: {'identifier': 'cuadriga_interfaces'}
[0.015876] (cuadriganuevo) JobStarted: {'identifier': 'cuadriganuevo'}
[0.024976] (joy) JobStarted: {'identifier': 'joy'}
[0.033855] (ros_tcp_endpoint) JobStarted: {'identifier': 'ros_tcp_endpoint'}
[0.048990] (teleop_twist_keyboard) JobStarted: {'identifier': 'teleop_twist_keyboard'}
[0.064259] (cuadriga_interfaces) JobProgress: {'identifier': 'cuadriga_interfaces', 'progress': 'cmake'}
[0.065792] (cuadriga_interfaces) Command: {'cmd': ['/usr/bin/cmake', '/home/laura_benitez/urdf_ws/src/cuadriga_interfaces', '-DCMAKE_INSTALL_PREFIX=/home/laura_benitez/urdf_ws/install/cuadriga_interfaces'], 'cwd': '/home/laura_benitez/urdf_ws/build/cuadriga_interfaces', 'env': OrderedDict([('LESSOPEN', '| /usr/bin/lesspipe %s'), ('USER', 'laura_benitez'), ('SHLVL', '1'), ('LD_LIBRARY_PATH', '/home/laura_benitez/rosgame_ws/install/rosgame_msgs/lib:/home/laura_benitez/rosgame_ws/install/rosgame_bridge/lib:/home/laura_benitez/cypr_ws/install/navigation/lib:/home/laura_benitez/cypr_ws/install/localization/lib:/opt/ros/humble/opt/rviz_ogre_vendor/lib:/opt/ros/humble/lib/x86_64-linux-gnu:/opt/ros/humble/lib'), ('HOME', '/home/laura_benitez'), ('OLDPWD', '/home/laura_benitez'), ('ROS_PYTHON_VERSION', '3'), ('WSL_DISTRO_NAME', 'Ubuntu'), ('COLCON_PREFIX_PATH', '/home/laura_benitez/rosgame_ws/install:/home/laura_benitez/cypr_ws/install:/home/laura_benitez/test_ws/install'), ('ROS_DISTRO', 'humble'), ('LOGNAME', 'laura_benitez'), ('NAME', 'DESKTOP-4ER2JO7'), ('_', '/usr/bin/colcon'), ('ROS_VERSION', '2'), ('TERM', 'xterm-256color'), ('LIBGL_ALWAYS_INDIRECT', '1'), ('ROS_LOCALHOST_ONLY', '0'), ('PATH', '/home/laura_benitez/.local/bin:/opt/ros/humble/bin:/usr/local/sbin:/usr/local/bin:/usr/sbin:/usr/bin:/sbin:/bin:/usr/games:/usr/local/games:/mnt/c/Program Files/WindowsApps/CanonicalGroupLimited.Ubuntu_2404.1.68.0_x64__79rhkp1fndgsc:/mnt/c/TwinCAT/Common64:/mnt/c/TwinCAT/Common32:/mnt/c/WINDOWS/system32:/mnt/c/WINDOWS:/mnt/c/WINDOWS/System32/Wbem:/mnt/c/WINDOWS/System32/WindowsPowerShell/v1.0/:/mnt/c/WINDOWS/System32/OpenSSH/:/mnt/c/Program Files/dotnet/:/mnt/c/Program Files (x86)/dotnet/:/mnt/c/Program Files (x86)/Windows Kits/10/Windows Performance Toolkit/:/mnt/c/Program Files (x86)/IVI Foundation/VISA/WinNT/Bin/:/mnt/c/Program Files/IVI Foundation/VISA/Win64/Bin/:/mnt/c/Program Files (x86)/IVI Foundation/VISA/WinNT/Bin:/mnt/c/Program Files (x86)/IVI Foundation/IVI/Bin/:/mnt/c/Program Files/IVI Foundation/IVI/Bin/:/mnt/c/Program Files (x86)/National Instruments/Shared/LabVIEW CLI:/mnt/c/Program Files/MATLAB/R2025a/bin:/mnt/c/Program Files/Git/cmd:/mnt/c/Users/laura/AppData/Local/Microsoft/WindowsApps:/mnt/c/Users/laura/AppData/Local/Programs/Microsoft VS Code/bin:/snap/bin'), ('DISPLAY', ':0'), ('LANG', 'en_US.UTF-8'), ('LS_COLORS', 'rs=0:di=01;34:ln=01;36:mh=00:pi=40;33:so=01;35:do=01;35:bd=40;33;01:cd=40;33;01:or=40;31;01:mi=00:su=37;41:sg=30;43:ca=30;41:tw=30;42:ow=34;42:st=37;44:ex=01;32:*.tar=01;31:*.tgz=01;31:*.arc=01;31:*.arj=01;31:*.taz=01;31:*.lha=01;31:*.lz4=01;31:*.lzh=01;31:*.lzma=01;31:*.tlz=01;31:*.txz=01;31:*.tzo=01;31:*.t7z=01;31:*.zip=01;31:*.z=01;31:*.dz=01;31:*.gz=01;31:*.lrz=01;31:*.lz=01;31:*.lzo=01;31:*.xz=01;31:*.zst=01;31:*.tzst=01;31:*.bz2=01;31:*.bz=01;31:*.tbz=01;31:*.tbz2=01;31:*.tz=01;31:*.deb=01;31:*.rpm=01;31:*.jar=01;31:*.war=01;31:*.ear=01;31:*.sar=01;31:*.rar=01;31:*.alz=01;31:*.ace=01;31:*.zoo=01;31:*.cpio=01;31:*.7z=01;31:*.rz=01;31:*.cab=01;31:*.wim=01;31:*.swm=01;31:*.dwm=01;31:*.esd=01;31:*.jpg=01;35:*.jpeg=01;35:*.mjpg=01;35:*.mjpeg=01;35:*.gif=01;35:*.bmp=01;35:*.pbm=01;35:*.pgm=01;35:*.ppm=01;35:*.tga=01;35:*.xbm=01;35:*.xpm=01;35:*.tif=01;35:*.tiff=01;35:*.png=01;35:*.svg=01;35:*.svgz=01;35:*.mng=01;35:*.pcx=01;35:*.mov=01;35:*.mpg=01;35:*.mpeg=01;35:*.m2v=01;35:*.mkv=01;35:*.webm=01;35:*.webp=01;35:*.ogm=01;35:*.mp4=01;35:*.m4v=01;35:*.mp4v=01;35:*.vob=01;35:*.qt=01;35:*.nuv=01;35:*.wmv=01;35:*.asf=01;35:*.rm=01;35:*.rmvb=01;35:*.flc=01;35:*.avi=01;35:*.fli=01;35:*.flv=01;35:*.gl=01;35:*.dl=01;35:*.xcf=01;35:*.xwd=01;35:*.yuv=01;35:*.cgm=01;35:*.emf=01;35:*.ogv=01;35:*.ogx=01;35:*.aac=00;36:*.au=00;36:*.flac=00;36:*.m4a=00;36:*.mid=00;36:*.midi=00;36:*.mka=00;36:*.mp3=00;36:*.mpc=00;36:*.ogg=00;36:*.ra=00;36:*.wav=00;36:*.oga=00;36:*.opus=00;36:*.spx=00;36:*.xspf=00;36:'), ('AMENT_PREFIX_PATH', '/home/laura_benitez/test_ws/install/mi_robot_description:/home/laura_benitez/rosgame_ws/install/warrior_15:/home/laura_benitez/rosgame_ws/install/rosgame_msgs:/home/laura_benitez/rosgame_ws/install/rosgame_bridge:/home/laura_benitez/cypr_ws/install/navigation:/home/laura_benitez/cypr_ws/install/motion:/home/laura_benitez/cypr_ws/install/localization:/home/laura_benitez/cypr_ws/install/keyboard_control:/home/laura_benitez/cypr_ws/install/arm_controller:/opt/ros/humble'), ('SHELL', '/bin/bash'), ('LESSCLOSE', '/usr/bin/lesspipe %s %s'), ('PWD', '/home/laura_benitez/urdf_ws/build/cuadriga_interfaces'), ('QT_QPA_PLATFORM', 'xcb'), ('XDG_DATA_DIRS', '/usr/local/share:/usr/share:/var/lib/snapd/desktop'), ('PYTHONPATH', '/home/laura_benitez/rosgame_ws/install/rosgame_msgs/local/lib/python3.10/dist-packages:/home/laura_benitez/rosgame_ws/install/rosgame_bridge/local/lib/python3.10/dist-packages:/home/laura_benitez/cypr_ws/install/navigation/local/lib/python3.10/dist-packages:/home/laura_benitez/cypr_ws/install/localization/local/lib/python3.10/dist-packages:/home/laura_benitez/cypr_ws/install/arm_controller/lib/python3.10/site-packages:/opt/ros/humble/lib/python3.10/site-packages:/opt/ros/humble/local/lib/python3.10/dist-packages'), ('COLCON', '1'), ('HOSTTYPE', 'x86_64'), ('CMAKE_PREFIX_PATH', '/home/laura_benitez/test_ws/install/mi_robot_description:/home/laura_benitez/rosgame_ws/install/warrior_15:/home/laura_benitez/rosgame_ws/install/rosgame_msgs:/home/laura_benitez/rosgame_ws/install/rosgame_bridge:/home/laura_benitez/cypr_ws/install/navigation:/home/laura_benitez/cypr_ws/install/motion:/home/laura_benitez/cypr_ws/install/localization:/home/laura_benitez/cypr_ws/install/keyboard_control:/home/laura_benitez/cypr_ws/install/arm_controller:/opt/ros/humble'), ('WSLENV', '')]), 'shell': False}
[0.071394] (cuadriganuevo) JobProgress: {'identifier': 'cuadriganuevo', 'progress': 'cmake'}
[0.072990] (cuadriganuevo) Command: {'cmd': ['/usr/bin/cmake', '/home/laura_benitez/urdf_ws/src/cuadriganuevo', '-DCMAKE_INSTALL_PREFIX=/home/laura_benitez/urdf_ws/install/cuadriganuevo'], 'cwd': '/home/laura_benitez/urdf_ws/build/cuadriganuevo', 'env': OrderedDict([('LESSOPEN', '| /usr/bin/lesspipe %s'), ('USER', 'laura_benitez'), ('SHLVL', '1'), ('LD_LIBRARY_PATH', '/home/laura_benitez/rosgame_ws/install/rosgame_msgs/lib:/home/laura_benitez/rosgame_ws/install/rosgame_bridge/lib:/home/laura_benitez/cypr_ws/install/navigation/lib:/home/laura_benitez/cypr_ws/install/localization/lib:/opt/ros/humble/opt/rviz_ogre_vendor/lib:/opt/ros/humble/lib/x86_64-linux-gnu:/opt/ros/humble/lib'), ('HOME', '/home/laura_benitez'), ('OLDPWD', '/home/laura_benitez'), ('ROS_PYTHON_VERSION', '3'), ('WSL_DISTRO_NAME', 'Ubuntu'), ('COLCON_PREFIX_PATH', '/home/laura_benitez/rosgame_ws/install:/home/laura_benitez/cypr_ws/install:/home/laura_benitez/test_ws/install'), ('ROS_DISTRO', 'humble'), ('LOGNAME', 'laura_benitez'), ('NAME', 'DESKTOP-4ER2JO7'), ('_', '/usr/bin/colcon'), ('ROS_VERSION', '2'), ('TERM', 'xterm-256color'), ('LIBGL_ALWAYS_INDIRECT', '1'), ('ROS_LOCALHOST_ONLY', '0'), ('PATH', '/home/laura_benitez/.local/bin:/opt/ros/humble/bin:/usr/local/sbin:/usr/local/bin:/usr/sbin:/usr/bin:/sbin:/bin:/usr/games:/usr/local/games:/mnt/c/Program Files/WindowsApps/CanonicalGroupLimited.Ubuntu_2404.1.68.0_x64__79rhkp1fndgsc:/mnt/c/TwinCAT/Common64:/mnt/c/TwinCAT/Common32:/mnt/c/WINDOWS/system32:/mnt/c/WINDOWS:/mnt/c/WINDOWS/System32/Wbem:/mnt/c/WINDOWS/System32/WindowsPowerShell/v1.0/:/mnt/c/WINDOWS/System32/OpenSSH/:/mnt/c/Program Files/dotnet/:/mnt/c/Program Files (x86)/dotnet/:/mnt/c/Program Files (x86)/Windows Kits/10/Windows Performance Toolkit/:/mnt/c/Program Files (x86)/IVI Foundation/VISA/WinNT/Bin/:/mnt/c/Program Files/IVI Foundation/VISA/Win64/Bin/:/mnt/c/Program Files (x86)/IVI Foundation/VISA/WinNT/Bin:/mnt/c/Program Files (x86)/IVI Foundation/IVI/Bin/:/mnt/c/Program Files/IVI Foundation/IVI/Bin/:/mnt/c/Program Files (x86)/National Instruments/Shared/LabVIEW CLI:/mnt/c/Program Files/MATLAB/R2025a/bin:/mnt/c/Program Files/Git/cmd:/mnt/c/Users/laura/AppData/Local/Microsoft/WindowsApps:/mnt/c/Users/laura/AppData/Local/Programs/Microsoft VS Code/bin:/snap/bin'), ('DISPLAY', ':0'), ('LANG', 'en_US.UTF-8'), ('LS_COLORS', 'rs=0:di=01;34:ln=01;36:mh=00:pi=40;33:so=01;35:do=01;35:bd=40;33;01:cd=40;33;01:or=40;31;01:mi=00:su=37;41:sg=30;43:ca=30;41:tw=30;42:ow=34;42:st=37;44:ex=01;32:*.tar=01;31:*.tgz=01;31:*.arc=01;31:*.arj=01;31:*.taz=01;31:*.lha=01;31:*.lz4=01;31:*.lzh=01;31:*.lzma=01;31:*.tlz=01;31:*.txz=01;31:*.tzo=01;31:*.t7z=01;31:*.zip=01;31:*.z=01;31:*.dz=01;31:*.gz=01;31:*.lrz=01;31:*.lz=01;31:*.lzo=01;31:*.xz=01;31:*.zst=01;31:*.tzst=01;31:*.bz2=01;31:*.bz=01;31:*.tbz=01;31:*.tbz2=01;31:*.tz=01;31:*.deb=01;31:*.rpm=01;31:*.jar=01;31:*.war=01;31:*.ear=01;31:*.sar=01;31:*.rar=01;31:*.alz=01;31:*.ace=01;31:*.zoo=01;31:*.cpio=01;31:*.7z=01;31:*.rz=01;31:*.cab=01;31:*.wim=01;31:*.swm=01;31:*.dwm=01;31:*.esd=01;31:*.jpg=01;35:*.jpeg=01;35:*.mjpg=01;35:*.mjpeg=01;35:*.gif=01;35:*.bmp=01;35:*.pbm=01;35:*.pgm=01;35:*.ppm=01;35:*.tga=01;35:*.xbm=01;35:*.xpm=01;35:*.tif=01;35:*.tiff=01;35:*.png=01;35:*.svg=01;35:*.svgz=01;35:*.mng=01;35:*.pcx=01;35:*.mov=01;35:*.mpg=01;35:*.mpeg=01;35:*.m2v=01;35:*.mkv=01;35:*.webm=01;35:*.webp=01;35:*.ogm=01;35:*.mp4=01;35:*.m4v=01;35:*.mp4v=01;35:*.vob=01;35:*.qt=01;35:*.nuv=01;35:*.wmv=01;35:*.asf=01;35:*.rm=01;35:*.rmvb=01;35:*.flc=01;35:*.avi=01;35:*.fli=01;35:*.flv=01;35:*.gl=01;35:*.dl=01;35:*.xcf=01;35:*.xwd=01;35:*.yuv=01;35:*.cgm=01;35:*.emf=01;35:*.ogv=01;35:*.ogx=01;35:*.aac=00;36:*.au=00;36:*.flac=00;36:*.m4a=00;36:*.mid=00;36:*.midi=00;36:*.mka=00;36:*.mp3=00;36:*.mpc=00;36:*.ogg=00;36:*.ra=00;36:*.wav=00;36:*.oga=00;36:*.opus=00;36:*.spx=00;36:*.xspf=00;36:'), ('AMENT_PREFIX_PATH', '/home/laura_benitez/test_ws/install/mi_robot_description:/home/laura_benitez/rosgame_ws/install/warrior_15:/home/laura_benitez/rosgame_ws/install/rosgame_msgs:/home/laura_benitez/rosgame_ws/install/rosgame_bridge:/home/laura_benitez/cypr_ws/install/navigation:/home/laura_benitez/cypr_ws/install/motion:/home/laura_benitez/cypr_ws/install/localization:/home/laura_benitez/cypr_ws/install/keyboard_control:/home/laura_benitez/cypr_ws/install/arm_controller:/opt/ros/humble'), ('SHELL', '/bin/bash'), ('LESSCLOSE', '/usr/bin/lesspipe %s %s'), ('PWD', '/home/laura_benitez/urdf_ws/build/cuadriganuevo'), ('QT_QPA_PLATFORM', 'xcb'), ('XDG_DATA_DIRS', '/usr/local/share:/usr/share:/var/lib/snapd/desktop'), ('PYTHONPATH', '/home/laura_benitez/rosgame_ws/install/rosgame_msgs/local/lib/python3.10/dist-packages:/home/laura_benitez/rosgame_ws/install/rosgame_bridge/local/lib/python3.10/dist-packages:/home/laura_benitez/cypr_ws/install/navigation/local/lib/python3.10/dist-packages:/home/laura_benitez/cypr_ws/install/localization/local/lib/python3.10/dist-packages:/home/laura_benitez/cypr_ws/install/arm_controller/lib/python3.10/site-packages:/opt/ros/humble/lib/python3.10/site-packages:/opt/ros/humble/local/lib/python3.10/dist-packages'), ('COLCON', '1'), ('HOSTTYPE', 'x86_64'), ('CMAKE_PREFIX_PATH', '/home/laura_benitez/test_ws/install/mi_robot_description:/home/laura_benitez/rosgame_ws/install/warrior_15:/home/laura_benitez/rosgame_ws/install/rosgame_msgs:/home/laura_benitez/rosgame_ws/install/rosgame_bridge:/home/laura_benitez/cypr_ws/install/navigation:/home/laura_benitez/cypr_ws/install/motion:/home/laura_benitez/cypr_ws/install/localization:/home/laura_benitez/cypr_ws/install/keyboard_control:/home/laura_benitez/cypr_ws/install/arm_controller:/opt/ros/humble'), ('WSLENV', '')]), 'shell': False}
[0.076687] (joy) JobProgress: {'identifier': 'joy', 'progress': 'cmake'}
[0.077427] (joy) Command: {'cmd': ['/usr/bin/cmake', '/home/laura_benitez/urdf_ws/src/joy', '-DCMAKE_INSTALL_PREFIX=/home/laura_benitez/urdf_ws/install/joy'], 'cwd': '/home/laura_benitez/urdf_ws/build/joy', 'env': OrderedDict([('LESSOPEN', '| /usr/bin/lesspipe %s'), ('USER', 'laura_benitez'), ('SHLVL', '1'), ('LD_LIBRARY_PATH', '/home/laura_benitez/rosgame_ws/install/rosgame_msgs/lib:/home/laura_benitez/rosgame_ws/install/rosgame_bridge/lib:/home/laura_benitez/cypr_ws/install/navigation/lib:/home/laura_benitez/cypr_ws/install/localization/lib:/opt/ros/humble/opt/rviz_ogre_vendor/lib:/opt/ros/humble/lib/x86_64-linux-gnu:/opt/ros/humble/lib'), ('HOME', '/home/laura_benitez'), ('OLDPWD', '/home/laura_benitez'), ('ROS_PYTHON_VERSION', '3'), ('WSL_DISTRO_NAME', 'Ubuntu'), ('COLCON_PREFIX_PATH', '/home/laura_benitez/rosgame_ws/install:/home/laura_benitez/cypr_ws/install:/home/laura_benitez/test_ws/install'), ('ROS_DISTRO', 'humble'), ('LOGNAME', 'laura_benitez'), ('NAME', 'DESKTOP-4ER2JO7'), ('_', '/usr/bin/colcon'), ('ROS_VERSION', '2'), ('TERM', 'xterm-256color'), ('LIBGL_ALWAYS_INDIRECT', '1'), ('ROS_LOCALHOST_ONLY', '0'), ('PATH', '/home/laura_benitez/.local/bin:/opt/ros/humble/bin:/usr/local/sbin:/usr/local/bin:/usr/sbin:/usr/bin:/sbin:/bin:/usr/games:/usr/local/games:/mnt/c/Program Files/WindowsApps/CanonicalGroupLimited.Ubuntu_2404.1.68.0_x64__79rhkp1fndgsc:/mnt/c/TwinCAT/Common64:/mnt/c/TwinCAT/Common32:/mnt/c/WINDOWS/system32:/mnt/c/WINDOWS:/mnt/c/WINDOWS/System32/Wbem:/mnt/c/WINDOWS/System32/WindowsPowerShell/v1.0/:/mnt/c/WINDOWS/System32/OpenSSH/:/mnt/c/Program Files/dotnet/:/mnt/c/Program Files (x86)/dotnet/:/mnt/c/Program Files (x86)/Windows Kits/10/Windows Performance Toolkit/:/mnt/c/Program Files (x86)/IVI Foundation/VISA/WinNT/Bin/:/mnt/c/Program Files/IVI Foundation/VISA/Win64/Bin/:/mnt/c/Program Files (x86)/IVI Foundation/VISA/WinNT/Bin:/mnt/c/Program Files (x86)/IVI Foundation/IVI/Bin/:/mnt/c/Program Files/IVI Foundation/IVI/Bin/:/mnt/c/Program Files (x86)/National Instruments/Shared/LabVIEW CLI:/mnt/c/Program Files/MATLAB/R2025a/bin:/mnt/c/Program Files/Git/cmd:/mnt/c/Users/laura/AppData/Local/Microsoft/WindowsApps:/mnt/c/Users/laura/AppData/Local/Programs/Microsoft VS Code/bin:/snap/bin'), ('DISPLAY', ':0'), ('LANG', 'en_US.UTF-8'), ('LS_COLORS', 'rs=0:di=01;34:ln=01;36:mh=00:pi=40;33:so=01;35:do=01;35:bd=40;33;01:cd=40;33;01:or=40;31;01:mi=00:su=37;41:sg=30;43:ca=30;41:tw=30;42:ow=34;42:st=37;44:ex=01;32:*.tar=01;31:*.tgz=01;31:*.arc=01;31:*.arj=01;31:*.taz=01;31:*.lha=01;31:*.lz4=01;31:*.lzh=01;31:*.lzma=01;31:*.tlz=01;31:*.txz=01;31:*.tzo=01;31:*.t7z=01;31:*.zip=01;31:*.z=01;31:*.dz=01;31:*.gz=01;31:*.lrz=01;31:*.lz=01;31:*.lzo=01;31:*.xz=01;31:*.zst=01;31:*.tzst=01;31:*.bz2=01;31:*.bz=01;31:*.tbz=01;31:*.tbz2=01;31:*.tz=01;31:*.deb=01;31:*.rpm=01;31:*.jar=01;31:*.war=01;31:*.ear=01;31:*.sar=01;31:*.rar=01;31:*.alz=01;31:*.ace=01;31:*.zoo=01;31:*.cpio=01;31:*.7z=01;31:*.rz=01;31:*.cab=01;31:*.wim=01;31:*.swm=01;31:*.dwm=01;31:*.esd=01;31:*.jpg=01;35:*.jpeg=01;35:*.mjpg=01;35:*.mjpeg=01;35:*.gif=01;35:*.bmp=01;35:*.pbm=01;35:*.pgm=01;35:*.ppm=01;35:*.tga=01;35:*.xbm=01;35:*.xpm=01;35:*.tif=01;35:*.tiff=01;35:*.png=01;35:*.svg=01;35:*.svgz=01;35:*.mng=01;35:*.pcx=01;35:*.mov=01;35:*.mpg=01;35:*.mpeg=01;35:*.m2v=01;35:*.mkv=01;35:*.webm=01;35:*.webp=01;35:*.ogm=01;35:*.mp4=01;35:*.m4v=01;35:*.mp4v=01;35:*.vob=01;35:*.qt=01;35:*.nuv=01;35:*.wmv=01;35:*.asf=01;35:*.rm=01;35:*.rmvb=01;35:*.flc=01;35:*.avi=01;35:*.fli=01;35:*.flv=01;35:*.gl=01;35:*.dl=01;35:*.xcf=01;35:*.xwd=01;35:*.yuv=01;35:*.cgm=01;35:*.emf=01;35:*.ogv=01;35:*.ogx=01;35:*.aac=00;36:*.au=00;36:*.flac=00;36:*.m4a=00;36:*.mid=00;36:*.midi=00;36:*.mka=00;36:*.mp3=00;36:*.mpc=00;36:*.ogg=00;36:*.ra=00;36:*.wav=00;36:*.oga=00;36:*.opus=00;36:*.spx=00;36:*.xspf=00;36:'), ('AMENT_PREFIX_PATH', '/home/laura_benitez/test_ws/install/mi_robot_description:/home/laura_benitez/rosgame_ws/install/warrior_15:/home/laura_benitez/rosgame_ws/install/rosgame_msgs:/home/laura_benitez/rosgame_ws/install/rosgame_bridge:/home/laura_benitez/cypr_ws/install/navigation:/home/laura_benitez/cypr_ws/install/motion:/home/laura_benitez/cypr_ws/install/localization:/home/laura_benitez/cypr_ws/install/keyboard_control:/home/laura_benitez/cypr_ws/install/arm_controller:/opt/ros/humble'), ('SHELL', '/bin/bash'), ('LESSCLOSE', '/usr/bin/lesspipe %s %s'), ('PWD', '/home/laura_benitez/urdf_ws/build/joy'), ('QT_QPA_PLATFORM', 'xcb'), ('XDG_DATA_DIRS', '/usr/local/share:/usr/share:/var/lib/snapd/desktop'), ('PYTHONPATH', '/home/laura_benitez/rosgame_ws/install/rosgame_msgs/local/lib/python3.10/dist-packages:/home/laura_benitez/rosgame_ws/install/rosgame_bridge/local/lib/python3.10/dist-packages:/home/laura_benitez/cypr_ws/install/navigation/local/lib/python3.10/dist-packages:/home/laura_benitez/cypr_ws/install/localization/local/lib/python3.10/dist-packages:/home/laura_benitez/cypr_ws/install/arm_controller/lib/python3.10/site-packages:/opt/ros/humble/lib/python3.10/site-packages:/opt/ros/humble/local/lib/python3.10/dist-packages'), ('COLCON', '1'), ('HOSTTYPE', 'x86_64'), ('CMAKE_PREFIX_PATH', '/home/laura_benitez/test_ws/install/mi_robot_description:/home/laura_benitez/rosgame_ws/install/warrior_15:/home/laura_benitez/rosgame_ws/install/rosgame_msgs:/home/laura_benitez/rosgame_ws/install/rosgame_bridge:/home/laura_benitez/cypr_ws/install/navigation:/home/laura_benitez/cypr_ws/install/motion:/home/laura_benitez/cypr_ws/install/localization:/home/laura_benitez/cypr_ws/install/keyboard_control:/home/laura_benitez/cypr_ws/install/arm_controller:/opt/ros/humble'), ('WSLENV', '')]), 'shell': False}
[0.106620] (-) TimerEvent: {}
[0.209695] (-) TimerEvent: {}
[0.313616] (-) TimerEvent: {}
[0.424064] (-) TimerEvent: {}
[0.531026] (-) TimerEvent: {}
[0.630940] (cuadriga_interfaces) StdoutLine: {'line': b'-- The C compiler identification is GNU 11.4.0\n'}
[0.631423] (-) TimerEvent: {}
[0.631980] (joy) StdoutLine: {'line': b'-- The C compiler identification is GNU 11.4.0\n'}
[0.632398] (cuadriganuevo) StdoutLine: {'line': b'-- The C compiler identification is GNU 11.4.0\n'}
[0.738961] (-) TimerEvent: {}
[0.843106] (-) TimerEvent: {}
[0.937321] (cuadriga_interfaces) StdoutLine: {'line': b'-- The CXX compiler identification is GNU 11.4.0\n'}
[0.937678] (joy) StdoutLine: {'line': b'-- The CXX compiler identification is GNU 11.4.0\n'}
[0.938345] (cuadriganuevo) StdoutLine: {'line': b'-- The CXX compiler identification is GNU 11.4.0\n'}
[0.947222] (-) TimerEvent: {}
[1.049918] (-) TimerEvent: {}
[1.065587] (cuadriganuevo) StdoutLine: {'line': b'-- Detecting C compiler ABI info\n'}
[1.065890] (joy) StdoutLine: {'line': b'-- Detecting C compiler ABI info\n'}
[1.066086] (cuadriga_interfaces) StdoutLine: {'line': b'-- Detecting C compiler ABI info\n'}
[1.162655] (-) TimerEvent: {}
[1.266487] (-) TimerEvent: {}
[1.371693] (-) TimerEvent: {}
[1.404001] (joy) StdoutLine: {'line': b'-- Detecting C compiler ABI info - done\n'}
[1.404395] (cuadriganuevo) StdoutLine: {'line': b'-- Detecting C compiler ABI info - done\n'}
[1.404644] (cuadriga_interfaces) StdoutLine: {'line': b'-- Detecting C compiler ABI info - done\n'}
[1.410365] (joy) StdoutLine: {'line': b'-- Check for working C compiler: /usr/bin/cc - skipped\n'}
[1.415032] (cuadriganuevo) StdoutLine: {'line': b'-- Check for working C compiler: /usr/bin/cc - skipped\n'}
[1.415343] (cuadriga_interfaces) StdoutLine: {'line': b'-- Check for working C compiler: /usr/bin/cc - skipped\n'}
[1.421419] (cuadriganuevo) StdoutLine: {'line': b'-- Detecting C compile features\n'}
[1.421712] (cuadriga_interfaces) StdoutLine: {'line': b'-- Detecting C compile features\n'}
[1.421854] (joy) StdoutLine: {'line': b'-- Detecting C compile features\n'}
[1.433966] (cuadriga_interfaces) StdoutLine: {'line': b'-- Detecting C compile features - done\n'}
[1.434358] (joy) StdoutLine: {'line': b'-- Detecting C compile features - done\n'}
[1.434520] (cuadriganuevo) StdoutLine: {'line': b'-- Detecting C compile features - done\n'}
[1.462802] (cuadriga_interfaces) StdoutLine: {'line': b'-- Detecting CXX compiler ABI info\n'}
[1.463067] (cuadriganuevo) StdoutLine: {'line': b'-- Detecting CXX compiler ABI info\n'}
[1.463213] (joy) StdoutLine: {'line': b'-- Detecting CXX compiler ABI info\n'}
[1.481008] (-) TimerEvent: {}
[1.598434] (-) TimerEvent: {}
[1.703934] (-) TimerEvent: {}
[1.784519] (joy) StdoutLine: {'line': b'-- Detecting CXX compiler ABI info - done\n'}
[1.784921] (cuadriga_interfaces) StdoutLine: {'line': b'-- Detecting CXX compiler ABI info - done\n'}
[1.785162] (cuadriganuevo) StdoutLine: {'line': b'-- Detecting CXX compiler ABI info - done\n'}
[1.790978] (joy) StdoutLine: {'line': b'-- Check for working CXX compiler: /usr/bin/c++ - skipped\n'}
[1.791355] (cuadriga_interfaces) StdoutLine: {'line': b'-- Check for working CXX compiler: /usr/bin/c++ - skipped\n'}
[1.791597] (joy) StdoutLine: {'line': b'-- Detecting CXX compile features\n'}
[1.791826] (cuadriganuevo) StdoutLine: {'line': b'-- Check for working CXX compiler: /usr/bin/c++ - skipped\n'}
[1.792011] (cuadriga_interfaces) StdoutLine: {'line': b'-- Detecting CXX compile features\n'}
[1.792152] (joy) StdoutLine: {'line': b'-- Detecting CXX compile features - done\n'}
[1.792414] (cuadriganuevo) StdoutLine: {'line': b'-- Detecting CXX compile features\n'}
[1.792604] (cuadriga_interfaces) StdoutLine: {'line': b'-- Detecting CXX compile features - done\n'}
[1.792859] (cuadriganuevo) StdoutLine: {'line': b'-- Detecting CXX compile features - done\n'}
[1.808434] (-) TimerEvent: {}
[1.821894] (cuadriganuevo) StdoutLine: {'line': b'-- Found ament_cmake: 1.3.11 (/opt/ros/humble/share/ament_cmake/cmake)\n'}
[1.823485] (joy) StdoutLine: {'line': b'-- Found ament_cmake_ros: 0.10.0 (/opt/ros/humble/share/ament_cmake_ros/cmake)\n'}
[1.824425] (cuadriga_interfaces) StdoutLine: {'line': b'-- Found ament_cmake: 1.3.11 (/opt/ros/humble/share/ament_cmake/cmake)\n'}
[1.912324] (-) TimerEvent: {}
[2.017221] (-) TimerEvent: {}
[2.121408] (-) TimerEvent: {}
[2.126448] (cuadriganuevo) StdoutLine: {'line': b'-- Found Python3: /usr/bin/python3 (found version "3.10.12") found components: Interpreter \n'}
[2.126978] (cuadriga_interfaces) StdoutLine: {'line': b'-- Found Python3: /usr/bin/python3 (found version "3.10.12") found components: Interpreter \n'}
[2.173683] (joy) StdoutLine: {'line': b'-- Found Python3: /usr/bin/python3 (found version "3.10.12") found components: Interpreter \n'}
[2.236435] (-) TimerEvent: {}
[2.348509] (-) TimerEvent: {}
[2.399242] (cuadriga_interfaces) StdoutLine: {'line': b'-- Found rosidl_default_generators: 1.2.0 (/opt/ros/humble/share/rosidl_default_generators/cmake)\n'}
[2.412635] (cuadriga_interfaces) StdoutLine: {'line': b'-- Using all available rosidl_typesupport_c: rosidl_typesupport_fastrtps_c;rosidl_typesupport_introspection_c\n'}
[2.421396] (cuadriganuevo) StdoutLine: {'line': b'-- Found rclcpp: 16.0.11 (/opt/ros/humble/share/rclcpp/cmake)\n'}
[2.429433] (joy) StdoutLine: {'line': b'-- Found rclcpp: 16.0.11 (/opt/ros/humble/share/rclcpp/cmake)\n'}
[2.442075] (cuadriga_interfaces) StdoutLine: {'line': b'-- Found rosidl_adapter: 3.1.6 (/opt/ros/humble/share/rosidl_adapter/cmake)\n'}
[2.461507] (-) TimerEvent: {}
[2.565713] (-) TimerEvent: {}
[2.572903] (cuadriga_interfaces) StdoutLine: {'line': b'-- Using all available rosidl_typesupport_cpp: rosidl_typesupport_fastrtps_cpp;rosidl_typesupport_introspection_cpp\n'}
[2.669806] (-) TimerEvent: {}
[2.671097] (cuadriga_interfaces) StdoutLine: {'line': b'-- Found sensor_msgs: 4.2.4 (/opt/ros/humble/share/sensor_msgs/cmake)\n'}
[2.738345] (cuadriganuevo) StdoutLine: {'line': b'-- Found rosidl_generator_c: 3.1.6 (/opt/ros/humble/share/rosidl_generator_c/cmake)\n'}
[2.739508] (joy) StdoutLine: {'line': b'-- Found rosidl_generator_c: 3.1.6 (/opt/ros/humble/share/rosidl_generator_c/cmake)\n'}
[2.762797] (cuadriganuevo) StdoutLine: {'line': b'-- Found rosidl_adapter: 3.1.6 (/opt/ros/humble/share/rosidl_adapter/cmake)\n'}
[2.763010] (joy) StdoutLine: {'line': b'-- Found rosidl_adapter: 3.1.6 (/opt/ros/humble/share/rosidl_adapter/cmake)\n'}
[2.779079] (-) TimerEvent: {}
[2.787981] (cuadriga_interfaces) StdoutLine: {'line': b'-- Found ament_lint_auto: 0.12.11 (/opt/ros/humble/share/ament_lint_auto/cmake)\n'}
[2.799888] (cuadriganuevo) StdoutLine: {'line': b'-- Found rosidl_generator_cpp: 3.1.6 (/opt/ros/humble/share/rosidl_generator_cpp/cmake)\n'}
[2.800171] (joy) StdoutLine: {'line': b'-- Found rosidl_generator_cpp: 3.1.6 (/opt/ros/humble/share/rosidl_generator_cpp/cmake)\n'}
[2.829582] (cuadriganuevo) StdoutLine: {'line': b'-- Using all available rosidl_typesupport_c: rosidl_typesupport_fastrtps_c;rosidl_typesupport_introspection_c\n'}
[2.838801] (joy) StdoutLine: {'line': b'-- Using all available rosidl_typesupport_c: rosidl_typesupport_fastrtps_c;rosidl_typesupport_introspection_c\n'}
[2.871321] (cuadriganuevo) StdoutLine: {'line': b'-- Using all available rosidl_typesupport_cpp: rosidl_typesupport_fastrtps_cpp;rosidl_typesupport_introspection_cpp\n'}
[2.880819] (joy) StdoutLine: {'line': b'-- Using all available rosidl_typesupport_cpp: rosidl_typesupport_fastrtps_cpp;rosidl_typesupport_introspection_cpp\n'}
[2.881033] (-) TimerEvent: {}
[2.982391] (-) TimerEvent: {}
[3.086741] (-) TimerEvent: {}
[3.189788] (-) TimerEvent: {}
[3.299861] (-) TimerEvent: {}
[3.310027] (cuadriga_interfaces) StdoutLine: {'line': b'-- Found ament_cmake_ros: 0.10.0 (/opt/ros/humble/share/ament_cmake_ros/cmake)\n'}
[3.410978] (-) TimerEvent: {}
[3.515257] (-) TimerEvent: {}
[3.516066] (cuadriganuevo) StdoutLine: {'line': b'-- Found rmw_implementation_cmake: 6.1.2 (/opt/ros/humble/share/rmw_implementation_cmake/cmake)\n'}
[3.516335] (joy) StdoutLine: {'line': b'-- Found rmw_implementation_cmake: 6.1.2 (/opt/ros/humble/share/rmw_implementation_cmake/cmake)\n'}
[3.585316] (joy) StdoutLine: {'line': b'-- Found rmw_fastrtps_cpp: 6.2.7 (/opt/ros/humble/share/rmw_fastrtps_cpp/cmake)\n'}
[3.585591] (cuadriganuevo) StdoutLine: {'line': b'-- Found rmw_fastrtps_cpp: 6.2.7 (/opt/ros/humble/share/rmw_fastrtps_cpp/cmake)\n'}
[3.621075] (-) TimerEvent: {}
[3.737414] (-) TimerEvent: {}
[3.775950] (cuadriga_interfaces) StdoutLine: {'line': b'-- Using all available rosidl_typesupport_c: rosidl_typesupport_fastrtps_c;rosidl_typesupport_introspection_c\n'}
[3.838168] (-) TimerEvent: {}
[3.947553] (-) TimerEvent: {}
[4.051681] (-) TimerEvent: {}
[4.156159] (-) TimerEvent: {}
[4.259433] (-) TimerEvent: {}
[4.357294] (cuadriga_interfaces) StdoutLine: {'line': b'-- Using all available rosidl_typesupport_cpp: rosidl_typesupport_fastrtps_cpp;rosidl_typesupport_introspection_cpp\n'}
[4.364494] (-) TimerEvent: {}
[4.407452] (cuadriga_interfaces) StdoutLine: {'line': b'-- Found PythonInterp: /usr/bin/python3 (found suitable version "3.10.12", minimum required is "3.6") \n'}
[4.416629] (cuadriga_interfaces) StdoutLine: {'line': b'-- Found python_cmake_module: 0.10.0 (/opt/ros/humble/share/python_cmake_module/cmake)\n'}
[4.467615] (-) TimerEvent: {}
[4.481955] (cuadriga_interfaces) StdoutLine: {'line': b'-- Found PythonLibs: /usr/lib/x86_64-linux-gnu/libpython3.10.so (found suitable version "3.10.12", minimum required is "3.5") \n'}
[4.482239] (cuadriga_interfaces) StdoutLine: {'line': b'-- Using PYTHON_EXECUTABLE: /usr/bin/python3\n'}
[4.482337] (cuadriga_interfaces) StdoutLine: {'line': b'-- Using PYTHON_INCLUDE_DIRS: /usr/include/python3.10\n'}
[4.482412] (cuadriga_interfaces) StdoutLine: {'line': b'-- Using PYTHON_LIBRARIES: /usr/lib/x86_64-linux-gnu/libpython3.10.so\n'}
[4.521547] (cuadriga_interfaces) StdoutLine: {'line': b'-- Found PythonExtra: .so  \n'}
[4.557354] (joy) StdoutLine: {'line': b'-- Found OpenSSL: /usr/lib/x86_64-linux-gnu/libcrypto.so (found version "3.0.2")  \n'}
[4.557609] (cuadriganuevo) StdoutLine: {'line': b'-- Found OpenSSL: /usr/lib/x86_64-linux-gnu/libcrypto.so (found version "3.0.2")  \n'}
[4.571749] (-) TimerEvent: {}
[4.653226] (cuadriga_interfaces) StdoutLine: {'line': b"-- Added test 'lint_cmake' to check CMake code style\n"}
[4.658071] (cuadriga_interfaces) StdoutLine: {'line': b"-- Added test 'xmllint' to check XML markup files\n"}
[4.676816] (-) TimerEvent: {}
[4.704813] (cuadriga_interfaces) StdoutLine: {'line': b'-- Configuring done\n'}
[4.760689] (cuadriganuevo) StdoutLine: {'line': b'-- Found FastRTPS: /opt/ros/humble/include  \n'}
[4.763985] (joy) StdoutLine: {'line': b'-- Found FastRTPS: /opt/ros/humble/include  \n'}
[4.781327] (-) TimerEvent: {}
[4.884278] (-) TimerEvent: {}
[4.912328] (cuadriga_interfaces) StdoutLine: {'line': b'-- Generating done\n'}
[4.987310] (-) TimerEvent: {}
[5.037953] (cuadriganuevo) StdoutLine: {'line': b"-- Using RMW implementation 'rmw_fastrtps_cpp' as default\n"}
[5.049067] (joy) StdoutLine: {'line': b"-- Using RMW implementation 'rmw_fastrtps_cpp' as default\n"}
[5.093536] (-) TimerEvent: {}
[5.104402] (cuadriga_interfaces) StdoutLine: {'line': b'-- Build files have been written to: /home/laura_benitez/urdf_ws/build/cuadriga_interfaces\n'}
[5.118288] (cuadriga_interfaces) CommandEnded: {'returncode': 0}
[5.118882] (cuadriga_interfaces) JobProgress: {'identifier': 'cuadriga_interfaces', 'progress': 'build'}
[5.119660] (cuadriga_interfaces) Command: {'cmd': ['/usr/bin/cmake', '--build', '/home/laura_benitez/urdf_ws/build/cuadriga_interfaces', '--', '-j16', '-l16'], 'cwd': '/home/laura_benitez/urdf_ws/build/cuadriga_interfaces', 'env': OrderedDict([('LESSOPEN', '| /usr/bin/lesspipe %s'), ('USER', 'laura_benitez'), ('SHLVL', '1'), ('LD_LIBRARY_PATH', '/home/laura_benitez/rosgame_ws/install/rosgame_msgs/lib:/home/laura_benitez/rosgame_ws/install/rosgame_bridge/lib:/home/laura_benitez/cypr_ws/install/navigation/lib:/home/laura_benitez/cypr_ws/install/localization/lib:/opt/ros/humble/opt/rviz_ogre_vendor/lib:/opt/ros/humble/lib/x86_64-linux-gnu:/opt/ros/humble/lib'), ('HOME', '/home/laura_benitez'), ('OLDPWD', '/home/laura_benitez'), ('ROS_PYTHON_VERSION', '3'), ('WSL_DISTRO_NAME', 'Ubuntu'), ('COLCON_PREFIX_PATH', '/home/laura_benitez/rosgame_ws/install:/home/laura_benitez/cypr_ws/install:/home/laura_benitez/test_ws/install'), ('ROS_DISTRO', 'humble'), ('LOGNAME', 'laura_benitez'), ('NAME', 'DESKTOP-4ER2JO7'), ('_', '/usr/bin/colcon'), ('ROS_VERSION', '2'), ('TERM', 'xterm-256color'), ('LIBGL_ALWAYS_INDIRECT', '1'), ('ROS_LOCALHOST_ONLY', '0'), ('PATH', '/home/laura_benitez/.local/bin:/opt/ros/humble/bin:/usr/local/sbin:/usr/local/bin:/usr/sbin:/usr/bin:/sbin:/bin:/usr/games:/usr/local/games:/mnt/c/Program Files/WindowsApps/CanonicalGroupLimited.Ubuntu_2404.1.68.0_x64__79rhkp1fndgsc:/mnt/c/TwinCAT/Common64:/mnt/c/TwinCAT/Common32:/mnt/c/WINDOWS/system32:/mnt/c/WINDOWS:/mnt/c/WINDOWS/System32/Wbem:/mnt/c/WINDOWS/System32/WindowsPowerShell/v1.0/:/mnt/c/WINDOWS/System32/OpenSSH/:/mnt/c/Program Files/dotnet/:/mnt/c/Program Files (x86)/dotnet/:/mnt/c/Program Files (x86)/Windows Kits/10/Windows Performance Toolkit/:/mnt/c/Program Files (x86)/IVI Foundation/VISA/WinNT/Bin/:/mnt/c/Program Files/IVI Foundation/VISA/Win64/Bin/:/mnt/c/Program Files (x86)/IVI Foundation/VISA/WinNT/Bin:/mnt/c/Program Files (x86)/IVI Foundation/IVI/Bin/:/mnt/c/Program Files/IVI Foundation/IVI/Bin/:/mnt/c/Program Files (x86)/National Instruments/Shared/LabVIEW CLI:/mnt/c/Program Files/MATLAB/R2025a/bin:/mnt/c/Program Files/Git/cmd:/mnt/c/Users/laura/AppData/Local/Microsoft/WindowsApps:/mnt/c/Users/laura/AppData/Local/Programs/Microsoft VS Code/bin:/snap/bin'), ('DISPLAY', ':0'), ('LANG', 'en_US.UTF-8'), ('LS_COLORS', 'rs=0:di=01;34:ln=01;36:mh=00:pi=40;33:so=01;35:do=01;35:bd=40;33;01:cd=40;33;01:or=40;31;01:mi=00:su=37;41:sg=30;43:ca=30;41:tw=30;42:ow=34;42:st=37;44:ex=01;32:*.tar=01;31:*.tgz=01;31:*.arc=01;31:*.arj=01;31:*.taz=01;31:*.lha=01;31:*.lz4=01;31:*.lzh=01;31:*.lzma=01;31:*.tlz=01;31:*.txz=01;31:*.tzo=01;31:*.t7z=01;31:*.zip=01;31:*.z=01;31:*.dz=01;31:*.gz=01;31:*.lrz=01;31:*.lz=01;31:*.lzo=01;31:*.xz=01;31:*.zst=01;31:*.tzst=01;31:*.bz2=01;31:*.bz=01;31:*.tbz=01;31:*.tbz2=01;31:*.tz=01;31:*.deb=01;31:*.rpm=01;31:*.jar=01;31:*.war=01;31:*.ear=01;31:*.sar=01;31:*.rar=01;31:*.alz=01;31:*.ace=01;31:*.zoo=01;31:*.cpio=01;31:*.7z=01;31:*.rz=01;31:*.cab=01;31:*.wim=01;31:*.swm=01;31:*.dwm=01;31:*.esd=01;31:*.jpg=01;35:*.jpeg=01;35:*.mjpg=01;35:*.mjpeg=01;35:*.gif=01;35:*.bmp=01;35:*.pbm=01;35:*.pgm=01;35:*.ppm=01;35:*.tga=01;35:*.xbm=01;35:*.xpm=01;35:*.tif=01;35:*.tiff=01;35:*.png=01;35:*.svg=01;35:*.svgz=01;35:*.mng=01;35:*.pcx=01;35:*.mov=01;35:*.mpg=01;35:*.mpeg=01;35:*.m2v=01;35:*.mkv=01;35:*.webm=01;35:*.webp=01;35:*.ogm=01;35:*.mp4=01;35:*.m4v=01;35:*.mp4v=01;35:*.vob=01;35:*.qt=01;35:*.nuv=01;35:*.wmv=01;35:*.asf=01;35:*.rm=01;35:*.rmvb=01;35:*.flc=01;35:*.avi=01;35:*.fli=01;35:*.flv=01;35:*.gl=01;35:*.dl=01;35:*.xcf=01;35:*.xwd=01;35:*.yuv=01;35:*.cgm=01;35:*.emf=01;35:*.ogv=01;35:*.ogx=01;35:*.aac=00;36:*.au=00;36:*.flac=00;36:*.m4a=00;36:*.mid=00;36:*.midi=00;36:*.mka=00;36:*.mp3=00;36:*.mpc=00;36:*.ogg=00;36:*.ra=00;36:*.wav=00;36:*.oga=00;36:*.opus=00;36:*.spx=00;36:*.xspf=00;36:'), ('AMENT_PREFIX_PATH', '/home/laura_benitez/test_ws/install/mi_robot_description:/home/laura_benitez/rosgame_ws/install/warrior_15:/home/laura_benitez/rosgame_ws/install/rosgame_msgs:/home/laura_benitez/rosgame_ws/install/rosgame_bridge:/home/laura_benitez/cypr_ws/install/navigation:/home/laura_benitez/cypr_ws/install/motion:/home/laura_benitez/cypr_ws/install/localization:/home/laura_benitez/cypr_ws/install/keyboard_control:/home/laura_benitez/cypr_ws/install/arm_controller:/opt/ros/humble'), ('SHELL', '/bin/bash'), ('LESSCLOSE', '/usr/bin/lesspipe %s %s'), ('PWD', '/home/laura_benitez/urdf_ws/build/cuadriga_interfaces'), ('QT_QPA_PLATFORM', 'xcb'), ('XDG_DATA_DIRS', '/usr/local/share:/usr/share:/var/lib/snapd/desktop'), ('PYTHONPATH', '/home/laura_benitez/rosgame_ws/install/rosgame_msgs/local/lib/python3.10/dist-packages:/home/laura_benitez/rosgame_ws/install/rosgame_bridge/local/lib/python3.10/dist-packages:/home/laura_benitez/cypr_ws/install/navigation/local/lib/python3.10/dist-packages:/home/laura_benitez/cypr_ws/install/localization/local/lib/python3.10/dist-packages:/home/laura_benitez/cypr_ws/install/arm_controller/lib/python3.10/site-packages:/opt/ros/humble/lib/python3.10/site-packages:/opt/ros/humble/local/lib/python3.10/dist-packages'), ('COLCON', '1'), ('HOSTTYPE', 'x86_64'), ('CMAKE_PREFIX_PATH', '/home/laura_benitez/test_ws/install/mi_robot_description:/home/laura_benitez/rosgame_ws/install/warrior_15:/home/laura_benitez/rosgame_ws/install/rosgame_msgs:/home/laura_benitez/rosgame_ws/install/rosgame_bridge:/home/laura_benitez/cypr_ws/install/navigation:/home/laura_benitez/cypr_ws/install/motion:/home/laura_benitez/cypr_ws/install/localization:/home/laura_benitez/cypr_ws/install/keyboard_control:/home/laura_benitez/cypr_ws/install/arm_controller:/opt/ros/humble'), ('WSLENV', '')]), 'shell': False}
[5.204442] (-) TimerEvent: {}
[5.229576] (cuadriganuevo) StdoutLine: {'line': b'-- Looking for pthread.h\n'}
[5.229859] (joy) StdoutLine: {'line': b'-- Looking for pthread.h\n'}
[5.273410] (cuadriga_interfaces) StdoutLine: {'line': b'[  2%] \x1b[34m\x1b[1mGenerating C code for ROS interfaces\x1b[0m\n'}
[5.307965] (-) TimerEvent: {}
[5.327108] (cuadriga_interfaces) StdoutLine: {'line': b'[  5%] \x1b[34m\x1b[1mGenerating C++ code for ROS interfaces\x1b[0m\n'}
[5.354319] (cuadriga_interfaces) StdoutLine: {'line': b'[  5%] Built target ament_cmake_python_copy_cuadriga_interfaces\n'}
[5.408115] (-) TimerEvent: {}
[5.516125] (-) TimerEvent: {}
[5.557630] (joy) StdoutLine: {'line': b'-- Looking for pthread.h - found\n'}
[5.558941] (joy) StdoutLine: {'line': b'-- Performing Test CMAKE_HAVE_LIBC_PTHREAD\n'}
[5.562867] (cuadriganuevo) StdoutLine: {'line': b'-- Looking for pthread.h - found\n'}
[5.565820] (cuadriganuevo) StdoutLine: {'line': b'-- Performing Test CMAKE_HAVE_LIBC_PTHREAD\n'}
[5.623927] (-) TimerEvent: {}
[5.731577] (-) TimerEvent: {}
[5.755787] (cuadriga_interfaces) StdoutLine: {'line': b'[  5%] Built target cuadriga_interfaces__cpp\n'}
[5.775362] (cuadriga_interfaces) StdoutLine: {'line': b'[ 10%] \x1b[32mBuilding C object CMakeFiles/cuadriga_interfaces__rosidl_generator_c.dir/rosidl_generator_c/cuadriga_interfaces/msg/detail/gpx_path__functions.c.o\x1b[0m\n'}
[5.775790] (cuadriga_interfaces) StdoutLine: {'line': b'[ 10%] \x1b[32mBuilding C object CMakeFiles/cuadriga_interfaces__rosidl_generator_c.dir/rosidl_generator_c/cuadriga_interfaces/msg/detail/gpx_point__functions.c.o\x1b[0m\n'}
[5.815328] (cuadriga_interfaces) StdoutLine: {'line': b'[ 12%] \x1b[34m\x1b[1mGenerating C++ type support for eProsima Fast-RTPS\x1b[0m\n'}
[5.816728] (cuadriga_interfaces) StdoutLine: {'line': b'[ 17%] \x1b[34m\x1b[1mGenerating C++ type support dispatch for ROS interfaces\x1b[0m\n'}
[5.817160] (cuadriga_interfaces) StdoutLine: {'line': b'[ 17%] \x1b[34m\x1b[1mGenerating C++ introspection for ROS interfaces\x1b[0m\n'}
[5.837613] (-) TimerEvent: {}
[5.942546] (-) TimerEvent: {}
[5.953663] (cuadriga_interfaces) StdoutLine: {'line': b'[ 20%] \x1b[32m\x1b[1mLinking C shared library libcuadriga_interfaces__rosidl_generator_c.so\x1b[0m\n'}
[5.958469] (joy) StdoutLine: {'line': b'-- Performing Test CMAKE_HAVE_LIBC_PTHREAD - Success\n'}
[5.961259] (joy) StdoutLine: {'line': b'-- Found Threads: TRUE  \n'}
[5.966165] (cuadriganuevo) StdoutLine: {'line': b'-- Performing Test CMAKE_HAVE_LIBC_PTHREAD - Success\n'}
[5.968933] (cuadriganuevo) StdoutLine: {'line': b'-- Found Threads: TRUE  \n'}
[5.996830] (cuadriga_interfaces) StdoutLine: {'line': b'running egg_info\n'}
[5.997637] (cuadriga_interfaces) StdoutLine: {'line': b'creating cuadriga_interfaces.egg-info\n'}
[5.998192] (cuadriga_interfaces) StdoutLine: {'line': b'writing cuadriga_interfaces.egg-info/PKG-INFO\n'}
[5.998893] (cuadriga_interfaces) StdoutLine: {'line': b'writing dependency_links to cuadriga_interfaces.egg-info/dependency_links.txt\n'}
[5.999560] (cuadriga_interfaces) StdoutLine: {'line': b'writing top-level names to cuadriga_interfaces.egg-info/top_level.txt\n'}
[6.000472] (cuadriga_interfaces) StdoutLine: {'line': b"writing manifest file 'cuadriga_interfaces.egg-info/SOURCES.txt'\n"}
[6.004877] (cuadriga_interfaces) StdoutLine: {'line': b"reading manifest file 'cuadriga_interfaces.egg-info/SOURCES.txt'\n"}
[6.005668] (cuadriga_interfaces) StdoutLine: {'line': b"writing manifest file 'cuadriga_interfaces.egg-info/SOURCES.txt'\n"}
[6.051646] (-) TimerEvent: {}
[6.079309] (cuadriga_interfaces) StdoutLine: {'line': b'[ 20%] Built target ament_cmake_python_build_cuadriga_interfaces_egg\n'}
[6.102159] (cuadriga_interfaces) StdoutLine: {'line': b'[ 20%] Built target cuadriga_interfaces__rosidl_generator_c\n'}
[6.156011] (cuadriga_interfaces) StdoutLine: {'line': b'[ 28%] \x1b[34m\x1b[1mGenerating C introspection for ROS interfaces\x1b[0m\n'}
[6.156787] (-) TimerEvent: {}
[6.157806] (cuadriga_interfaces) StdoutLine: {'line': b'[ 28%] \x1b[34m\x1b[1mGenerating C type support dispatch for ROS interfaces\x1b[0m\n'}
[6.158074] (cuadriga_interfaces) StdoutLine: {'line': b'[ 28%] \x1b[34m\x1b[1mGenerating C type support for eProsima Fast-RTPS\x1b[0m\n'}
[6.245111] (cuadriga_interfaces) StdoutLine: {'line': b'[ 33%] \x1b[32mBuilding CXX object CMakeFiles/cuadriga_interfaces__rosidl_typesupport_cpp.dir/rosidl_typesupport_cpp/cuadriga_interfaces/msg/gpx_point__type_support.cpp.o\x1b[0m\n'}
[6.245678] (cuadriga_interfaces) StdoutLine: {'line': b'[ 33%] \x1b[32mBuilding CXX object CMakeFiles/cuadriga_interfaces__rosidl_typesupport_cpp.dir/rosidl_typesupport_cpp/cuadriga_interfaces/msg/gpx_path__type_support.cpp.o\x1b[0m\n'}
[6.266446] (-) TimerEvent: {}
[6.281606] (cuadriga_interfaces) StdoutLine: {'line': b'[ 38%] \x1b[32mBuilding CXX object CMakeFiles/cuadriga_interfaces__rosidl_typesupport_introspection_cpp.dir/rosidl_typesupport_introspection_cpp/cuadriga_interfaces/msg/detail/gpx_path__type_support.cpp.o\x1b[0m\n'}
[6.281963] (cuadriga_interfaces) StdoutLine: {'line': b'[ 38%] \x1b[32mBuilding CXX object CMakeFiles/cuadriga_interfaces__rosidl_typesupport_introspection_cpp.dir/rosidl_typesupport_introspection_cpp/cuadriga_interfaces/msg/detail/gpx_point__type_support.cpp.o\x1b[0m\n'}
[6.292027] (cuadriga_interfaces) StdoutLine: {'line': b'[ 41%] \x1b[32mBuilding CXX object CMakeFiles/cuadriga_interfaces__rosidl_typesupport_fastrtps_cpp.dir/rosidl_typesupport_fastrtps_cpp/cuadriga_interfaces/msg/detail/dds_fastrtps/gpx_path__type_support.cpp.o\x1b[0m\n'}
[6.296718] (cuadriga_interfaces) StdoutLine: {'line': b'[ 43%] \x1b[32mBuilding CXX object CMakeFiles/cuadriga_interfaces__rosidl_typesupport_fastrtps_cpp.dir/rosidl_typesupport_fastrtps_cpp/cuadriga_interfaces/msg/detail/dds_fastrtps/gpx_point__type_support.cpp.o\x1b[0m\n'}
[6.372715] (-) TimerEvent: {}
[6.484162] (-) TimerEvent: {}
[6.514484] (teleop_twist_keyboard) Command: {'cmd': ['/usr/bin/python3', '-W', 'ignore:setup.py install is deprecated', '-W', 'ignore:easy_install command is deprecated', 'setup.py', 'egg_info', '--egg-base', '../../build/teleop_twist_keyboard', 'build', '--build-base', '/home/laura_benitez/urdf_ws/build/teleop_twist_keyboard/build', 'install', '--record', '/home/laura_benitez/urdf_ws/build/teleop_twist_keyboard/install.log', '--single-version-externally-managed', 'install_data'], 'cwd': '/home/laura_benitez/urdf_ws/src/teleop_twist_keyboard', 'env': {'LESSOPEN': '| /usr/bin/lesspipe %s', 'USER': 'laura_benitez', 'SHLVL': '1', 'LD_LIBRARY_PATH': '/home/laura_benitez/rosgame_ws/install/rosgame_msgs/lib:/home/laura_benitez/rosgame_ws/install/rosgame_bridge/lib:/home/laura_benitez/cypr_ws/install/navigation/lib:/home/laura_benitez/cypr_ws/install/localization/lib:/opt/ros/humble/opt/rviz_ogre_vendor/lib:/opt/ros/humble/lib/x86_64-linux-gnu:/opt/ros/humble/lib', 'HOME': '/home/laura_benitez', 'OLDPWD': '/home/laura_benitez', 'ROS_PYTHON_VERSION': '3', 'WSL_DISTRO_NAME': 'Ubuntu', 'COLCON_PREFIX_PATH': '/home/laura_benitez/rosgame_ws/install:/home/laura_benitez/cypr_ws/install:/home/laura_benitez/test_ws/install', 'ROS_DISTRO': 'humble', 'LOGNAME': 'laura_benitez', 'NAME': 'DESKTOP-4ER2JO7', '_': '/usr/bin/colcon', 'ROS_VERSION': '2', 'TERM': 'xterm-256color', 'LIBGL_ALWAYS_INDIRECT': '1', 'ROS_LOCALHOST_ONLY': '0', 'PATH': '/home/laura_benitez/.local/bin:/opt/ros/humble/bin:/usr/local/sbin:/usr/local/bin:/usr/sbin:/usr/bin:/sbin:/bin:/usr/games:/usr/local/games:/mnt/c/Program Files/WindowsApps/CanonicalGroupLimited.Ubuntu_2404.1.68.0_x64__79rhkp1fndgsc:/mnt/c/TwinCAT/Common64:/mnt/c/TwinCAT/Common32:/mnt/c/WINDOWS/system32:/mnt/c/WINDOWS:/mnt/c/WINDOWS/System32/Wbem:/mnt/c/WINDOWS/System32/WindowsPowerShell/v1.0/:/mnt/c/WINDOWS/System32/OpenSSH/:/mnt/c/Program Files/dotnet/:/mnt/c/Program Files (x86)/dotnet/:/mnt/c/Program Files (x86)/Windows Kits/10/Windows Performance Toolkit/:/mnt/c/Program Files (x86)/IVI Foundation/VISA/WinNT/Bin/:/mnt/c/Program Files/IVI Foundation/VISA/Win64/Bin/:/mnt/c/Program Files (x86)/IVI Foundation/VISA/WinNT/Bin:/mnt/c/Program Files (x86)/IVI Foundation/IVI/Bin/:/mnt/c/Program Files/IVI Foundation/IVI/Bin/:/mnt/c/Program Files (x86)/National Instruments/Shared/LabVIEW CLI:/mnt/c/Program Files/MATLAB/R2025a/bin:/mnt/c/Program Files/Git/cmd:/mnt/c/Users/laura/AppData/Local/Microsoft/WindowsApps:/mnt/c/Users/laura/AppData/Local/Programs/Microsoft VS Code/bin:/snap/bin', 'DISPLAY': ':0', 'LANG': 'en_US.UTF-8', 'LS_COLORS': 'rs=0:di=01;34:ln=01;36:mh=00:pi=40;33:so=01;35:do=01;35:bd=40;33;01:cd=40;33;01:or=40;31;01:mi=00:su=37;41:sg=30;43:ca=30;41:tw=30;42:ow=34;42:st=37;44:ex=01;32:*.tar=01;31:*.tgz=01;31:*.arc=01;31:*.arj=01;31:*.taz=01;31:*.lha=01;31:*.lz4=01;31:*.lzh=01;31:*.lzma=01;31:*.tlz=01;31:*.txz=01;31:*.tzo=01;31:*.t7z=01;31:*.zip=01;31:*.z=01;31:*.dz=01;31:*.gz=01;31:*.lrz=01;31:*.lz=01;31:*.lzo=01;31:*.xz=01;31:*.zst=01;31:*.tzst=01;31:*.bz2=01;31:*.bz=01;31:*.tbz=01;31:*.tbz2=01;31:*.tz=01;31:*.deb=01;31:*.rpm=01;31:*.jar=01;31:*.war=01;31:*.ear=01;31:*.sar=01;31:*.rar=01;31:*.alz=01;31:*.ace=01;31:*.zoo=01;31:*.cpio=01;31:*.7z=01;31:*.rz=01;31:*.cab=01;31:*.wim=01;31:*.swm=01;31:*.dwm=01;31:*.esd=01;31:*.jpg=01;35:*.jpeg=01;35:*.mjpg=01;35:*.mjpeg=01;35:*.gif=01;35:*.bmp=01;35:*.pbm=01;35:*.pgm=01;35:*.ppm=01;35:*.tga=01;35:*.xbm=01;35:*.xpm=01;35:*.tif=01;35:*.tiff=01;35:*.png=01;35:*.svg=01;35:*.svgz=01;35:*.mng=01;35:*.pcx=01;35:*.mov=01;35:*.mpg=01;35:*.mpeg=01;35:*.m2v=01;35:*.mkv=01;35:*.webm=01;35:*.webp=01;35:*.ogm=01;35:*.mp4=01;35:*.m4v=01;35:*.mp4v=01;35:*.vob=01;35:*.qt=01;35:*.nuv=01;35:*.wmv=01;35:*.asf=01;35:*.rm=01;35:*.rmvb=01;35:*.flc=01;35:*.avi=01;35:*.fli=01;35:*.flv=01;35:*.gl=01;35:*.dl=01;35:*.xcf=01;35:*.xwd=01;35:*.yuv=01;35:*.cgm=01;35:*.emf=01;35:*.ogv=01;35:*.ogx=01;35:*.aac=00;36:*.au=00;36:*.flac=00;36:*.m4a=00;36:*.mid=00;36:*.midi=00;36:*.mka=00;36:*.mp3=00;36:*.mpc=00;36:*.ogg=00;36:*.ra=00;36:*.wav=00;36:*.oga=00;36:*.opus=00;36:*.spx=00;36:*.xspf=00;36:', 'AMENT_PREFIX_PATH': '/home/laura_benitez/test_ws/install/mi_robot_description:/home/laura_benitez/rosgame_ws/install/warrior_15:/home/laura_benitez/rosgame_ws/install/rosgame_msgs:/home/laura_benitez/rosgame_ws/install/rosgame_bridge:/home/laura_benitez/cypr_ws/install/navigation:/home/laura_benitez/cypr_ws/install/motion:/home/laura_benitez/cypr_ws/install/localization:/home/laura_benitez/cypr_ws/install/keyboard_control:/home/laura_benitez/cypr_ws/install/arm_controller:/opt/ros/humble', 'SHELL': '/bin/bash', 'LESSCLOSE': '/usr/bin/lesspipe %s %s', 'PWD': '/home/laura_benitez/urdf_ws/build/teleop_twist_keyboard', 'QT_QPA_PLATFORM': 'xcb', 'XDG_DATA_DIRS': '/usr/local/share:/usr/share:/var/lib/snapd/desktop', 'PYTHONPATH': '/home/laura_benitez/urdf_ws/build/teleop_twist_keyboard/prefix_override:/usr/lib/python3/dist-packages/colcon_core/task/python/colcon_distutils_commands:/home/laura_benitez/urdf_ws/install/teleop_twist_keyboard/lib/python3.10/site-packages:/home/laura_benitez/rosgame_ws/install/rosgame_msgs/local/lib/python3.10/dist-packages:/home/laura_benitez/rosgame_ws/install/rosgame_bridge/local/lib/python3.10/dist-packages:/home/laura_benitez/cypr_ws/install/navigation/local/lib/python3.10/dist-packages:/home/laura_benitez/cypr_ws/install/localization/local/lib/python3.10/dist-packages:/home/laura_benitez/cypr_ws/install/arm_controller/lib/python3.10/site-packages:/opt/ros/humble/lib/python3.10/site-packages:/opt/ros/humble/local/lib/python3.10/dist-packages', 'COLCON': '1', 'HOSTTYPE': 'x86_64', 'CMAKE_PREFIX_PATH': '/home/laura_benitez/test_ws/install/mi_robot_description:/home/laura_benitez/rosgame_ws/install/warrior_15:/home/laura_benitez/rosgame_ws/install/rosgame_msgs:/home/laura_benitez/rosgame_ws/install/rosgame_bridge:/home/laura_benitez/cypr_ws/install/navigation:/home/laura_benitez/cypr_ws/install/motion:/home/laura_benitez/cypr_ws/install/localization:/home/laura_benitez/cypr_ws/install/keyboard_control:/home/laura_benitez/cypr_ws/install/arm_controller', 'WSLENV': ''}, 'shell': False}
[6.526555] (ros_tcp_endpoint) Command: {'cmd': ['/usr/bin/python3', '-W', 'ignore:setup.py install is deprecated', '-W', 'ignore:easy_install command is deprecated', 'setup.py', 'egg_info', '--egg-base', '../../build/ros_tcp_endpoint', 'build', '--build-base', '/home/laura_benitez/urdf_ws/build/ros_tcp_endpoint/build', 'install', '--record', '/home/laura_benitez/urdf_ws/build/ros_tcp_endpoint/install.log', '--install-scripts', '$base/lib/ros_tcp_endpoint', '--single-version-externally-managed', 'install_data'], 'cwd': '/home/laura_benitez/urdf_ws/src/ROS-TCP-Endpoint-main-ros2', 'env': {'LESSOPEN': '| /usr/bin/lesspipe %s', 'USER': 'laura_benitez', 'SHLVL': '1', 'LD_LIBRARY_PATH': '/home/laura_benitez/rosgame_ws/install/rosgame_msgs/lib:/home/laura_benitez/rosgame_ws/install/rosgame_bridge/lib:/home/laura_benitez/cypr_ws/install/navigation/lib:/home/laura_benitez/cypr_ws/install/localization/lib:/opt/ros/humble/opt/rviz_ogre_vendor/lib:/opt/ros/humble/lib/x86_64-linux-gnu:/opt/ros/humble/lib', 'HOME': '/home/laura_benitez', 'OLDPWD': '/home/laura_benitez', 'ROS_PYTHON_VERSION': '3', 'WSL_DISTRO_NAME': 'Ubuntu', 'COLCON_PREFIX_PATH': '/home/laura_benitez/rosgame_ws/install:/home/laura_benitez/cypr_ws/install:/home/laura_benitez/test_ws/install', 'ROS_DISTRO': 'humble', 'LOGNAME': 'laura_benitez', 'NAME': 'DESKTOP-4ER2JO7', '_': '/usr/bin/colcon', 'ROS_VERSION': '2', 'TERM': 'xterm-256color', 'LIBGL_ALWAYS_INDIRECT': '1', 'ROS_LOCALHOST_ONLY': '0', 'PATH': '/home/laura_benitez/.local/bin:/opt/ros/humble/bin:/usr/local/sbin:/usr/local/bin:/usr/sbin:/usr/bin:/sbin:/bin:/usr/games:/usr/local/games:/mnt/c/Program Files/WindowsApps/CanonicalGroupLimited.Ubuntu_2404.1.68.0_x64__79rhkp1fndgsc:/mnt/c/TwinCAT/Common64:/mnt/c/TwinCAT/Common32:/mnt/c/WINDOWS/system32:/mnt/c/WINDOWS:/mnt/c/WINDOWS/System32/Wbem:/mnt/c/WINDOWS/System32/WindowsPowerShell/v1.0/:/mnt/c/WINDOWS/System32/OpenSSH/:/mnt/c/Program Files/dotnet/:/mnt/c/Program Files (x86)/dotnet/:/mnt/c/Program Files (x86)/Windows Kits/10/Windows Performance Toolkit/:/mnt/c/Program Files (x86)/IVI Foundation/VISA/WinNT/Bin/:/mnt/c/Program Files/IVI Foundation/VISA/Win64/Bin/:/mnt/c/Program Files (x86)/IVI Foundation/VISA/WinNT/Bin:/mnt/c/Program Files (x86)/IVI Foundation/IVI/Bin/:/mnt/c/Program Files/IVI Foundation/IVI/Bin/:/mnt/c/Program Files (x86)/National Instruments/Shared/LabVIEW CLI:/mnt/c/Program Files/MATLAB/R2025a/bin:/mnt/c/Program Files/Git/cmd:/mnt/c/Users/laura/AppData/Local/Microsoft/WindowsApps:/mnt/c/Users/laura/AppData/Local/Programs/Microsoft VS Code/bin:/snap/bin', 'DISPLAY': ':0', 'LANG': 'en_US.UTF-8', 'LS_COLORS': 'rs=0:di=01;34:ln=01;36:mh=00:pi=40;33:so=01;35:do=01;35:bd=40;33;01:cd=40;33;01:or=40;31;01:mi=00:su=37;41:sg=30;43:ca=30;41:tw=30;42:ow=34;42:st=37;44:ex=01;32:*.tar=01;31:*.tgz=01;31:*.arc=01;31:*.arj=01;31:*.taz=01;31:*.lha=01;31:*.lz4=01;31:*.lzh=01;31:*.lzma=01;31:*.tlz=01;31:*.txz=01;31:*.tzo=01;31:*.t7z=01;31:*.zip=01;31:*.z=01;31:*.dz=01;31:*.gz=01;31:*.lrz=01;31:*.lz=01;31:*.lzo=01;31:*.xz=01;31:*.zst=01;31:*.tzst=01;31:*.bz2=01;31:*.bz=01;31:*.tbz=01;31:*.tbz2=01;31:*.tz=01;31:*.deb=01;31:*.rpm=01;31:*.jar=01;31:*.war=01;31:*.ear=01;31:*.sar=01;31:*.rar=01;31:*.alz=01;31:*.ace=01;31:*.zoo=01;31:*.cpio=01;31:*.7z=01;31:*.rz=01;31:*.cab=01;31:*.wim=01;31:*.swm=01;31:*.dwm=01;31:*.esd=01;31:*.jpg=01;35:*.jpeg=01;35:*.mjpg=01;35:*.mjpeg=01;35:*.gif=01;35:*.bmp=01;35:*.pbm=01;35:*.pgm=01;35:*.ppm=01;35:*.tga=01;35:*.xbm=01;35:*.xpm=01;35:*.tif=01;35:*.tiff=01;35:*.png=01;35:*.svg=01;35:*.svgz=01;35:*.mng=01;35:*.pcx=01;35:*.mov=01;35:*.mpg=01;35:*.mpeg=01;35:*.m2v=01;35:*.mkv=01;35:*.webm=01;35:*.webp=01;35:*.ogm=01;35:*.mp4=01;35:*.m4v=01;35:*.mp4v=01;35:*.vob=01;35:*.qt=01;35:*.nuv=01;35:*.wmv=01;35:*.asf=01;35:*.rm=01;35:*.rmvb=01;35:*.flc=01;35:*.avi=01;35:*.fli=01;35:*.flv=01;35:*.gl=01;35:*.dl=01;35:*.xcf=01;35:*.xwd=01;35:*.yuv=01;35:*.cgm=01;35:*.emf=01;35:*.ogv=01;35:*.ogx=01;35:*.aac=00;36:*.au=00;36:*.flac=00;36:*.m4a=00;36:*.mid=00;36:*.midi=00;36:*.mka=00;36:*.mp3=00;36:*.mpc=00;36:*.ogg=00;36:*.ra=00;36:*.wav=00;36:*.oga=00;36:*.opus=00;36:*.spx=00;36:*.xspf=00;36:', 'AMENT_PREFIX_PATH': '/home/laura_benitez/test_ws/install/mi_robot_description:/home/laura_benitez/rosgame_ws/install/warrior_15:/home/laura_benitez/rosgame_ws/install/rosgame_msgs:/home/laura_benitez/rosgame_ws/install/rosgame_bridge:/home/laura_benitez/cypr_ws/install/navigation:/home/laura_benitez/cypr_ws/install/motion:/home/laura_benitez/cypr_ws/install/localization:/home/laura_benitez/cypr_ws/install/keyboard_control:/home/laura_benitez/cypr_ws/install/arm_controller:/opt/ros/humble', 'SHELL': '/bin/bash', 'LESSCLOSE': '/usr/bin/lesspipe %s %s', 'PWD': '/home/laura_benitez/urdf_ws/build/ros_tcp_endpoint', 'QT_QPA_PLATFORM': 'xcb', 'XDG_DATA_DIRS': '/usr/local/share:/usr/share:/var/lib/snapd/desktop', 'PYTHONPATH': '/home/laura_benitez/urdf_ws/build/ros_tcp_endpoint/prefix_override:/usr/lib/python3/dist-packages/colcon_core/task/python/colcon_distutils_commands:/home/laura_benitez/urdf_ws/install/ros_tcp_endpoint/lib/python3.10/site-packages:/home/laura_benitez/rosgame_ws/install/rosgame_msgs/local/lib/python3.10/dist-packages:/home/laura_benitez/rosgame_ws/install/rosgame_bridge/local/lib/python3.10/dist-packages:/home/laura_benitez/cypr_ws/install/navigation/local/lib/python3.10/dist-packages:/home/laura_benitez/cypr_ws/install/localization/local/lib/python3.10/dist-packages:/home/laura_benitez/cypr_ws/install/arm_controller/lib/python3.10/site-packages:/opt/ros/humble/lib/python3.10/site-packages:/opt/ros/humble/local/lib/python3.10/dist-packages', 'COLCON': '1', 'HOSTTYPE': 'x86_64', 'CMAKE_PREFIX_PATH': '/home/laura_benitez/test_ws/install/mi_robot_description:/home/laura_benitez/rosgame_ws/install/warrior_15:/home/laura_benitez/rosgame_ws/install/rosgame_msgs:/home/laura_benitez/rosgame_ws/install/rosgame_bridge:/home/laura_benitez/cypr_ws/install/navigation:/home/laura_benitez/cypr_ws/install/motion:/home/laura_benitez/cypr_ws/install/localization:/home/laura_benitez/cypr_ws/install/keyboard_control:/home/laura_benitez/cypr_ws/install/arm_controller', 'WSLENV': ''}, 'shell': False}
[6.588197] (-) TimerEvent: {}
[6.697664] (-) TimerEvent: {}
[6.716269] (cuadriga_interfaces) StdoutLine: {'line': b'[ 46%] \x1b[32mBuilding CXX object CMakeFiles/cuadriga_interfaces__rosidl_typesupport_c.dir/rosidl_typesupport_c/cuadriga_interfaces/msg/gpx_path__type_support.cpp.o\x1b[0m\n'}
[6.722237] (cuadriga_interfaces) StdoutLine: {'line': b'[ 48%] \x1b[32mBuilding CXX object CMakeFiles/cuadriga_interfaces__rosidl_typesupport_c.dir/rosidl_typesupport_c/cuadriga_interfaces/msg/gpx_point__type_support.cpp.o\x1b[0m\n'}
[6.736783] (cuadriga_interfaces) StdoutLine: {'line': b'[ 53%] \x1b[32mBuilding CXX object CMakeFiles/cuadriga_interfaces__rosidl_typesupport_fastrtps_c.dir/rosidl_typesupport_fastrtps_c/cuadriga_interfaces/msg/detail/gpx_point__type_support_c.cpp.o\x1b[0m\n'}
[6.737182] (cuadriga_interfaces) StdoutLine: {'line': b'[ 53%] \x1b[32mBuilding CXX object CMakeFiles/cuadriga_interfaces__rosidl_typesupport_fastrtps_c.dir/rosidl_typesupport_fastrtps_c/cuadriga_interfaces/msg/detail/gpx_path__type_support_c.cpp.o\x1b[0m\n'}
[6.767615] (cuadriga_interfaces) StdoutLine: {'line': b'[ 56%] \x1b[32mBuilding C object CMakeFiles/cuadriga_interfaces__rosidl_typesupport_introspection_c.dir/rosidl_typesupport_introspection_c/cuadriga_interfaces/msg/detail/gpx_path__type_support.c.o\x1b[0m\n'}
[6.774219] (cuadriga_interfaces) StdoutLine: {'line': b'[ 58%] \x1b[32mBuilding C object CMakeFiles/cuadriga_interfaces__rosidl_typesupport_introspection_c.dir/rosidl_typesupport_introspection_c/cuadriga_interfaces/msg/detail/gpx_point__type_support.c.o\x1b[0m\n'}
[6.810996] (-) TimerEvent: {}
[6.924305] (-) TimerEvent: {}
[6.940392] (cuadriga_interfaces) StdoutLine: {'line': b'[ 61%] \x1b[32m\x1b[1mLinking CXX shared library libcuadriga_interfaces__rosidl_typesupport_c.so\x1b[0m\n'}
[7.005552] (cuadriga_interfaces) StdoutLine: {'line': b'[ 64%] \x1b[32m\x1b[1mLinking CXX shared library libcuadriga_interfaces__rosidl_typesupport_cpp.so\x1b[0m\n'}
[7.026116] (cuadriga_interfaces) StdoutLine: {'line': b'[ 66%] \x1b[32m\x1b[1mLinking C shared library libcuadriga_interfaces__rosidl_typesupport_introspection_c.so\x1b[0m\n'}
[7.026397] (-) TimerEvent: {}
[7.129144] (cuadriganuevo) StdoutLine: {'line': b'-- Found ament_lint_auto: 0.12.11 (/opt/ros/humble/share/ament_lint_auto/cmake)\n'}
[7.129596] (-) TimerEvent: {}
[7.166026] (joy) StdoutLine: {'line': b'-- Found rclcpp_components: 16.0.11 (/opt/ros/humble/share/rclcpp_components/cmake)\n'}
[7.245555] (-) TimerEvent: {}
[7.262888] (cuadriga_interfaces) StdoutLine: {'line': b'[ 66%] Built target cuadriga_interfaces__rosidl_typesupport_c\n'}
[7.311641] (cuadriga_interfaces) StdoutLine: {'line': b'[ 69%] \x1b[32m\x1b[1mLinking CXX shared library libcuadriga_interfaces__rosidl_typesupport_introspection_cpp.so\x1b[0m\n'}
[7.320201] (cuadriga_interfaces) StdoutLine: {'line': b'[ 69%] Built target cuadriga_interfaces__rosidl_typesupport_cpp\n'}
[7.332863] (cuadriga_interfaces) StdoutLine: {'line': b'[ 69%] Built target cuadriga_interfaces__rosidl_typesupport_introspection_c\n'}
[7.350283] (-) TimerEvent: {}
[7.367855] (cuadriga_interfaces) StdoutLine: {'line': b'[ 71%] \x1b[32m\x1b[1mLinking CXX shared library libcuadriga_interfaces__rosidl_typesupport_fastrtps_cpp.so\x1b[0m\n'}
[7.384803] (ros_tcp_endpoint) StderrLine: {'line': b"/usr/lib/python3/dist-packages/setuptools/dist.py:723: UserWarning: Usage of dash-separated 'script-dir' will not be supported in future versions. Please use the underscore name 'script_dir' instead\n"}
[7.385342] (ros_tcp_endpoint) StderrLine: {'line': b'  warnings.warn(\n'}
[7.403070] (ros_tcp_endpoint) StdoutLine: {'line': b'running egg_info\n'}
[7.404259] (ros_tcp_endpoint) StdoutLine: {'line': b'creating ../../build/ros_tcp_endpoint/ros_tcp_endpoint.egg-info\n'}
[7.404839] (ros_tcp_endpoint) StdoutLine: {'line': b'writing ../../build/ros_tcp_endpoint/ros_tcp_endpoint.egg-info/PKG-INFO\n'}
[7.406522] (ros_tcp_endpoint) StdoutLine: {'line': b'writing dependency_links to ../../build/ros_tcp_endpoint/ros_tcp_endpoint.egg-info/dependency_links.txt\n'}
[7.407664] (ros_tcp_endpoint) StdoutLine: {'line': b'writing entry points to ../../build/ros_tcp_endpoint/ros_tcp_endpoint.egg-info/entry_points.txt\n'}
[7.408432] (ros_tcp_endpoint) StdoutLine: {'line': b'writing requirements to ../../build/ros_tcp_endpoint/ros_tcp_endpoint.egg-info/requires.txt\n'}
[7.409006] (ros_tcp_endpoint) StdoutLine: {'line': b'writing top-level names to ../../build/ros_tcp_endpoint/ros_tcp_endpoint.egg-info/top_level.txt\n'}
[7.410065] (ros_tcp_endpoint) StdoutLine: {'line': b"writing manifest file '../../build/ros_tcp_endpoint/ros_tcp_endpoint.egg-info/SOURCES.txt'\n"}
[7.417019] (teleop_twist_keyboard) StdoutLine: {'line': b'running egg_info\n'}
[7.418392] (teleop_twist_keyboard) StdoutLine: {'line': b'creating ../../build/teleop_twist_keyboard/teleop_twist_keyboard.egg-info\n'}
[7.419159] (teleop_twist_keyboard) StdoutLine: {'line': b'writing ../../build/teleop_twist_keyboard/teleop_twist_keyboard.egg-info/PKG-INFO\n'}
[7.423986] (teleop_twist_keyboard) StdoutLine: {'line': b'writing dependency_links to ../../build/teleop_twist_keyboard/teleop_twist_keyboard.egg-info/dependency_links.txt\n'}
[7.424347] (teleop_twist_keyboard) StdoutLine: {'line': b'writing entry points to ../../build/teleop_twist_keyboard/teleop_twist_keyboard.egg-info/entry_points.txt\n'}
[7.424587] (teleop_twist_keyboard) StdoutLine: {'line': b'writing requirements to ../../build/teleop_twist_keyboard/teleop_twist_keyboard.egg-info/requires.txt\n'}
[7.425231] (teleop_twist_keyboard) StdoutLine: {'line': b'writing top-level names to ../../build/teleop_twist_keyboard/teleop_twist_keyboard.egg-info/top_level.txt\n'}
[7.425408] (ros_tcp_endpoint) StdoutLine: {'line': b"reading manifest file '../../build/ros_tcp_endpoint/ros_tcp_endpoint.egg-info/SOURCES.txt'\n"}
[7.425559] (ros_tcp_endpoint) StdoutLine: {'line': b"adding license file 'LICENSE'\n"}
[7.425677] (ros_tcp_endpoint) StdoutLine: {'line': b"adding license file 'LICENSE:Zone.Identifier'\n"}
[7.425846] (ros_tcp_endpoint) StdoutLine: {'line': b"writing manifest file '../../build/ros_tcp_endpoint/ros_tcp_endpoint.egg-info/SOURCES.txt'\n"}
[7.425952] (teleop_twist_keyboard) StdoutLine: {'line': b"writing manifest file '../../build/teleop_twist_keyboard/teleop_twist_keyboard.egg-info/SOURCES.txt'\n"}
[7.426341] (ros_tcp_endpoint) StdoutLine: {'line': b'running build\n'}
[7.426467] (ros_tcp_endpoint) StdoutLine: {'line': b'running build_py\n'}
[7.426641] (ros_tcp_endpoint) StdoutLine: {'line': b'creating /home/laura_benitez/urdf_ws/build/ros_tcp_endpoint/build\n'}
[7.426927] (ros_tcp_endpoint) StdoutLine: {'line': b'creating /home/laura_benitez/urdf_ws/build/ros_tcp_endpoint/build/lib\n'}
[7.427068] (ros_tcp_endpoint) StdoutLine: {'line': b'creating /home/laura_benitez/urdf_ws/build/ros_tcp_endpoint/build/lib/ros_tcp_endpoint\n'}
[7.427256] (ros_tcp_endpoint) StdoutLine: {'line': b'copying ros_tcp_endpoint/client.py -> /home/laura_benitez/urdf_ws/build/ros_tcp_endpoint/build/lib/ros_tcp_endpoint\n'}
[7.432699] (teleop_twist_keyboard) StdoutLine: {'line': b"reading manifest file '../../build/teleop_twist_keyboard/teleop_twist_keyboard.egg-info/SOURCES.txt'\n"}
[7.433093] (teleop_twist_keyboard) StdoutLine: {'line': b"adding license file 'LICENSE'\n"}
[7.433722] (teleop_twist_keyboard) StdoutLine: {'line': b"writing manifest file '../../build/teleop_twist_keyboard/teleop_twist_keyboard.egg-info/SOURCES.txt'\n"}
[7.434271] (teleop_twist_keyboard) StdoutLine: {'line': b'running build\n'}
[7.434588] (teleop_twist_keyboard) StdoutLine: {'line': b'running build_py\n'}
[7.435164] (teleop_twist_keyboard) StdoutLine: {'line': b'creating /home/laura_benitez/urdf_ws/build/teleop_twist_keyboard/build\n'}
[7.435393] (teleop_twist_keyboard) StdoutLine: {'line': b'creating /home/laura_benitez/urdf_ws/build/teleop_twist_keyboard/build/lib\n'}
[7.435633] (teleop_twist_keyboard) StdoutLine: {'line': b'copying teleop_twist_keyboard.py -> /home/laura_benitez/urdf_ws/build/teleop_twist_keyboard/build/lib\n'}
[7.436474] (teleop_twist_keyboard) StdoutLine: {'line': b'creating /home/laura_benitez/urdf_ws/build/teleop_twist_keyboard/build/lib/teleop_twist_keyboard\n'}
[7.436871] (teleop_twist_keyboard) StdoutLine: {'line': b'copying teleop_twist_keyboard/teleop_twist_keyboard.py -> /home/laura_benitez/urdf_ws/build/teleop_twist_keyboard/build/lib/teleop_twist_keyboard\n'}
[7.450287] (ros_tcp_endpoint) StdoutLine: {'line': b'copying ros_tcp_endpoint/communication.py -> /home/laura_benitez/urdf_ws/build/ros_tcp_endpoint/build/lib/ros_tcp_endpoint\n'}
[7.450674] (-) TimerEvent: {}
[7.455374] (teleop_twist_keyboard) StdoutLine: {'line': b'copying teleop_twist_keyboard/__init__.py -> /home/laura_benitez/urdf_ws/build/teleop_twist_keyboard/build/lib/teleop_twist_keyboard\n'}
[7.456225] (teleop_twist_keyboard) StdoutLine: {'line': b'running install\n'}
[7.456996] (teleop_twist_keyboard) StdoutLine: {'line': b'running install_lib\n'}
[7.458812] (teleop_twist_keyboard) StdoutLine: {'line': b'creating /home/laura_benitez/urdf_ws/install/teleop_twist_keyboard/lib/python3.10/site-packages/teleop_twist_keyboard\n'}
[7.459187] (teleop_twist_keyboard) StdoutLine: {'line': b'copying /home/laura_benitez/urdf_ws/build/teleop_twist_keyboard/build/lib/teleop_twist_keyboard/teleop_twist_keyboard.py -> /home/laura_benitez/urdf_ws/install/teleop_twist_keyboard/lib/python3.10/site-packages/teleop_twist_keyboard\n'}
[7.471061] (ros_tcp_endpoint) StdoutLine: {'line': b'copying ros_tcp_endpoint/default_server_endpoint.py -> /home/laura_benitez/urdf_ws/build/ros_tcp_endpoint/build/lib/ros_tcp_endpoint\n'}
[7.475013] (teleop_twist_keyboard) StdoutLine: {'line': b'copying /home/laura_benitez/urdf_ws/build/teleop_twist_keyboard/build/lib/teleop_twist_keyboard/__init__.py -> /home/laura_benitez/urdf_ws/install/teleop_twist_keyboard/lib/python3.10/site-packages/teleop_twist_keyboard\n'}
[7.475872] (teleop_twist_keyboard) StdoutLine: {'line': b'copying /home/laura_benitez/urdf_ws/build/teleop_twist_keyboard/build/lib/teleop_twist_keyboard.py -> /home/laura_benitez/urdf_ws/install/teleop_twist_keyboard/lib/python3.10/site-packages\n'}
[7.477955] (teleop_twist_keyboard) StdoutLine: {'line': b'byte-compiling /home/laura_benitez/urdf_ws/install/teleop_twist_keyboard/lib/python3.10/site-packages/teleop_twist_keyboard/teleop_twist_keyboard.py to teleop_twist_keyboard.cpython-310.pyc\n'}
[7.482462] (teleop_twist_keyboard) StdoutLine: {'line': b'byte-compiling /home/laura_benitez/urdf_ws/install/teleop_twist_keyboard/lib/python3.10/site-packages/teleop_twist_keyboard/__init__.py to __init__.cpython-310.pyc\n'}
[7.486409] (teleop_twist_keyboard) StdoutLine: {'line': b'byte-compiling /home/laura_benitez/urdf_ws/install/teleop_twist_keyboard/lib/python3.10/site-packages/teleop_twist_keyboard.py to teleop_twist_keyboard.cpython-310.pyc\n'}
[7.486829] (teleop_twist_keyboard) StdoutLine: {'line': b'running install_data\n'}
[7.487072] (teleop_twist_keyboard) StdoutLine: {'line': b'creating /home/laura_benitez/urdf_ws/install/teleop_twist_keyboard/share/ament_index\n'}
[7.487271] (teleop_twist_keyboard) StdoutLine: {'line': b'creating /home/laura_benitez/urdf_ws/install/teleop_twist_keyboard/share/ament_index/resource_index\n'}
[7.487514] (teleop_twist_keyboard) StdoutLine: {'line': b'creating /home/laura_benitez/urdf_ws/install/teleop_twist_keyboard/share/ament_index/resource_index/packages\n'}
[7.489018] (teleop_twist_keyboard) StdoutLine: {'line': b'copying resource/teleop_twist_keyboard -> /home/laura_benitez/urdf_ws/install/teleop_twist_keyboard/share/ament_index/resource_index/packages\n'}
[7.490242] (teleop_twist_keyboard) StdoutLine: {'line': b'copying package.xml -> /home/laura_benitez/urdf_ws/install/teleop_twist_keyboard/share/teleop_twist_keyboard\n'}
[7.490464] (teleop_twist_keyboard) StdoutLine: {'line': b'running install_egg_info\n'}
[7.491052] (ros_tcp_endpoint) StdoutLine: {'line': b'copying ros_tcp_endpoint/exceptions.py -> /home/laura_benitez/urdf_ws/build/ros_tcp_endpoint/build/lib/ros_tcp_endpoint\n'}
[7.500465] (teleop_twist_keyboard) StdoutLine: {'line': b'Copying ../../build/teleop_twist_keyboard/teleop_twist_keyboard.egg-info to /home/laura_benitez/urdf_ws/install/teleop_twist_keyboard/lib/python3.10/site-packages/teleop_twist_keyboard-2.4.0-py3.10.egg-info\n'}
[7.508151] (teleop_twist_keyboard) StdoutLine: {'line': b'running install_scripts\n'}
[7.511718] (ros_tcp_endpoint) StdoutLine: {'line': b'copying ros_tcp_endpoint/publisher.py -> /home/laura_benitez/urdf_ws/build/ros_tcp_endpoint/build/lib/ros_tcp_endpoint\n'}
[7.530162] (cuadriganuevo) StdoutLine: {'line': b"-- Added test 'flake8' to check Python code syntax and style conventions\n"}
[7.532872] (ros_tcp_endpoint) StdoutLine: {'line': b'copying ros_tcp_endpoint/server.py -> /home/laura_benitez/urdf_ws/build/ros_tcp_endpoint/build/lib/ros_tcp_endpoint\n'}
[7.536447] (cuadriganuevo) StdoutLine: {'line': b"-- Added test 'lint_cmake' to check CMake code style\n"}
[7.541079] (cuadriganuevo) StdoutLine: {'line': b"-- Added test 'pep257' to check Python code against some of the docstring style conventions in PEP 257\n"}
[7.550843] (cuadriganuevo) StdoutLine: {'line': b"-- Added test 'xmllint' to check XML markup files\n"}
[7.551457] (-) TimerEvent: {}
[7.554742] (ros_tcp_endpoint) StdoutLine: {'line': b'copying ros_tcp_endpoint/service.py -> /home/laura_benitez/urdf_ws/build/ros_tcp_endpoint/build/lib/ros_tcp_endpoint\n'}
[7.558299] (teleop_twist_keyboard) StdoutLine: {'line': b'Installing teleop_twist_keyboard script to /home/laura_benitez/urdf_ws/install/teleop_twist_keyboard/lib/teleop_twist_keyboard\n'}
[7.559934] (teleop_twist_keyboard) StdoutLine: {'line': b"writing list of installed files to '/home/laura_benitez/urdf_ws/build/teleop_twist_keyboard/install.log'\n"}
[7.579806] (ros_tcp_endpoint) StdoutLine: {'line': b'copying ros_tcp_endpoint/subscriber.py -> /home/laura_benitez/urdf_ws/build/ros_tcp_endpoint/build/lib/ros_tcp_endpoint\n'}
[7.585812] (cuadriganuevo) StdoutLine: {'line': b'-- Configuring done\n'}
[7.602423] (ros_tcp_endpoint) StdoutLine: {'line': b'copying ros_tcp_endpoint/tcp_sender.py -> /home/laura_benitez/urdf_ws/build/ros_tcp_endpoint/build/lib/ros_tcp_endpoint\n'}
[7.638570] (cuadriganuevo) StdoutLine: {'line': b'-- Generating done\n'}
[7.638986] (ros_tcp_endpoint) StdoutLine: {'line': b'copying ros_tcp_endpoint/thread_pauser.py -> /home/laura_benitez/urdf_ws/build/ros_tcp_endpoint/build/lib/ros_tcp_endpoint\n'}
[7.651204] (cuadriga_interfaces) StdoutLine: {'line': b'[ 71%] Built target cuadriga_interfaces__rosidl_typesupport_introspection_cpp\n'}
[7.651589] (-) TimerEvent: {}
[7.654010] (ros_tcp_endpoint) StdoutLine: {'line': b'copying ros_tcp_endpoint/unity_service.py -> /home/laura_benitez/urdf_ws/build/ros_tcp_endpoint/build/lib/ros_tcp_endpoint\n'}
[7.674947] (teleop_twist_keyboard) CommandEnded: {'returncode': 0}
[7.675788] (ros_tcp_endpoint) StdoutLine: {'line': b'copying ros_tcp_endpoint/__init__.py -> /home/laura_benitez/urdf_ws/build/ros_tcp_endpoint/build/lib/ros_tcp_endpoint\n'}
[7.688154] (ros_tcp_endpoint) StdoutLine: {'line': b'running install\n'}
[7.689034] (ros_tcp_endpoint) StdoutLine: {'line': b'running install_lib\n'}
[7.690502] (ros_tcp_endpoint) StdoutLine: {'line': b'creating /home/laura_benitez/urdf_ws/install/ros_tcp_endpoint/lib/python3.10/site-packages/ros_tcp_endpoint\n'}
[7.690910] (ros_tcp_endpoint) StdoutLine: {'line': b'copying /home/laura_benitez/urdf_ws/build/ros_tcp_endpoint/build/lib/ros_tcp_endpoint/client.py -> /home/laura_benitez/urdf_ws/install/ros_tcp_endpoint/lib/python3.10/site-packages/ros_tcp_endpoint\n'}
[7.691637] (ros_tcp_endpoint) StdoutLine: {'line': b'copying /home/laura_benitez/urdf_ws/build/ros_tcp_endpoint/build/lib/ros_tcp_endpoint/communication.py -> /home/laura_benitez/urdf_ws/install/ros_tcp_endpoint/lib/python3.10/site-packages/ros_tcp_endpoint\n'}
[7.692462] (ros_tcp_endpoint) StdoutLine: {'line': b'copying /home/laura_benitez/urdf_ws/build/ros_tcp_endpoint/build/lib/ros_tcp_endpoint/default_server_endpoint.py -> /home/laura_benitez/urdf_ws/install/ros_tcp_endpoint/lib/python3.10/site-packages/ros_tcp_endpoint\n'}
[7.693679] (ros_tcp_endpoint) StdoutLine: {'line': b'copying /home/laura_benitez/urdf_ws/build/ros_tcp_endpoint/build/lib/ros_tcp_endpoint/exceptions.py -> /home/laura_benitez/urdf_ws/install/ros_tcp_endpoint/lib/python3.10/site-packages/ros_tcp_endpoint\n'}
[7.694637] (ros_tcp_endpoint) StdoutLine: {'line': b'copying /home/laura_benitez/urdf_ws/build/ros_tcp_endpoint/build/lib/ros_tcp_endpoint/publisher.py -> /home/laura_benitez/urdf_ws/install/ros_tcp_endpoint/lib/python3.10/site-packages/ros_tcp_endpoint\n'}
[7.696274] (ros_tcp_endpoint) StdoutLine: {'line': b'copying /home/laura_benitez/urdf_ws/build/ros_tcp_endpoint/build/lib/ros_tcp_endpoint/server.py -> /home/laura_benitez/urdf_ws/install/ros_tcp_endpoint/lib/python3.10/site-packages/ros_tcp_endpoint\n'}
[7.697576] (ros_tcp_endpoint) StdoutLine: {'line': b'copying /home/laura_benitez/urdf_ws/build/ros_tcp_endpoint/build/lib/ros_tcp_endpoint/service.py -> /home/laura_benitez/urdf_ws/install/ros_tcp_endpoint/lib/python3.10/site-packages/ros_tcp_endpoint\n'}
[7.697962] (ros_tcp_endpoint) StdoutLine: {'line': b'copying /home/laura_benitez/urdf_ws/build/ros_tcp_endpoint/build/lib/ros_tcp_endpoint/subscriber.py -> /home/laura_benitez/urdf_ws/install/ros_tcp_endpoint/lib/python3.10/site-packages/ros_tcp_endpoint\n'}
[7.698848] (ros_tcp_endpoint) StdoutLine: {'line': b'copying /home/laura_benitez/urdf_ws/build/ros_tcp_endpoint/build/lib/ros_tcp_endpoint/tcp_sender.py -> /home/laura_benitez/urdf_ws/install/ros_tcp_endpoint/lib/python3.10/site-packages/ros_tcp_endpoint\n'}
[7.706080] (cuadriga_interfaces) StdoutLine: {'line': b'[ 71%] Built target cuadriga_interfaces__rosidl_typesupport_fastrtps_cpp\n'}
[7.706423] (ros_tcp_endpoint) StdoutLine: {'line': b'copying /home/laura_benitez/urdf_ws/build/ros_tcp_endpoint/build/lib/ros_tcp_endpoint/thread_pauser.py -> /home/laura_benitez/urdf_ws/install/ros_tcp_endpoint/lib/python3.10/site-packages/ros_tcp_endpoint\n'}
[7.707725] (ros_tcp_endpoint) StdoutLine: {'line': b'copying /home/laura_benitez/urdf_ws/build/ros_tcp_endpoint/build/lib/ros_tcp_endpoint/unity_service.py -> /home/laura_benitez/urdf_ws/install/ros_tcp_endpoint/lib/python3.10/site-packages/ros_tcp_endpoint\n'}
[7.709175] (ros_tcp_endpoint) StdoutLine: {'line': b'copying /home/laura_benitez/urdf_ws/build/ros_tcp_endpoint/build/lib/ros_tcp_endpoint/__init__.py -> /home/laura_benitez/urdf_ws/install/ros_tcp_endpoint/lib/python3.10/site-packages/ros_tcp_endpoint\n'}
[7.713349] (teleop_twist_keyboard) JobEnded: {'identifier': 'teleop_twist_keyboard', 'rc': 0}
[7.720371] (ros_tcp_endpoint) StdoutLine: {'line': b'byte-compiling /home/laura_benitez/urdf_ws/install/ros_tcp_endpoint/lib/python3.10/site-packages/ros_tcp_endpoint/client.py to client.cpython-310.pyc\n'}
[7.723578] (ros_tcp_endpoint) StdoutLine: {'line': b'byte-compiling /home/laura_benitez/urdf_ws/install/ros_tcp_endpoint/lib/python3.10/site-packages/ros_tcp_endpoint/communication.py to communication.cpython-310.pyc\n'}
[7.727158] (ros_tcp_endpoint) StdoutLine: {'line': b'byte-compiling /home/laura_benitez/urdf_ws/install/ros_tcp_endpoint/lib/python3.10/site-packages/ros_tcp_endpoint/default_server_endpoint.py to default_server_endpoint.cpython-310.pyc\n'}
[7.728554] (ros_tcp_endpoint) StdoutLine: {'line': b'byte-compiling /home/laura_benitez/urdf_ws/install/ros_tcp_endpoint/lib/python3.10/site-packages/ros_tcp_endpoint/exceptions.py to exceptions.cpython-310.pyc\n'}
[7.730607] (ros_tcp_endpoint) StdoutLine: {'line': b'byte-compiling /home/laura_benitez/urdf_ws/install/ros_tcp_endpoint/lib/python3.10/site-packages/ros_tcp_endpoint/publisher.py to publisher.cpython-310.pyc\n'}
[7.732859] (ros_tcp_endpoint) StdoutLine: {'line': b'byte-compiling /home/laura_benitez/urdf_ws/install/ros_tcp_endpoint/lib/python3.10/site-packages/ros_tcp_endpoint/server.py to server.cpython-310.pyc\n'}
[7.737783] (ros_tcp_endpoint) StdoutLine: {'line': b'byte-compiling /home/laura_benitez/urdf_ws/install/ros_tcp_endpoint/lib/python3.10/site-packages/ros_tcp_endpoint/service.py to service.cpython-310.pyc\n'}
[7.739600] (cuadriganuevo) StdoutLine: {'line': b'-- Build files have been written to: /home/laura_benitez/urdf_ws/build/cuadriganuevo\n'}
[7.739976] (ros_tcp_endpoint) StdoutLine: {'line': b'byte-compiling /home/laura_benitez/urdf_ws/install/ros_tcp_endpoint/lib/python3.10/site-packages/ros_tcp_endpoint/subscriber.py to subscriber.cpython-310.pyc\n'}
[7.740322] (cuadriga_interfaces) StdoutLine: {'line': b'[ 74%] \x1b[32m\x1b[1mLinking CXX shared library libcuadriga_interfaces__rosidl_typesupport_fastrtps_c.so\x1b[0m\n'}
[7.741860] (ros_tcp_endpoint) StdoutLine: {'line': b'byte-compiling /home/laura_benitez/urdf_ws/install/ros_tcp_endpoint/lib/python3.10/site-packages/ros_tcp_endpoint/tcp_sender.py to tcp_sender.cpython-310.pyc\n'}
[7.746131] (ros_tcp_endpoint) StdoutLine: {'line': b'byte-compiling /home/laura_benitez/urdf_ws/install/ros_tcp_endpoint/lib/python3.10/site-packages/ros_tcp_endpoint/thread_pauser.py to thread_pauser.cpython-310.pyc\n'}
[7.747989] (ros_tcp_endpoint) StdoutLine: {'line': b'byte-compiling /home/laura_benitez/urdf_ws/install/ros_tcp_endpoint/lib/python3.10/site-packages/ros_tcp_endpoint/unity_service.py to unity_service.cpython-310.pyc\n'}
[7.749867] (ros_tcp_endpoint) StdoutLine: {'line': b'byte-compiling /home/laura_benitez/urdf_ws/install/ros_tcp_endpoint/lib/python3.10/site-packages/ros_tcp_endpoint/__init__.py to __init__.cpython-310.pyc\n'}
[7.751198] (ros_tcp_endpoint) StdoutLine: {'line': b'running install_data\n'}
[7.751491] (ros_tcp_endpoint) StdoutLine: {'line': b'creating /home/laura_benitez/urdf_ws/install/ros_tcp_endpoint/share/ament_index\n'}
[7.751819] (-) TimerEvent: {}
[7.752217] (ros_tcp_endpoint) StdoutLine: {'line': b'creating /home/laura_benitez/urdf_ws/install/ros_tcp_endpoint/share/ament_index/resource_index\n'}
[7.752473] (ros_tcp_endpoint) StdoutLine: {'line': b'creating /home/laura_benitez/urdf_ws/install/ros_tcp_endpoint/share/ament_index/resource_index/packages\n'}
[7.752638] (ros_tcp_endpoint) StdoutLine: {'line': b'copying resource/ros_tcp_endpoint -> /home/laura_benitez/urdf_ws/install/ros_tcp_endpoint/share/ament_index/resource_index/packages\n'}
[7.753586] (ros_tcp_endpoint) StdoutLine: {'line': b'copying package.xml -> /home/laura_benitez/urdf_ws/install/ros_tcp_endpoint/share/ros_tcp_endpoint\n'}
[7.754675] (ros_tcp_endpoint) StdoutLine: {'line': b'creating /home/laura_benitez/urdf_ws/install/ros_tcp_endpoint/share/ros_tcp_endpoint/launch\n'}
[7.754967] (ros_tcp_endpoint) StdoutLine: {'line': b'copying launch/endpoint.py -> /home/laura_benitez/urdf_ws/install/ros_tcp_endpoint/share/ros_tcp_endpoint/launch\n'}
[7.764531] (cuadriganuevo) CommandEnded: {'returncode': 0}
[7.765274] (cuadriganuevo) JobProgress: {'identifier': 'cuadriganuevo', 'progress': 'build'}
[7.765801] (cuadriganuevo) Command: {'cmd': ['/usr/bin/cmake', '--build', '/home/laura_benitez/urdf_ws/build/cuadriganuevo', '--', '-j16', '-l16'], 'cwd': '/home/laura_benitez/urdf_ws/build/cuadriganuevo', 'env': OrderedDict([('LESSOPEN', '| /usr/bin/lesspipe %s'), ('USER', 'laura_benitez'), ('SHLVL', '1'), ('LD_LIBRARY_PATH', '/home/laura_benitez/rosgame_ws/install/rosgame_msgs/lib:/home/laura_benitez/rosgame_ws/install/rosgame_bridge/lib:/home/laura_benitez/cypr_ws/install/navigation/lib:/home/laura_benitez/cypr_ws/install/localization/lib:/opt/ros/humble/opt/rviz_ogre_vendor/lib:/opt/ros/humble/lib/x86_64-linux-gnu:/opt/ros/humble/lib'), ('HOME', '/home/laura_benitez'), ('OLDPWD', '/home/laura_benitez'), ('ROS_PYTHON_VERSION', '3'), ('WSL_DISTRO_NAME', 'Ubuntu'), ('COLCON_PREFIX_PATH', '/home/laura_benitez/rosgame_ws/install:/home/laura_benitez/cypr_ws/install:/home/laura_benitez/test_ws/install'), ('ROS_DISTRO', 'humble'), ('LOGNAME', 'laura_benitez'), ('NAME', 'DESKTOP-4ER2JO7'), ('_', '/usr/bin/colcon'), ('ROS_VERSION', '2'), ('TERM', 'xterm-256color'), ('LIBGL_ALWAYS_INDIRECT', '1'), ('ROS_LOCALHOST_ONLY', '0'), ('PATH', '/home/laura_benitez/.local/bin:/opt/ros/humble/bin:/usr/local/sbin:/usr/local/bin:/usr/sbin:/usr/bin:/sbin:/bin:/usr/games:/usr/local/games:/mnt/c/Program Files/WindowsApps/CanonicalGroupLimited.Ubuntu_2404.1.68.0_x64__79rhkp1fndgsc:/mnt/c/TwinCAT/Common64:/mnt/c/TwinCAT/Common32:/mnt/c/WINDOWS/system32:/mnt/c/WINDOWS:/mnt/c/WINDOWS/System32/Wbem:/mnt/c/WINDOWS/System32/WindowsPowerShell/v1.0/:/mnt/c/WINDOWS/System32/OpenSSH/:/mnt/c/Program Files/dotnet/:/mnt/c/Program Files (x86)/dotnet/:/mnt/c/Program Files (x86)/Windows Kits/10/Windows Performance Toolkit/:/mnt/c/Program Files (x86)/IVI Foundation/VISA/WinNT/Bin/:/mnt/c/Program Files/IVI Foundation/VISA/Win64/Bin/:/mnt/c/Program Files (x86)/IVI Foundation/VISA/WinNT/Bin:/mnt/c/Program Files (x86)/IVI Foundation/IVI/Bin/:/mnt/c/Program Files/IVI Foundation/IVI/Bin/:/mnt/c/Program Files (x86)/National Instruments/Shared/LabVIEW CLI:/mnt/c/Program Files/MATLAB/R2025a/bin:/mnt/c/Program Files/Git/cmd:/mnt/c/Users/laura/AppData/Local/Microsoft/WindowsApps:/mnt/c/Users/laura/AppData/Local/Programs/Microsoft VS Code/bin:/snap/bin'), ('DISPLAY', ':0'), ('LANG', 'en_US.UTF-8'), ('LS_COLORS', 'rs=0:di=01;34:ln=01;36:mh=00:pi=40;33:so=01;35:do=01;35:bd=40;33;01:cd=40;33;01:or=40;31;01:mi=00:su=37;41:sg=30;43:ca=30;41:tw=30;42:ow=34;42:st=37;44:ex=01;32:*.tar=01;31:*.tgz=01;31:*.arc=01;31:*.arj=01;31:*.taz=01;31:*.lha=01;31:*.lz4=01;31:*.lzh=01;31:*.lzma=01;31:*.tlz=01;31:*.txz=01;31:*.tzo=01;31:*.t7z=01;31:*.zip=01;31:*.z=01;31:*.dz=01;31:*.gz=01;31:*.lrz=01;31:*.lz=01;31:*.lzo=01;31:*.xz=01;31:*.zst=01;31:*.tzst=01;31:*.bz2=01;31:*.bz=01;31:*.tbz=01;31:*.tbz2=01;31:*.tz=01;31:*.deb=01;31:*.rpm=01;31:*.jar=01;31:*.war=01;31:*.ear=01;31:*.sar=01;31:*.rar=01;31:*.alz=01;31:*.ace=01;31:*.zoo=01;31:*.cpio=01;31:*.7z=01;31:*.rz=01;31:*.cab=01;31:*.wim=01;31:*.swm=01;31:*.dwm=01;31:*.esd=01;31:*.jpg=01;35:*.jpeg=01;35:*.mjpg=01;35:*.mjpeg=01;35:*.gif=01;35:*.bmp=01;35:*.pbm=01;35:*.pgm=01;35:*.ppm=01;35:*.tga=01;35:*.xbm=01;35:*.xpm=01;35:*.tif=01;35:*.tiff=01;35:*.png=01;35:*.svg=01;35:*.svgz=01;35:*.mng=01;35:*.pcx=01;35:*.mov=01;35:*.mpg=01;35:*.mpeg=01;35:*.m2v=01;35:*.mkv=01;35:*.webm=01;35:*.webp=01;35:*.ogm=01;35:*.mp4=01;35:*.m4v=01;35:*.mp4v=01;35:*.vob=01;35:*.qt=01;35:*.nuv=01;35:*.wmv=01;35:*.asf=01;35:*.rm=01;35:*.rmvb=01;35:*.flc=01;35:*.avi=01;35:*.fli=01;35:*.flv=01;35:*.gl=01;35:*.dl=01;35:*.xcf=01;35:*.xwd=01;35:*.yuv=01;35:*.cgm=01;35:*.emf=01;35:*.ogv=01;35:*.ogx=01;35:*.aac=00;36:*.au=00;36:*.flac=00;36:*.m4a=00;36:*.mid=00;36:*.midi=00;36:*.mka=00;36:*.mp3=00;36:*.mpc=00;36:*.ogg=00;36:*.ra=00;36:*.wav=00;36:*.oga=00;36:*.opus=00;36:*.spx=00;36:*.xspf=00;36:'), ('AMENT_PREFIX_PATH', '/home/laura_benitez/test_ws/install/mi_robot_description:/home/laura_benitez/rosgame_ws/install/warrior_15:/home/laura_benitez/rosgame_ws/install/rosgame_msgs:/home/laura_benitez/rosgame_ws/install/rosgame_bridge:/home/laura_benitez/cypr_ws/install/navigation:/home/laura_benitez/cypr_ws/install/motion:/home/laura_benitez/cypr_ws/install/localization:/home/laura_benitez/cypr_ws/install/keyboard_control:/home/laura_benitez/cypr_ws/install/arm_controller:/opt/ros/humble'), ('SHELL', '/bin/bash'), ('LESSCLOSE', '/usr/bin/lesspipe %s %s'), ('PWD', '/home/laura_benitez/urdf_ws/build/cuadriganuevo'), ('QT_QPA_PLATFORM', 'xcb'), ('XDG_DATA_DIRS', '/usr/local/share:/usr/share:/var/lib/snapd/desktop'), ('PYTHONPATH', '/home/laura_benitez/rosgame_ws/install/rosgame_msgs/local/lib/python3.10/dist-packages:/home/laura_benitez/rosgame_ws/install/rosgame_bridge/local/lib/python3.10/dist-packages:/home/laura_benitez/cypr_ws/install/navigation/local/lib/python3.10/dist-packages:/home/laura_benitez/cypr_ws/install/localization/local/lib/python3.10/dist-packages:/home/laura_benitez/cypr_ws/install/arm_controller/lib/python3.10/site-packages:/opt/ros/humble/lib/python3.10/site-packages:/opt/ros/humble/local/lib/python3.10/dist-packages'), ('COLCON', '1'), ('HOSTTYPE', 'x86_64'), ('CMAKE_PREFIX_PATH', '/home/laura_benitez/test_ws/install/mi_robot_description:/home/laura_benitez/rosgame_ws/install/warrior_15:/home/laura_benitez/rosgame_ws/install/rosgame_msgs:/home/laura_benitez/rosgame_ws/install/rosgame_bridge:/home/laura_benitez/cypr_ws/install/navigation:/home/laura_benitez/cypr_ws/install/motion:/home/laura_benitez/cypr_ws/install/localization:/home/laura_benitez/cypr_ws/install/keyboard_control:/home/laura_benitez/cypr_ws/install/arm_controller:/opt/ros/humble'), ('WSLENV', '')]), 'shell': False}
[7.770310] (ros_tcp_endpoint) StdoutLine: {'line': b'running install_egg_info\n'}
[7.773000] (ros_tcp_endpoint) StdoutLine: {'line': b'Copying ../../build/ros_tcp_endpoint/ros_tcp_endpoint.egg-info to /home/laura_benitez/urdf_ws/install/ros_tcp_endpoint/lib/python3.10/site-packages/ros_tcp_endpoint-0.0.1-py3.10.egg-info\n'}
[7.779628] (ros_tcp_endpoint) StdoutLine: {'line': b'running install_scripts\n'}
[7.807664] (ros_tcp_endpoint) StdoutLine: {'line': b'Installing default_server_endpoint script to /home/laura_benitez/urdf_ws/install/ros_tcp_endpoint/lib/ros_tcp_endpoint\n'}
[7.808792] (ros_tcp_endpoint) StdoutLine: {'line': b"writing list of installed files to '/home/laura_benitez/urdf_ws/build/ros_tcp_endpoint/install.log'\n"}
[7.853228] (ros_tcp_endpoint) CommandEnded: {'returncode': 0}
[7.853795] (-) TimerEvent: {}
[7.866781] (ros_tcp_endpoint) JobEnded: {'identifier': 'ros_tcp_endpoint', 'rc': 0}
[7.912370] (cuadriganuevo) CommandEnded: {'returncode': 0}
[7.913432] (cuadriganuevo) JobProgress: {'identifier': 'cuadriganuevo', 'progress': 'install'}
[7.934800] (cuadriga_interfaces) StdoutLine: {'line': b'[ 74%] Built target cuadriga_interfaces__rosidl_typesupport_fastrtps_c\n'}
[7.939447] (cuadriganuevo) Command: {'cmd': ['/usr/bin/cmake', '--install', '/home/laura_benitez/urdf_ws/build/cuadriganuevo'], 'cwd': '/home/laura_benitez/urdf_ws/build/cuadriganuevo', 'env': OrderedDict([('LESSOPEN', '| /usr/bin/lesspipe %s'), ('USER', 'laura_benitez'), ('SHLVL', '1'), ('LD_LIBRARY_PATH', '/home/laura_benitez/rosgame_ws/install/rosgame_msgs/lib:/home/laura_benitez/rosgame_ws/install/rosgame_bridge/lib:/home/laura_benitez/cypr_ws/install/navigation/lib:/home/laura_benitez/cypr_ws/install/localization/lib:/opt/ros/humble/opt/rviz_ogre_vendor/lib:/opt/ros/humble/lib/x86_64-linux-gnu:/opt/ros/humble/lib'), ('HOME', '/home/laura_benitez'), ('OLDPWD', '/home/laura_benitez'), ('ROS_PYTHON_VERSION', '3'), ('WSL_DISTRO_NAME', 'Ubuntu'), ('COLCON_PREFIX_PATH', '/home/laura_benitez/rosgame_ws/install:/home/laura_benitez/cypr_ws/install:/home/laura_benitez/test_ws/install'), ('ROS_DISTRO', 'humble'), ('LOGNAME', 'laura_benitez'), ('NAME', 'DESKTOP-4ER2JO7'), ('_', '/usr/bin/colcon'), ('ROS_VERSION', '2'), ('TERM', 'xterm-256color'), ('LIBGL_ALWAYS_INDIRECT', '1'), ('ROS_LOCALHOST_ONLY', '0'), ('PATH', '/home/laura_benitez/.local/bin:/opt/ros/humble/bin:/usr/local/sbin:/usr/local/bin:/usr/sbin:/usr/bin:/sbin:/bin:/usr/games:/usr/local/games:/mnt/c/Program Files/WindowsApps/CanonicalGroupLimited.Ubuntu_2404.1.68.0_x64__79rhkp1fndgsc:/mnt/c/TwinCAT/Common64:/mnt/c/TwinCAT/Common32:/mnt/c/WINDOWS/system32:/mnt/c/WINDOWS:/mnt/c/WINDOWS/System32/Wbem:/mnt/c/WINDOWS/System32/WindowsPowerShell/v1.0/:/mnt/c/WINDOWS/System32/OpenSSH/:/mnt/c/Program Files/dotnet/:/mnt/c/Program Files (x86)/dotnet/:/mnt/c/Program Files (x86)/Windows Kits/10/Windows Performance Toolkit/:/mnt/c/Program Files (x86)/IVI Foundation/VISA/WinNT/Bin/:/mnt/c/Program Files/IVI Foundation/VISA/Win64/Bin/:/mnt/c/Program Files (x86)/IVI Foundation/VISA/WinNT/Bin:/mnt/c/Program Files (x86)/IVI Foundation/IVI/Bin/:/mnt/c/Program Files/IVI Foundation/IVI/Bin/:/mnt/c/Program Files (x86)/National Instruments/Shared/LabVIEW CLI:/mnt/c/Program Files/MATLAB/R2025a/bin:/mnt/c/Program Files/Git/cmd:/mnt/c/Users/laura/AppData/Local/Microsoft/WindowsApps:/mnt/c/Users/laura/AppData/Local/Programs/Microsoft VS Code/bin:/snap/bin'), ('DISPLAY', ':0'), ('LANG', 'en_US.UTF-8'), ('LS_COLORS', 'rs=0:di=01;34:ln=01;36:mh=00:pi=40;33:so=01;35:do=01;35:bd=40;33;01:cd=40;33;01:or=40;31;01:mi=00:su=37;41:sg=30;43:ca=30;41:tw=30;42:ow=34;42:st=37;44:ex=01;32:*.tar=01;31:*.tgz=01;31:*.arc=01;31:*.arj=01;31:*.taz=01;31:*.lha=01;31:*.lz4=01;31:*.lzh=01;31:*.lzma=01;31:*.tlz=01;31:*.txz=01;31:*.tzo=01;31:*.t7z=01;31:*.zip=01;31:*.z=01;31:*.dz=01;31:*.gz=01;31:*.lrz=01;31:*.lz=01;31:*.lzo=01;31:*.xz=01;31:*.zst=01;31:*.tzst=01;31:*.bz2=01;31:*.bz=01;31:*.tbz=01;31:*.tbz2=01;31:*.tz=01;31:*.deb=01;31:*.rpm=01;31:*.jar=01;31:*.war=01;31:*.ear=01;31:*.sar=01;31:*.rar=01;31:*.alz=01;31:*.ace=01;31:*.zoo=01;31:*.cpio=01;31:*.7z=01;31:*.rz=01;31:*.cab=01;31:*.wim=01;31:*.swm=01;31:*.dwm=01;31:*.esd=01;31:*.jpg=01;35:*.jpeg=01;35:*.mjpg=01;35:*.mjpeg=01;35:*.gif=01;35:*.bmp=01;35:*.pbm=01;35:*.pgm=01;35:*.ppm=01;35:*.tga=01;35:*.xbm=01;35:*.xpm=01;35:*.tif=01;35:*.tiff=01;35:*.png=01;35:*.svg=01;35:*.svgz=01;35:*.mng=01;35:*.pcx=01;35:*.mov=01;35:*.mpg=01;35:*.mpeg=01;35:*.m2v=01;35:*.mkv=01;35:*.webm=01;35:*.webp=01;35:*.ogm=01;35:*.mp4=01;35:*.m4v=01;35:*.mp4v=01;35:*.vob=01;35:*.qt=01;35:*.nuv=01;35:*.wmv=01;35:*.asf=01;35:*.rm=01;35:*.rmvb=01;35:*.flc=01;35:*.avi=01;35:*.fli=01;35:*.flv=01;35:*.gl=01;35:*.dl=01;35:*.xcf=01;35:*.xwd=01;35:*.yuv=01;35:*.cgm=01;35:*.emf=01;35:*.ogv=01;35:*.ogx=01;35:*.aac=00;36:*.au=00;36:*.flac=00;36:*.m4a=00;36:*.mid=00;36:*.midi=00;36:*.mka=00;36:*.mp3=00;36:*.mpc=00;36:*.ogg=00;36:*.ra=00;36:*.wav=00;36:*.oga=00;36:*.opus=00;36:*.spx=00;36:*.xspf=00;36:'), ('AMENT_PREFIX_PATH', '/home/laura_benitez/test_ws/install/mi_robot_description:/home/laura_benitez/rosgame_ws/install/warrior_15:/home/laura_benitez/rosgame_ws/install/rosgame_msgs:/home/laura_benitez/rosgame_ws/install/rosgame_bridge:/home/laura_benitez/cypr_ws/install/navigation:/home/laura_benitez/cypr_ws/install/motion:/home/laura_benitez/cypr_ws/install/localization:/home/laura_benitez/cypr_ws/install/keyboard_control:/home/laura_benitez/cypr_ws/install/arm_controller:/opt/ros/humble'), ('SHELL', '/bin/bash'), ('LESSCLOSE', '/usr/bin/lesspipe %s %s'), ('PWD', '/home/laura_benitez/urdf_ws/build/cuadriganuevo'), ('QT_QPA_PLATFORM', 'xcb'), ('XDG_DATA_DIRS', '/usr/local/share:/usr/share:/var/lib/snapd/desktop'), ('PYTHONPATH', '/home/laura_benitez/rosgame_ws/install/rosgame_msgs/local/lib/python3.10/dist-packages:/home/laura_benitez/rosgame_ws/install/rosgame_bridge/local/lib/python3.10/dist-packages:/home/laura_benitez/cypr_ws/install/navigation/local/lib/python3.10/dist-packages:/home/laura_benitez/cypr_ws/install/localization/local/lib/python3.10/dist-packages:/home/laura_benitez/cypr_ws/install/arm_controller/lib/python3.10/site-packages:/opt/ros/humble/lib/python3.10/site-packages:/opt/ros/humble/local/lib/python3.10/dist-packages'), ('COLCON', '1'), ('HOSTTYPE', 'x86_64'), ('CMAKE_PREFIX_PATH', '/home/laura_benitez/test_ws/install/mi_robot_description:/home/laura_benitez/rosgame_ws/install/warrior_15:/home/laura_benitez/rosgame_ws/install/rosgame_msgs:/home/laura_benitez/rosgame_ws/install/rosgame_bridge:/home/laura_benitez/cypr_ws/install/navigation:/home/laura_benitez/cypr_ws/install/motion:/home/laura_benitez/cypr_ws/install/localization:/home/laura_benitez/cypr_ws/install/keyboard_control:/home/laura_benitez/cypr_ws/install/arm_controller:/opt/ros/humble'), ('WSLENV', '')]), 'shell': False}
[7.954426] (-) TimerEvent: {}
[7.963846] (cuadriganuevo) StdoutLine: {'line': b'-- Install configuration: ""\n'}
[7.964053] (cuadriganuevo) StdoutLine: {'line': b'-- Installing: /home/laura_benitez/urdf_ws/install/cuadriganuevo/share/cuadriganuevo//launch\n'}
[7.964609] (cuadriganuevo) StdoutLine: {'line': b'-- Installing: /home/laura_benitez/urdf_ws/install/cuadriganuevo/share/cuadriganuevo//launch/display.launch\n'}
[7.973631] (cuadriganuevo) StdoutLine: {'line': b'-- Installing: /home/laura_benitez/urdf_ws/install/cuadriganuevo/share/cuadriganuevo//launch/display.launch.py\n'}
[7.976917] (joy) StdoutLine: {'line': b'-- Found sdl2_vendor: 3.3.0 (/opt/ros/humble/share/sdl2_vendor/cmake)\n'}
[7.983481] (cuadriganuevo) StdoutLine: {'line': b'-- Installing: /home/laura_benitez/urdf_ws/install/cuadriganuevo/share/cuadriganuevo//meshes\n'}
[7.983885] (cuadriganuevo) StdoutLine: {'line': b'-- Installing: /home/laura_benitez/urdf_ws/install/cuadriganuevo/share/cuadriganuevo//meshes/Cadena_Derch_Link.STL\n'}
[8.001423] (cuadriganuevo) StdoutLine: {'line': b'-- Installing: /home/laura_benitez/urdf_ws/install/cuadriganuevo/share/cuadriganuevo//meshes/Cadena_Izq_Link.STL\n'}
[8.009033] (cuadriga_interfaces) StdoutLine: {'line': b'[ 74%] Built target cuadriga_interfaces\n'}
[8.018492] (cuadriganuevo) StdoutLine: {'line': b'-- Installing: /home/laura_benitez/urdf_ws/install/cuadriganuevo/share/cuadriganuevo//meshes/Chasis_link.STL\n'}
[8.031769] (joy) StdoutLine: {'line': b'-- Found sensor_msgs: 4.2.4 (/opt/ros/humble/share/sensor_msgs/cmake)\n'}
[8.040425] (cuadriganuevo) StdoutLine: {'line': b'-- Installing: /home/laura_benitez/urdf_ws/install/cuadriganuevo/share/cuadriganuevo//meshes/Eng_RDD_Link.STL\n'}
[8.050006] (cuadriganuevo) StdoutLine: {'line': b'-- Installing: /home/laura_benitez/urdf_ws/install/cuadriganuevo/share/cuadriganuevo//meshes/Eng_RDI_Link.STL\n'}
[8.058856] (-) TimerEvent: {}
[8.059358] (cuadriganuevo) StdoutLine: {'line': b'-- Installing: /home/laura_benitez/urdf_ws/install/cuadriganuevo/share/cuadriganuevo//meshes/Eng_RTD_Link.STL\n'}
[8.068785] (cuadriganuevo) StdoutLine: {'line': b'-- Installing: /home/laura_benitez/urdf_ws/install/cuadriganuevo/share/cuadriganuevo//meshes/Eng_RTI_Link.STL\n'}
[8.085050] (cuadriga_interfaces) StdoutLine: {'line': b'[ 76%] \x1b[34m\x1b[1mGenerating Python code for ROS interfaces\x1b[0m\n'}
[8.096538] (cuadriganuevo) StdoutLine: {'line': b'-- Installing: /home/laura_benitez/urdf_ws/install/cuadriganuevo/share/cuadriganuevo//meshes/E_Central_Derch_Link.STL\n'}
[8.108596] (cuadriganuevo) StdoutLine: {'line': b'-- Installing: /home/laura_benitez/urdf_ws/install/cuadriganuevo/share/cuadriganuevo//meshes/E_Central_Izq_Link.STL\n'}
[8.114322] (joy) StdoutLine: {'line': b'-- Found ament_lint_auto: 0.12.11 (/opt/ros/humble/share/ament_lint_auto/cmake)\n'}
[8.120035] (cuadriganuevo) StdoutLine: {'line': b'-- Installing: /home/laura_benitez/urdf_ws/install/cuadriganuevo/share/cuadriganuevo//meshes/Motor_D_Link.STL\n'}
[8.131370] (cuadriganuevo) StdoutLine: {'line': b'-- Installing: /home/laura_benitez/urdf_ws/install/cuadriganuevo/share/cuadriganuevo//meshes/Motor_I_Link.STL\n'}
[8.142441] (cuadriganuevo) StdoutLine: {'line': b'-- Installing: /home/laura_benitez/urdf_ws/install/cuadriganuevo/share/cuadriganuevo//meshes/RDD_Link.STL\n'}
[8.156932] (cuadriganuevo) StdoutLine: {'line': b'-- Installing: /home/laura_benitez/urdf_ws/install/cuadriganuevo/share/cuadriganuevo//meshes/RDI_Link.STL\n'}
[8.160780] (-) TimerEvent: {}
[8.172028] (cuadriganuevo) StdoutLine: {'line': b'-- Installing: /home/laura_benitez/urdf_ws/install/cuadriganuevo/share/cuadriganuevo//meshes/RTD_Link.STL\n'}
[8.186585] (cuadriganuevo) StdoutLine: {'line': b'-- Installing: /home/laura_benitez/urdf_ws/install/cuadriganuevo/share/cuadriganuevo//meshes/RTI_Link.STL\n'}
[8.201222] (cuadriganuevo) StdoutLine: {'line': b'-- Installing: /home/laura_benitez/urdf_ws/install/cuadriganuevo/share/cuadriganuevo//urdf\n'}
[8.201543] (cuadriganuevo) StdoutLine: {'line': b'-- Installing: /home/laura_benitez/urdf_ws/install/cuadriganuevo/share/cuadriganuevo//urdf/cuadriganuevo.csv\n'}
[8.212183] (cuadriganuevo) StdoutLine: {'line': b'-- Installing: /home/laura_benitez/urdf_ws/install/cuadriganuevo/share/cuadriganuevo//urdf/cuadriganuevo.urdf\n'}
[8.222640] (cuadriganuevo) StdoutLine: {'line': b'-- Installing: /home/laura_benitez/urdf_ws/install/cuadriganuevo/share/cuadriganuevo//config\n'}
[8.222956] (cuadriganuevo) StdoutLine: {'line': b'-- Installing: /home/laura_benitez/urdf_ws/install/cuadriganuevo/share/cuadriganuevo//config/joint_names_CuadrigaNuevo.SLDASM.yaml\n'}
[8.230833] (cuadriganuevo) StdoutLine: {'line': b'-- Installing: /home/laura_benitez/urdf_ws/install/cuadriganuevo/share/cuadriganuevo//config/params.yaml\n'}
[8.232156] (cuadriganuevo) StdoutLine: {'line': b'-- Installing: /home/laura_benitez/urdf_ws/install/cuadriganuevo/share/ament_index/resource_index/package_run_dependencies/cuadriganuevo\n'}
[8.233536] (cuadriganuevo) StdoutLine: {'line': b'-- Installing: /home/laura_benitez/urdf_ws/install/cuadriganuevo/share/ament_index/resource_index/parent_prefix_path/cuadriganuevo\n'}
[8.234801] (cuadriganuevo) StdoutLine: {'line': b'-- Installing: /home/laura_benitez/urdf_ws/install/cuadriganuevo/share/cuadriganuevo/environment/ament_prefix_path.sh\n'}
[8.235745] (cuadriganuevo) StdoutLine: {'line': b'-- Installing: /home/laura_benitez/urdf_ws/install/cuadriganuevo/share/cuadriganuevo/environment/ament_prefix_path.dsv\n'}
[8.236791] (cuadriganuevo) StdoutLine: {'line': b'-- Installing: /home/laura_benitez/urdf_ws/install/cuadriganuevo/share/cuadriganuevo/environment/path.sh\n'}
[8.237819] (cuadriganuevo) StdoutLine: {'line': b'-- Installing: /home/laura_benitez/urdf_ws/install/cuadriganuevo/share/cuadriganuevo/environment/path.dsv\n'}
[8.238935] (cuadriganuevo) StdoutLine: {'line': b'-- Installing: /home/laura_benitez/urdf_ws/install/cuadriganuevo/share/cuadriganuevo/local_setup.bash\n'}
[8.240017] (cuadriganuevo) StdoutLine: {'line': b'-- Installing: /home/laura_benitez/urdf_ws/install/cuadriganuevo/share/cuadriganuevo/local_setup.sh\n'}
[8.240988] (cuadriganuevo) StdoutLine: {'line': b'-- Installing: /home/laura_benitez/urdf_ws/install/cuadriganuevo/share/cuadriganuevo/local_setup.zsh\n'}
[8.241940] (cuadriganuevo) StdoutLine: {'line': b'-- Installing: /home/laura_benitez/urdf_ws/install/cuadriganuevo/share/cuadriganuevo/local_setup.dsv\n'}
[8.242849] (cuadriganuevo) StdoutLine: {'line': b'-- Installing: /home/laura_benitez/urdf_ws/install/cuadriganuevo/share/cuadriganuevo/package.dsv\n'}
[8.244423] (cuadriganuevo) StdoutLine: {'line': b'-- Installing: /home/laura_benitez/urdf_ws/install/cuadriganuevo/share/ament_index/resource_index/packages/cuadriganuevo\n'}
[8.245648] (cuadriganuevo) StdoutLine: {'line': b'-- Installing: /home/laura_benitez/urdf_ws/install/cuadriganuevo/share/cuadriganuevo/cmake/cuadriganuevoConfig.cmake\n'}
[8.246631] (cuadriganuevo) StdoutLine: {'line': b'-- Installing: /home/laura_benitez/urdf_ws/install/cuadriganuevo/share/cuadriganuevo/cmake/cuadriganuevoConfig-version.cmake\n'}
[8.247800] (cuadriganuevo) StdoutLine: {'line': b'-- Installing: /home/laura_benitez/urdf_ws/install/cuadriganuevo/share/cuadriganuevo/package.xml\n'}
[8.251605] (cuadriganuevo) CommandEnded: {'returncode': 0}
[8.267244] (-) TimerEvent: {}
[8.281861] (cuadriganuevo) JobEnded: {'identifier': 'cuadriganuevo', 'rc': 0}
[8.379205] (-) TimerEvent: {}
[8.381747] (joy) StdoutLine: {'line': b"-- Added test 'cppcheck' to perform static code analysis on C / C++ code\n"}
[8.381947] (joy) StdoutLine: {'line': b'-- Configured cppcheck include dirs: $<BUILD_INTERFACE:/home/laura_benitez/urdf_ws/src/joy/include>\n'}
[8.382086] (joy) StdoutLine: {'line': b'-- Configured cppcheck exclude dirs and/or files: \n'}
[8.397488] (joy) StdoutLine: {'line': b"-- Added test 'cpplint' to check C / C++ code against the Google style\n"}
[8.397713] (joy) StdoutLine: {'line': b'-- Configured cpplint exclude dirs and/or files: \n'}
[8.400500] (joy) StdoutLine: {'line': b"-- Added test 'flake8' to check Python code syntax and style conventions\n"}
[8.403836] (joy) StdoutLine: {'line': b"-- Added test 'lint_cmake' to check CMake code style\n"}
[8.406649] (joy) StdoutLine: {'line': b"-- Added test 'pep257' to check Python code against some of the docstring style conventions in PEP 257\n"}
[8.413817] (joy) StdoutLine: {'line': b"-- Added test 'uncrustify' to check C / C++ code style\n"}
[8.414025] (joy) StdoutLine: {'line': b'-- Configured uncrustify additional arguments: \n'}
[8.416669] (joy) StdoutLine: {'line': b"-- Added test 'xmllint' to check XML markup files\n"}
[8.449128] (joy) StdoutLine: {'line': b'-- Configuring done\n'}
[8.481421] (cuadriga_interfaces) StdoutLine: {'line': b'[ 76%] Built target cuadriga_interfaces__py\n'}
[8.481714] (-) TimerEvent: {}
[8.534948] (joy) StdoutLine: {'line': b'-- Generating done\n'}
[8.574654] (cuadriga_interfaces) StdoutLine: {'line': b'[ 82%] \x1b[32mBuilding C object CMakeFiles/cuadriga_interfaces__rosidl_generator_py.dir/rosidl_generator_py/cuadriga_interfaces/msg/_gpx_path_s.c.o\x1b[0m\n'}
[8.574982] (cuadriga_interfaces) StdoutLine: {'line': b'[ 82%] \x1b[32mBuilding C object CMakeFiles/cuadriga_interfaces__rosidl_generator_py.dir/rosidl_generator_py/cuadriga_interfaces/msg/_gpx_point_s.c.o\x1b[0m\n'}
[8.593169] (-) TimerEvent: {}
[8.631766] (joy) StdoutLine: {'line': b'-- Build files have been written to: /home/laura_benitez/urdf_ws/build/joy\n'}
[8.645436] (joy) CommandEnded: {'returncode': 0}
[8.646056] (joy) JobProgress: {'identifier': 'joy', 'progress': 'build'}
[8.646468] (joy) Command: {'cmd': ['/usr/bin/cmake', '--build', '/home/laura_benitez/urdf_ws/build/joy', '--', '-j16', '-l16'], 'cwd': '/home/laura_benitez/urdf_ws/build/joy', 'env': OrderedDict([('LESSOPEN', '| /usr/bin/lesspipe %s'), ('USER', 'laura_benitez'), ('SHLVL', '1'), ('LD_LIBRARY_PATH', '/home/laura_benitez/rosgame_ws/install/rosgame_msgs/lib:/home/laura_benitez/rosgame_ws/install/rosgame_bridge/lib:/home/laura_benitez/cypr_ws/install/navigation/lib:/home/laura_benitez/cypr_ws/install/localization/lib:/opt/ros/humble/opt/rviz_ogre_vendor/lib:/opt/ros/humble/lib/x86_64-linux-gnu:/opt/ros/humble/lib'), ('HOME', '/home/laura_benitez'), ('OLDPWD', '/home/laura_benitez'), ('ROS_PYTHON_VERSION', '3'), ('WSL_DISTRO_NAME', 'Ubuntu'), ('COLCON_PREFIX_PATH', '/home/laura_benitez/rosgame_ws/install:/home/laura_benitez/cypr_ws/install:/home/laura_benitez/test_ws/install'), ('ROS_DISTRO', 'humble'), ('LOGNAME', 'laura_benitez'), ('NAME', 'DESKTOP-4ER2JO7'), ('_', '/usr/bin/colcon'), ('ROS_VERSION', '2'), ('TERM', 'xterm-256color'), ('LIBGL_ALWAYS_INDIRECT', '1'), ('ROS_LOCALHOST_ONLY', '0'), ('PATH', '/home/laura_benitez/.local/bin:/opt/ros/humble/bin:/usr/local/sbin:/usr/local/bin:/usr/sbin:/usr/bin:/sbin:/bin:/usr/games:/usr/local/games:/mnt/c/Program Files/WindowsApps/CanonicalGroupLimited.Ubuntu_2404.1.68.0_x64__79rhkp1fndgsc:/mnt/c/TwinCAT/Common64:/mnt/c/TwinCAT/Common32:/mnt/c/WINDOWS/system32:/mnt/c/WINDOWS:/mnt/c/WINDOWS/System32/Wbem:/mnt/c/WINDOWS/System32/WindowsPowerShell/v1.0/:/mnt/c/WINDOWS/System32/OpenSSH/:/mnt/c/Program Files/dotnet/:/mnt/c/Program Files (x86)/dotnet/:/mnt/c/Program Files (x86)/Windows Kits/10/Windows Performance Toolkit/:/mnt/c/Program Files (x86)/IVI Foundation/VISA/WinNT/Bin/:/mnt/c/Program Files/IVI Foundation/VISA/Win64/Bin/:/mnt/c/Program Files (x86)/IVI Foundation/VISA/WinNT/Bin:/mnt/c/Program Files (x86)/IVI Foundation/IVI/Bin/:/mnt/c/Program Files/IVI Foundation/IVI/Bin/:/mnt/c/Program Files (x86)/National Instruments/Shared/LabVIEW CLI:/mnt/c/Program Files/MATLAB/R2025a/bin:/mnt/c/Program Files/Git/cmd:/mnt/c/Users/laura/AppData/Local/Microsoft/WindowsApps:/mnt/c/Users/laura/AppData/Local/Programs/Microsoft VS Code/bin:/snap/bin'), ('DISPLAY', ':0'), ('LANG', 'en_US.UTF-8'), ('LS_COLORS', 'rs=0:di=01;34:ln=01;36:mh=00:pi=40;33:so=01;35:do=01;35:bd=40;33;01:cd=40;33;01:or=40;31;01:mi=00:su=37;41:sg=30;43:ca=30;41:tw=30;42:ow=34;42:st=37;44:ex=01;32:*.tar=01;31:*.tgz=01;31:*.arc=01;31:*.arj=01;31:*.taz=01;31:*.lha=01;31:*.lz4=01;31:*.lzh=01;31:*.lzma=01;31:*.tlz=01;31:*.txz=01;31:*.tzo=01;31:*.t7z=01;31:*.zip=01;31:*.z=01;31:*.dz=01;31:*.gz=01;31:*.lrz=01;31:*.lz=01;31:*.lzo=01;31:*.xz=01;31:*.zst=01;31:*.tzst=01;31:*.bz2=01;31:*.bz=01;31:*.tbz=01;31:*.tbz2=01;31:*.tz=01;31:*.deb=01;31:*.rpm=01;31:*.jar=01;31:*.war=01;31:*.ear=01;31:*.sar=01;31:*.rar=01;31:*.alz=01;31:*.ace=01;31:*.zoo=01;31:*.cpio=01;31:*.7z=01;31:*.rz=01;31:*.cab=01;31:*.wim=01;31:*.swm=01;31:*.dwm=01;31:*.esd=01;31:*.jpg=01;35:*.jpeg=01;35:*.mjpg=01;35:*.mjpeg=01;35:*.gif=01;35:*.bmp=01;35:*.pbm=01;35:*.pgm=01;35:*.ppm=01;35:*.tga=01;35:*.xbm=01;35:*.xpm=01;35:*.tif=01;35:*.tiff=01;35:*.png=01;35:*.svg=01;35:*.svgz=01;35:*.mng=01;35:*.pcx=01;35:*.mov=01;35:*.mpg=01;35:*.mpeg=01;35:*.m2v=01;35:*.mkv=01;35:*.webm=01;35:*.webp=01;35:*.ogm=01;35:*.mp4=01;35:*.m4v=01;35:*.mp4v=01;35:*.vob=01;35:*.qt=01;35:*.nuv=01;35:*.wmv=01;35:*.asf=01;35:*.rm=01;35:*.rmvb=01;35:*.flc=01;35:*.avi=01;35:*.fli=01;35:*.flv=01;35:*.gl=01;35:*.dl=01;35:*.xcf=01;35:*.xwd=01;35:*.yuv=01;35:*.cgm=01;35:*.emf=01;35:*.ogv=01;35:*.ogx=01;35:*.aac=00;36:*.au=00;36:*.flac=00;36:*.m4a=00;36:*.mid=00;36:*.midi=00;36:*.mka=00;36:*.mp3=00;36:*.mpc=00;36:*.ogg=00;36:*.ra=00;36:*.wav=00;36:*.oga=00;36:*.opus=00;36:*.spx=00;36:*.xspf=00;36:'), ('AMENT_PREFIX_PATH', '/home/laura_benitez/test_ws/install/mi_robot_description:/home/laura_benitez/rosgame_ws/install/warrior_15:/home/laura_benitez/rosgame_ws/install/rosgame_msgs:/home/laura_benitez/rosgame_ws/install/rosgame_bridge:/home/laura_benitez/cypr_ws/install/navigation:/home/laura_benitez/cypr_ws/install/motion:/home/laura_benitez/cypr_ws/install/localization:/home/laura_benitez/cypr_ws/install/keyboard_control:/home/laura_benitez/cypr_ws/install/arm_controller:/opt/ros/humble'), ('SHELL', '/bin/bash'), ('LESSCLOSE', '/usr/bin/lesspipe %s %s'), ('PWD', '/home/laura_benitez/urdf_ws/build/joy'), ('QT_QPA_PLATFORM', 'xcb'), ('XDG_DATA_DIRS', '/usr/local/share:/usr/share:/var/lib/snapd/desktop'), ('PYTHONPATH', '/home/laura_benitez/rosgame_ws/install/rosgame_msgs/local/lib/python3.10/dist-packages:/home/laura_benitez/rosgame_ws/install/rosgame_bridge/local/lib/python3.10/dist-packages:/home/laura_benitez/cypr_ws/install/navigation/local/lib/python3.10/dist-packages:/home/laura_benitez/cypr_ws/install/localization/local/lib/python3.10/dist-packages:/home/laura_benitez/cypr_ws/install/arm_controller/lib/python3.10/site-packages:/opt/ros/humble/lib/python3.10/site-packages:/opt/ros/humble/local/lib/python3.10/dist-packages'), ('COLCON', '1'), ('HOSTTYPE', 'x86_64'), ('CMAKE_PREFIX_PATH', '/home/laura_benitez/test_ws/install/mi_robot_description:/home/laura_benitez/rosgame_ws/install/warrior_15:/home/laura_benitez/rosgame_ws/install/rosgame_msgs:/home/laura_benitez/rosgame_ws/install/rosgame_bridge:/home/laura_benitez/cypr_ws/install/navigation:/home/laura_benitez/cypr_ws/install/motion:/home/laura_benitez/cypr_ws/install/localization:/home/laura_benitez/cypr_ws/install/keyboard_control:/home/laura_benitez/cypr_ws/install/arm_controller:/opt/ros/humble'), ('WSLENV', '')]), 'shell': False}
[8.696783] (-) TimerEvent: {}
[8.801470] (-) TimerEvent: {}
[8.802946] (cuadriga_interfaces) StdoutLine: {'line': b'[ 84%] \x1b[32m\x1b[1mLinking C shared library rosidl_generator_py/cuadriga_interfaces/libcuadriga_interfaces__rosidl_generator_py.so\x1b[0m\n'}
[8.826430] (joy) StdoutLine: {'line': b'[ 50%] \x1b[32mBuilding CXX object CMakeFiles/joy_node.dir/rclcpp_components/node_main_joy_node.cpp.o\x1b[0m\n'}
[8.826860] (joy) StdoutLine: {'line': b'[ 50%] \x1b[32mBuilding CXX object CMakeFiles/joy.dir/src/joy.cpp.o\x1b[0m\n'}
[8.826953] (joy) StdoutLine: {'line': b'[ 50%] \x1b[32mBuilding CXX object CMakeFiles/joy_enumerate_devices.dir/src/joy_enumerate_devices.cpp.o\x1b[0m\n'}
[8.911419] (-) TimerEvent: {}
[8.919971] (cuadriga_interfaces) StdoutLine: {'line': b'[ 84%] Built target cuadriga_interfaces__rosidl_generator_py\n'}
[9.004392] (cuadriga_interfaces) StdoutLine: {'line': b'[ 92%] \x1b[32mBuilding C object CMakeFiles/cuadriga_interfaces__rosidl_typesupport_c__pyext.dir/rosidl_generator_py/cuadriga_interfaces/_cuadriga_interfaces_s.ep.rosidl_typesupport_c.c.o\x1b[0m\n'}
[9.004831] (cuadriga_interfaces) StdoutLine: {'line': b'[ 92%] \x1b[32mBuilding C object CMakeFiles/cuadriga_interfaces__rosidl_typesupport_fastrtps_c__pyext.dir/rosidl_generator_py/cuadriga_interfaces/_cuadriga_interfaces_s.ep.rosidl_typesupport_fastrtps_c.c.o\x1b[0m\n'}
[9.005061] (cuadriga_interfaces) StdoutLine: {'line': b'[ 92%] \x1b[32mBuilding C object CMakeFiles/cuadriga_interfaces__rosidl_typesupport_introspection_c__pyext.dir/rosidl_generator_py/cuadriga_interfaces/_cuadriga_interfaces_s.ep.rosidl_typesupport_introspection_c.c.o\x1b[0m\n'}
[9.016959] (-) TimerEvent: {}
[9.119063] (-) TimerEvent: {}
[9.234379] (-) TimerEvent: {}
[9.285283] (cuadriga_interfaces) StdoutLine: {'line': b'[100%] \x1b[32m\x1b[1mLinking C shared library rosidl_generator_py/cuadriga_interfaces/cuadriga_interfaces_s__rosidl_typesupport_c.cpython-310-x86_64-linux-gnu.so\x1b[0m\n'}
[9.285708] (cuadriga_interfaces) StdoutLine: {'line': b'[100%] \x1b[32m\x1b[1mLinking C shared library rosidl_generator_py/cuadriga_interfaces/cuadriga_interfaces_s__rosidl_typesupport_introspection_c.cpython-310-x86_64-linux-gnu.so\x1b[0m\n'}
[9.285935] (cuadriga_interfaces) StdoutLine: {'line': b'[100%] \x1b[32m\x1b[1mLinking C shared library rosidl_generator_py/cuadriga_interfaces/cuadriga_interfaces_s__rosidl_typesupport_fastrtps_c.cpython-310-x86_64-linux-gnu.so\x1b[0m\n'}
[9.340245] (-) TimerEvent: {}
[9.447137] (-) TimerEvent: {}
[9.459472] (cuadriga_interfaces) StdoutLine: {'line': b'[100%] Built target cuadriga_interfaces__rosidl_typesupport_introspection_c__pyext\n'}
[9.463866] (cuadriga_interfaces) StdoutLine: {'line': b'[100%] Built target cuadriga_interfaces__rosidl_typesupport_fastrtps_c__pyext\n'}
[9.464634] (cuadriga_interfaces) StdoutLine: {'line': b'[100%] Built target cuadriga_interfaces__rosidl_typesupport_c__pyext\n'}
[9.504210] (cuadriga_interfaces) CommandEnded: {'returncode': 0}
[9.505179] (cuadriga_interfaces) JobProgress: {'identifier': 'cuadriga_interfaces', 'progress': 'install'}
[9.505640] (cuadriga_interfaces) Command: {'cmd': ['/usr/bin/cmake', '--install', '/home/laura_benitez/urdf_ws/build/cuadriga_interfaces'], 'cwd': '/home/laura_benitez/urdf_ws/build/cuadriga_interfaces', 'env': OrderedDict([('LESSOPEN', '| /usr/bin/lesspipe %s'), ('USER', 'laura_benitez'), ('SHLVL', '1'), ('LD_LIBRARY_PATH', '/home/laura_benitez/rosgame_ws/install/rosgame_msgs/lib:/home/laura_benitez/rosgame_ws/install/rosgame_bridge/lib:/home/laura_benitez/cypr_ws/install/navigation/lib:/home/laura_benitez/cypr_ws/install/localization/lib:/opt/ros/humble/opt/rviz_ogre_vendor/lib:/opt/ros/humble/lib/x86_64-linux-gnu:/opt/ros/humble/lib'), ('HOME', '/home/laura_benitez'), ('OLDPWD', '/home/laura_benitez'), ('ROS_PYTHON_VERSION', '3'), ('WSL_DISTRO_NAME', 'Ubuntu'), ('COLCON_PREFIX_PATH', '/home/laura_benitez/rosgame_ws/install:/home/laura_benitez/cypr_ws/install:/home/laura_benitez/test_ws/install'), ('ROS_DISTRO', 'humble'), ('LOGNAME', 'laura_benitez'), ('NAME', 'DESKTOP-4ER2JO7'), ('_', '/usr/bin/colcon'), ('ROS_VERSION', '2'), ('TERM', 'xterm-256color'), ('LIBGL_ALWAYS_INDIRECT', '1'), ('ROS_LOCALHOST_ONLY', '0'), ('PATH', '/home/laura_benitez/.local/bin:/opt/ros/humble/bin:/usr/local/sbin:/usr/local/bin:/usr/sbin:/usr/bin:/sbin:/bin:/usr/games:/usr/local/games:/mnt/c/Program Files/WindowsApps/CanonicalGroupLimited.Ubuntu_2404.1.68.0_x64__79rhkp1fndgsc:/mnt/c/TwinCAT/Common64:/mnt/c/TwinCAT/Common32:/mnt/c/WINDOWS/system32:/mnt/c/WINDOWS:/mnt/c/WINDOWS/System32/Wbem:/mnt/c/WINDOWS/System32/WindowsPowerShell/v1.0/:/mnt/c/WINDOWS/System32/OpenSSH/:/mnt/c/Program Files/dotnet/:/mnt/c/Program Files (x86)/dotnet/:/mnt/c/Program Files (x86)/Windows Kits/10/Windows Performance Toolkit/:/mnt/c/Program Files (x86)/IVI Foundation/VISA/WinNT/Bin/:/mnt/c/Program Files/IVI Foundation/VISA/Win64/Bin/:/mnt/c/Program Files (x86)/IVI Foundation/VISA/WinNT/Bin:/mnt/c/Program Files (x86)/IVI Foundation/IVI/Bin/:/mnt/c/Program Files/IVI Foundation/IVI/Bin/:/mnt/c/Program Files (x86)/National Instruments/Shared/LabVIEW CLI:/mnt/c/Program Files/MATLAB/R2025a/bin:/mnt/c/Program Files/Git/cmd:/mnt/c/Users/laura/AppData/Local/Microsoft/WindowsApps:/mnt/c/Users/laura/AppData/Local/Programs/Microsoft VS Code/bin:/snap/bin'), ('DISPLAY', ':0'), ('LANG', 'en_US.UTF-8'), ('LS_COLORS', 'rs=0:di=01;34:ln=01;36:mh=00:pi=40;33:so=01;35:do=01;35:bd=40;33;01:cd=40;33;01:or=40;31;01:mi=00:su=37;41:sg=30;43:ca=30;41:tw=30;42:ow=34;42:st=37;44:ex=01;32:*.tar=01;31:*.tgz=01;31:*.arc=01;31:*.arj=01;31:*.taz=01;31:*.lha=01;31:*.lz4=01;31:*.lzh=01;31:*.lzma=01;31:*.tlz=01;31:*.txz=01;31:*.tzo=01;31:*.t7z=01;31:*.zip=01;31:*.z=01;31:*.dz=01;31:*.gz=01;31:*.lrz=01;31:*.lz=01;31:*.lzo=01;31:*.xz=01;31:*.zst=01;31:*.tzst=01;31:*.bz2=01;31:*.bz=01;31:*.tbz=01;31:*.tbz2=01;31:*.tz=01;31:*.deb=01;31:*.rpm=01;31:*.jar=01;31:*.war=01;31:*.ear=01;31:*.sar=01;31:*.rar=01;31:*.alz=01;31:*.ace=01;31:*.zoo=01;31:*.cpio=01;31:*.7z=01;31:*.rz=01;31:*.cab=01;31:*.wim=01;31:*.swm=01;31:*.dwm=01;31:*.esd=01;31:*.jpg=01;35:*.jpeg=01;35:*.mjpg=01;35:*.mjpeg=01;35:*.gif=01;35:*.bmp=01;35:*.pbm=01;35:*.pgm=01;35:*.ppm=01;35:*.tga=01;35:*.xbm=01;35:*.xpm=01;35:*.tif=01;35:*.tiff=01;35:*.png=01;35:*.svg=01;35:*.svgz=01;35:*.mng=01;35:*.pcx=01;35:*.mov=01;35:*.mpg=01;35:*.mpeg=01;35:*.m2v=01;35:*.mkv=01;35:*.webm=01;35:*.webp=01;35:*.ogm=01;35:*.mp4=01;35:*.m4v=01;35:*.mp4v=01;35:*.vob=01;35:*.qt=01;35:*.nuv=01;35:*.wmv=01;35:*.asf=01;35:*.rm=01;35:*.rmvb=01;35:*.flc=01;35:*.avi=01;35:*.fli=01;35:*.flv=01;35:*.gl=01;35:*.dl=01;35:*.xcf=01;35:*.xwd=01;35:*.yuv=01;35:*.cgm=01;35:*.emf=01;35:*.ogv=01;35:*.ogx=01;35:*.aac=00;36:*.au=00;36:*.flac=00;36:*.m4a=00;36:*.mid=00;36:*.midi=00;36:*.mka=00;36:*.mp3=00;36:*.mpc=00;36:*.ogg=00;36:*.ra=00;36:*.wav=00;36:*.oga=00;36:*.opus=00;36:*.spx=00;36:*.xspf=00;36:'), ('AMENT_PREFIX_PATH', '/home/laura_benitez/test_ws/install/mi_robot_description:/home/laura_benitez/rosgame_ws/install/warrior_15:/home/laura_benitez/rosgame_ws/install/rosgame_msgs:/home/laura_benitez/rosgame_ws/install/rosgame_bridge:/home/laura_benitez/cypr_ws/install/navigation:/home/laura_benitez/cypr_ws/install/motion:/home/laura_benitez/cypr_ws/install/localization:/home/laura_benitez/cypr_ws/install/keyboard_control:/home/laura_benitez/cypr_ws/install/arm_controller:/opt/ros/humble'), ('SHELL', '/bin/bash'), ('LESSCLOSE', '/usr/bin/lesspipe %s %s'), ('PWD', '/home/laura_benitez/urdf_ws/build/cuadriga_interfaces'), ('QT_QPA_PLATFORM', 'xcb'), ('XDG_DATA_DIRS', '/usr/local/share:/usr/share:/var/lib/snapd/desktop'), ('PYTHONPATH', '/home/laura_benitez/rosgame_ws/install/rosgame_msgs/local/lib/python3.10/dist-packages:/home/laura_benitez/rosgame_ws/install/rosgame_bridge/local/lib/python3.10/dist-packages:/home/laura_benitez/cypr_ws/install/navigation/local/lib/python3.10/dist-packages:/home/laura_benitez/cypr_ws/install/localization/local/lib/python3.10/dist-packages:/home/laura_benitez/cypr_ws/install/arm_controller/lib/python3.10/site-packages:/opt/ros/humble/lib/python3.10/site-packages:/opt/ros/humble/local/lib/python3.10/dist-packages'), ('COLCON', '1'), ('HOSTTYPE', 'x86_64'), ('CMAKE_PREFIX_PATH', '/home/laura_benitez/test_ws/install/mi_robot_description:/home/laura_benitez/rosgame_ws/install/warrior_15:/home/laura_benitez/rosgame_ws/install/rosgame_msgs:/home/laura_benitez/rosgame_ws/install/rosgame_bridge:/home/laura_benitez/cypr_ws/install/navigation:/home/laura_benitez/cypr_ws/install/motion:/home/laura_benitez/cypr_ws/install/localization:/home/laura_benitez/cypr_ws/install/keyboard_control:/home/laura_benitez/cypr_ws/install/arm_controller:/opt/ros/humble'), ('WSLENV', '')]), 'shell': False}
[9.531928] (cuadriga_interfaces) StdoutLine: {'line': b'-- Install configuration: ""\n'}
[9.532740] (cuadriga_interfaces) StdoutLine: {'line': b'-- Installing: /home/laura_benitez/urdf_ws/install/cuadriga_interfaces/share/ament_index/resource_index/rosidl_interfaces/cuadriga_interfaces\n'}
[9.533966] (cuadriga_interfaces) StdoutLine: {'line': b'-- Installing: /home/laura_benitez/urdf_ws/install/cuadriga_interfaces/include/cuadriga_interfaces/cuadriga_interfaces\n'}
[9.534619] (cuadriga_interfaces) StdoutLine: {'line': b'-- Installing: /home/laura_benitez/urdf_ws/install/cuadriga_interfaces/include/cuadriga_interfaces/cuadriga_interfaces/msg\n'}
[9.534950] (cuadriga_interfaces) StdoutLine: {'line': b'-- Installing: /home/laura_benitez/urdf_ws/install/cuadriga_interfaces/include/cuadriga_interfaces/cuadriga_interfaces/msg/detail\n'}
[9.535284] (cuadriga_interfaces) StdoutLine: {'line': b'-- Installing: /home/laura_benitez/urdf_ws/install/cuadriga_interfaces/include/cuadriga_interfaces/cuadriga_interfaces/msg/detail/gpx_path__functions.c\n'}
[9.536585] (cuadriga_interfaces) StdoutLine: {'line': b'-- Installing: /home/laura_benitez/urdf_ws/install/cuadriga_interfaces/include/cuadriga_interfaces/cuadriga_interfaces/msg/detail/gpx_path__functions.h\n'}
[9.537900] (cuadriga_interfaces) StdoutLine: {'line': b'-- Installing: /home/laura_benitez/urdf_ws/install/cuadriga_interfaces/include/cuadriga_interfaces/cuadriga_interfaces/msg/detail/gpx_path__struct.h\n'}
[9.539256] (cuadriga_interfaces) StdoutLine: {'line': b'-- Installing: /home/laura_benitez/urdf_ws/install/cuadriga_interfaces/include/cuadriga_interfaces/cuadriga_interfaces/msg/detail/gpx_path__type_support.h\n'}
[9.540406] (cuadriga_interfaces) StdoutLine: {'line': b'-- Installing: /home/laura_benitez/urdf_ws/install/cuadriga_interfaces/include/cuadriga_interfaces/cuadriga_interfaces/msg/detail/gpx_point__functions.c\n'}
[9.541817] (cuadriga_interfaces) StdoutLine: {'line': b'-- Installing: /home/laura_benitez/urdf_ws/install/cuadriga_interfaces/include/cuadriga_interfaces/cuadriga_interfaces/msg/detail/gpx_point__functions.h\n'}
[9.543321] (cuadriga_interfaces) StdoutLine: {'line': b'-- Installing: /home/laura_benitez/urdf_ws/install/cuadriga_interfaces/include/cuadriga_interfaces/cuadriga_interfaces/msg/detail/gpx_point__struct.h\n'}
[9.544662] (cuadriga_interfaces) StdoutLine: {'line': b'-- Installing: /home/laura_benitez/urdf_ws/install/cuadriga_interfaces/include/cuadriga_interfaces/cuadriga_interfaces/msg/detail/gpx_point__type_support.h\n'}
[9.545956] (cuadriga_interfaces) StdoutLine: {'line': b'-- Installing: /home/laura_benitez/urdf_ws/install/cuadriga_interfaces/include/cuadriga_interfaces/cuadriga_interfaces/msg/gpx_path.h\n'}
[9.547142] (cuadriga_interfaces) StdoutLine: {'line': b'-- Installing: /home/laura_benitez/urdf_ws/install/cuadriga_interfaces/include/cuadriga_interfaces/cuadriga_interfaces/msg/gpx_point.h\n'}
[9.547329] (-) TimerEvent: {}
[9.548327] (cuadriga_interfaces) StdoutLine: {'line': b'-- Installing: /home/laura_benitez/urdf_ws/install/cuadriga_interfaces/include/cuadriga_interfaces/cuadriga_interfaces/msg/rosidl_generator_c__visibility_control.h\n'}
[9.550198] (cuadriga_interfaces) StdoutLine: {'line': b'-- Installing: /home/laura_benitez/urdf_ws/install/cuadriga_interfaces/share/cuadriga_interfaces/environment/library_path.sh\n'}
[9.551376] (cuadriga_interfaces) StdoutLine: {'line': b'-- Installing: /home/laura_benitez/urdf_ws/install/cuadriga_interfaces/share/cuadriga_interfaces/environment/library_path.dsv\n'}
[9.553026] (cuadriga_interfaces) StdoutLine: {'line': b'-- Installing: /home/laura_benitez/urdf_ws/install/cuadriga_interfaces/lib/libcuadriga_interfaces__rosidl_generator_c.so\n'}
[9.565190] (cuadriga_interfaces) StdoutLine: {'line': b'-- Set runtime path of "/home/laura_benitez/urdf_ws/install/cuadriga_interfaces/lib/libcuadriga_interfaces__rosidl_generator_c.so" to ""\n'}
[9.565519] (cuadriga_interfaces) StdoutLine: {'line': b'-- Up-to-date: /home/laura_benitez/urdf_ws/install/cuadriga_interfaces/include/cuadriga_interfaces/cuadriga_interfaces\n'}
[9.565692] (cuadriga_interfaces) StdoutLine: {'line': b'-- Up-to-date: /home/laura_benitez/urdf_ws/install/cuadriga_interfaces/include/cuadriga_interfaces/cuadriga_interfaces/msg\n'}
[9.565788] (cuadriga_interfaces) StdoutLine: {'line': b'-- Up-to-date: /home/laura_benitez/urdf_ws/install/cuadriga_interfaces/include/cuadriga_interfaces/cuadriga_interfaces/msg/detail\n'}
[9.565916] (cuadriga_interfaces) StdoutLine: {'line': b'-- Installing: /home/laura_benitez/urdf_ws/install/cuadriga_interfaces/include/cuadriga_interfaces/cuadriga_interfaces/msg/detail/gpx_path__rosidl_typesupport_fastrtps_c.h\n'}
[9.567330] (cuadriga_interfaces) StdoutLine: {'line': b'-- Installing: /home/laura_benitez/urdf_ws/install/cuadriga_interfaces/include/cuadriga_interfaces/cuadriga_interfaces/msg/detail/gpx_point__rosidl_typesupport_fastrtps_c.h\n'}
[9.568607] (cuadriga_interfaces) StdoutLine: {'line': b'-- Installing: /home/laura_benitez/urdf_ws/install/cuadriga_interfaces/include/cuadriga_interfaces/cuadriga_interfaces/msg/rosidl_typesupport_fastrtps_c__visibility_control.h\n'}
[9.570046] (cuadriga_interfaces) StdoutLine: {'line': b'-- Installing: /home/laura_benitez/urdf_ws/install/cuadriga_interfaces/lib/libcuadriga_interfaces__rosidl_typesupport_fastrtps_c.so\n'}
[9.581771] (cuadriga_interfaces) StdoutLine: {'line': b'-- Set runtime path of "/home/laura_benitez/urdf_ws/install/cuadriga_interfaces/lib/libcuadriga_interfaces__rosidl_typesupport_fastrtps_c.so" to ""\n'}
[9.582081] (cuadriga_interfaces) StdoutLine: {'line': b'-- Up-to-date: /home/laura_benitez/urdf_ws/install/cuadriga_interfaces/include/cuadriga_interfaces/cuadriga_interfaces\n'}
[9.582262] (cuadriga_interfaces) StdoutLine: {'line': b'-- Up-to-date: /home/laura_benitez/urdf_ws/install/cuadriga_interfaces/include/cuadriga_interfaces/cuadriga_interfaces/msg\n'}
[9.582370] (cuadriga_interfaces) StdoutLine: {'line': b'-- Up-to-date: /home/laura_benitez/urdf_ws/install/cuadriga_interfaces/include/cuadriga_interfaces/cuadriga_interfaces/msg/detail\n'}
[9.582490] (cuadriga_interfaces) StdoutLine: {'line': b'-- Installing: /home/laura_benitez/urdf_ws/install/cuadriga_interfaces/include/cuadriga_interfaces/cuadriga_interfaces/msg/detail/gpx_path__rosidl_typesupport_introspection_c.h\n'}
[9.583733] (cuadriga_interfaces) StdoutLine: {'line': b'-- Installing: /home/laura_benitez/urdf_ws/install/cuadriga_interfaces/include/cuadriga_interfaces/cuadriga_interfaces/msg/detail/gpx_path__type_support.c\n'}
[9.585174] (cuadriga_interfaces) StdoutLine: {'line': b'-- Installing: /home/laura_benitez/urdf_ws/install/cuadriga_interfaces/include/cuadriga_interfaces/cuadriga_interfaces/msg/detail/gpx_point__rosidl_typesupport_introspection_c.h\n'}
[9.586552] (cuadriga_interfaces) StdoutLine: {'line': b'-- Installing: /home/laura_benitez/urdf_ws/install/cuadriga_interfaces/include/cuadriga_interfaces/cuadriga_interfaces/msg/detail/gpx_point__type_support.c\n'}
[9.587943] (cuadriga_interfaces) StdoutLine: {'line': b'-- Installing: /home/laura_benitez/urdf_ws/install/cuadriga_interfaces/include/cuadriga_interfaces/cuadriga_interfaces/msg/rosidl_typesupport_introspection_c__visibility_control.h\n'}
[9.589554] (cuadriga_interfaces) StdoutLine: {'line': b'-- Installing: /home/laura_benitez/urdf_ws/install/cuadriga_interfaces/lib/libcuadriga_interfaces__rosidl_typesupport_introspection_c.so\n'}
[9.600934] (cuadriga_interfaces) StdoutLine: {'line': b'-- Set runtime path of "/home/laura_benitez/urdf_ws/install/cuadriga_interfaces/lib/libcuadriga_interfaces__rosidl_typesupport_introspection_c.so" to ""\n'}
[9.601255] (cuadriga_interfaces) StdoutLine: {'line': b'-- Installing: /home/laura_benitez/urdf_ws/install/cuadriga_interfaces/lib/libcuadriga_interfaces__rosidl_typesupport_c.so\n'}
[9.611847] (cuadriga_interfaces) StdoutLine: {'line': b'-- Set runtime path of "/home/laura_benitez/urdf_ws/install/cuadriga_interfaces/lib/libcuadriga_interfaces__rosidl_typesupport_c.so" to ""\n'}
[9.612105] (cuadriga_interfaces) StdoutLine: {'line': b'-- Up-to-date: /home/laura_benitez/urdf_ws/install/cuadriga_interfaces/include/cuadriga_interfaces/cuadriga_interfaces\n'}
[9.612242] (cuadriga_interfaces) StdoutLine: {'line': b'-- Up-to-date: /home/laura_benitez/urdf_ws/install/cuadriga_interfaces/include/cuadriga_interfaces/cuadriga_interfaces/msg\n'}
[9.612365] (cuadriga_interfaces) StdoutLine: {'line': b'-- Up-to-date: /home/laura_benitez/urdf_ws/install/cuadriga_interfaces/include/cuadriga_interfaces/cuadriga_interfaces/msg/detail\n'}
[9.612609] (cuadriga_interfaces) StdoutLine: {'line': b'-- Installing: /home/laura_benitez/urdf_ws/install/cuadriga_interfaces/include/cuadriga_interfaces/cuadriga_interfaces/msg/detail/gpx_path__builder.hpp\n'}
[9.614073] (cuadriga_interfaces) StdoutLine: {'line': b'-- Installing: /home/laura_benitez/urdf_ws/install/cuadriga_interfaces/include/cuadriga_interfaces/cuadriga_interfaces/msg/detail/gpx_path__struct.hpp\n'}
[9.615338] (cuadriga_interfaces) StdoutLine: {'line': b'-- Installing: /home/laura_benitez/urdf_ws/install/cuadriga_interfaces/include/cuadriga_interfaces/cuadriga_interfaces/msg/detail/gpx_path__traits.hpp\n'}
[9.616771] (cuadriga_interfaces) StdoutLine: {'line': b'-- Installing: /home/laura_benitez/urdf_ws/install/cuadriga_interfaces/include/cuadriga_interfaces/cuadriga_interfaces/msg/detail/gpx_path__type_support.hpp\n'}
[9.618003] (cuadriga_interfaces) StdoutLine: {'line': b'-- Installing: /home/laura_benitez/urdf_ws/install/cuadriga_interfaces/include/cuadriga_interfaces/cuadriga_interfaces/msg/detail/gpx_point__builder.hpp\n'}
[9.619403] (cuadriga_interfaces) StdoutLine: {'line': b'-- Installing: /home/laura_benitez/urdf_ws/install/cuadriga_interfaces/include/cuadriga_interfaces/cuadriga_interfaces/msg/detail/gpx_point__struct.hpp\n'}
[9.621182] (cuadriga_interfaces) StdoutLine: {'line': b'-- Installing: /home/laura_benitez/urdf_ws/install/cuadriga_interfaces/include/cuadriga_interfaces/cuadriga_interfaces/msg/detail/gpx_point__traits.hpp\n'}
[9.622830] (cuadriga_interfaces) StdoutLine: {'line': b'-- Installing: /home/laura_benitez/urdf_ws/install/cuadriga_interfaces/include/cuadriga_interfaces/cuadriga_interfaces/msg/detail/gpx_point__type_support.hpp\n'}
[9.624375] (cuadriga_interfaces) StdoutLine: {'line': b'-- Installing: /home/laura_benitez/urdf_ws/install/cuadriga_interfaces/include/cuadriga_interfaces/cuadriga_interfaces/msg/gpx_path.hpp\n'}
[9.625877] (cuadriga_interfaces) StdoutLine: {'line': b'-- Installing: /home/laura_benitez/urdf_ws/install/cuadriga_interfaces/include/cuadriga_interfaces/cuadriga_interfaces/msg/gpx_point.hpp\n'}
[9.627564] (cuadriga_interfaces) StdoutLine: {'line': b'-- Installing: /home/laura_benitez/urdf_ws/install/cuadriga_interfaces/include/cuadriga_interfaces/cuadriga_interfaces/msg/rosidl_generator_cpp__visibility_control.hpp\n'}
[9.629129] (cuadriga_interfaces) StdoutLine: {'line': b'-- Up-to-date: /home/laura_benitez/urdf_ws/install/cuadriga_interfaces/include/cuadriga_interfaces/cuadriga_interfaces\n'}
[9.629325] (cuadriga_interfaces) StdoutLine: {'line': b'-- Up-to-date: /home/laura_benitez/urdf_ws/install/cuadriga_interfaces/include/cuadriga_interfaces/cuadriga_interfaces/msg\n'}
[9.629468] (cuadriga_interfaces) StdoutLine: {'line': b'-- Up-to-date: /home/laura_benitez/urdf_ws/install/cuadriga_interfaces/include/cuadriga_interfaces/cuadriga_interfaces/msg/detail\n'}
[9.629610] (cuadriga_interfaces) StdoutLine: {'line': b'-- Installing: /home/laura_benitez/urdf_ws/install/cuadriga_interfaces/include/cuadriga_interfaces/cuadriga_interfaces/msg/detail/dds_fastrtps\n'}
[9.630014] (cuadriga_interfaces) StdoutLine: {'line': b'-- Installing: /home/laura_benitez/urdf_ws/install/cuadriga_interfaces/include/cuadriga_interfaces/cuadriga_interfaces/msg/detail/gpx_path__rosidl_typesupport_fastrtps_cpp.hpp\n'}
[9.631230] (cuadriga_interfaces) StdoutLine: {'line': b'-- Installing: /home/laura_benitez/urdf_ws/install/cuadriga_interfaces/include/cuadriga_interfaces/cuadriga_interfaces/msg/detail/gpx_point__rosidl_typesupport_fastrtps_cpp.hpp\n'}
[9.632704] (cuadriga_interfaces) StdoutLine: {'line': b'-- Installing: /home/laura_benitez/urdf_ws/install/cuadriga_interfaces/include/cuadriga_interfaces/cuadriga_interfaces/msg/rosidl_typesupport_fastrtps_cpp__visibility_control.h\n'}
[9.634002] (cuadriga_interfaces) StdoutLine: {'line': b'-- Installing: /home/laura_benitez/urdf_ws/install/cuadriga_interfaces/lib/libcuadriga_interfaces__rosidl_typesupport_fastrtps_cpp.so\n'}
[9.644367] (cuadriga_interfaces) StdoutLine: {'line': b'-- Set runtime path of "/home/laura_benitez/urdf_ws/install/cuadriga_interfaces/lib/libcuadriga_interfaces__rosidl_typesupport_fastrtps_cpp.so" to ""\n'}
[9.644663] (cuadriga_interfaces) StdoutLine: {'line': b'-- Up-to-date: /home/laura_benitez/urdf_ws/install/cuadriga_interfaces/include/cuadriga_interfaces/cuadriga_interfaces\n'}
[9.644824] (cuadriga_interfaces) StdoutLine: {'line': b'-- Up-to-date: /home/laura_benitez/urdf_ws/install/cuadriga_interfaces/include/cuadriga_interfaces/cuadriga_interfaces/msg\n'}
[9.644942] (cuadriga_interfaces) StdoutLine: {'line': b'-- Up-to-date: /home/laura_benitez/urdf_ws/install/cuadriga_interfaces/include/cuadriga_interfaces/cuadriga_interfaces/msg/detail\n'}
[9.645076] (cuadriga_interfaces) StdoutLine: {'line': b'-- Installing: /home/laura_benitez/urdf_ws/install/cuadriga_interfaces/include/cuadriga_interfaces/cuadriga_interfaces/msg/detail/gpx_path__rosidl_typesupport_introspection_cpp.hpp\n'}
[9.646588] (cuadriga_interfaces) StdoutLine: {'line': b'-- Installing: /home/laura_benitez/urdf_ws/install/cuadriga_interfaces/include/cuadriga_interfaces/cuadriga_interfaces/msg/detail/gpx_path__type_support.cpp\n'}
[9.647925] (cuadriga_interfaces) StdoutLine: {'line': b'-- Installing: /home/laura_benitez/urdf_ws/install/cuadriga_interfaces/include/cuadriga_interfaces/cuadriga_interfaces/msg/detail/gpx_point__rosidl_typesupport_introspection_cpp.hpp\n'}
[9.648148] (-) TimerEvent: {}
[9.649447] (cuadriga_interfaces) StdoutLine: {'line': b'-- Installing: /home/laura_benitez/urdf_ws/install/cuadriga_interfaces/include/cuadriga_interfaces/cuadriga_interfaces/msg/detail/gpx_point__type_support.cpp\n'}
[9.650837] (cuadriga_interfaces) StdoutLine: {'line': b'-- Installing: /home/laura_benitez/urdf_ws/install/cuadriga_interfaces/lib/libcuadriga_interfaces__rosidl_typesupport_introspection_cpp.so\n'}
[9.661873] (cuadriga_interfaces) StdoutLine: {'line': b'-- Set runtime path of "/home/laura_benitez/urdf_ws/install/cuadriga_interfaces/lib/libcuadriga_interfaces__rosidl_typesupport_introspection_cpp.so" to ""\n'}
[9.662250] (cuadriga_interfaces) StdoutLine: {'line': b'-- Installing: /home/laura_benitez/urdf_ws/install/cuadriga_interfaces/lib/libcuadriga_interfaces__rosidl_typesupport_cpp.so\n'}
[9.672777] (cuadriga_interfaces) StdoutLine: {'line': b'-- Set runtime path of "/home/laura_benitez/urdf_ws/install/cuadriga_interfaces/lib/libcuadriga_interfaces__rosidl_typesupport_cpp.so" to ""\n'}
[9.673091] (cuadriga_interfaces) StdoutLine: {'line': b'-- Installing: /home/laura_benitez/urdf_ws/install/cuadriga_interfaces/share/cuadriga_interfaces/environment/pythonpath.sh\n'}
[9.674159] (cuadriga_interfaces) StdoutLine: {'line': b'-- Installing: /home/laura_benitez/urdf_ws/install/cuadriga_interfaces/share/cuadriga_interfaces/environment/pythonpath.dsv\n'}
[9.675478] (cuadriga_interfaces) StdoutLine: {'line': b'-- Installing: /home/laura_benitez/urdf_ws/install/cuadriga_interfaces/local/lib/python3.10/dist-packages/cuadriga_interfaces-0.0.0-py3.10.egg-info\n'}
[9.676464] (cuadriga_interfaces) StdoutLine: {'line': b'-- Installing: /home/laura_benitez/urdf_ws/install/cuadriga_interfaces/local/lib/python3.10/dist-packages/cuadriga_interfaces-0.0.0-py3.10.egg-info/dependency_links.txt\n'}
[9.677644] (cuadriga_interfaces) StdoutLine: {'line': b'-- Installing: /home/laura_benitez/urdf_ws/install/cuadriga_interfaces/local/lib/python3.10/dist-packages/cuadriga_interfaces-0.0.0-py3.10.egg-info/PKG-INFO\n'}
[9.678959] (cuadriga_interfaces) StdoutLine: {'line': b'-- Installing: /home/laura_benitez/urdf_ws/install/cuadriga_interfaces/local/lib/python3.10/dist-packages/cuadriga_interfaces-0.0.0-py3.10.egg-info/SOURCES.txt\n'}
[9.680219] (cuadriga_interfaces) StdoutLine: {'line': b'-- Installing: /home/laura_benitez/urdf_ws/install/cuadriga_interfaces/local/lib/python3.10/dist-packages/cuadriga_interfaces-0.0.0-py3.10.egg-info/top_level.txt\n'}
[9.681586] (cuadriga_interfaces) StdoutLine: {'line': b'-- Installing: /home/laura_benitez/urdf_ws/install/cuadriga_interfaces/local/lib/python3.10/dist-packages/cuadriga_interfaces\n'}
[9.682135] (cuadriga_interfaces) StdoutLine: {'line': b'-- Installing: /home/laura_benitez/urdf_ws/install/cuadriga_interfaces/local/lib/python3.10/dist-packages/cuadriga_interfaces/cuadriga_interfaces_s__rosidl_typesupport_c.cpython-310-x86_64-linux-gnu.so\n'}
[9.683559] (cuadriga_interfaces) StdoutLine: {'line': b'-- Installing: /home/laura_benitez/urdf_ws/install/cuadriga_interfaces/local/lib/python3.10/dist-packages/cuadriga_interfaces/cuadriga_interfaces_s__rosidl_typesupport_fastrtps_c.cpython-310-x86_64-linux-gnu.so\n'}
[9.684962] (cuadriga_interfaces) StdoutLine: {'line': b'-- Installing: /home/laura_benitez/urdf_ws/install/cuadriga_interfaces/local/lib/python3.10/dist-packages/cuadriga_interfaces/cuadriga_interfaces_s__rosidl_typesupport_introspection_c.cpython-310-x86_64-linux-gnu.so\n'}
[9.686193] (cuadriga_interfaces) StdoutLine: {'line': b'-- Installing: /home/laura_benitez/urdf_ws/install/cuadriga_interfaces/local/lib/python3.10/dist-packages/cuadriga_interfaces/libcuadriga_interfaces__rosidl_generator_py.so\n'}
[9.687435] (cuadriga_interfaces) StdoutLine: {'line': b'-- Installing: /home/laura_benitez/urdf_ws/install/cuadriga_interfaces/local/lib/python3.10/dist-packages/cuadriga_interfaces/msg\n'}
[9.687852] (cuadriga_interfaces) StdoutLine: {'line': b'-- Installing: /home/laura_benitez/urdf_ws/install/cuadriga_interfaces/local/lib/python3.10/dist-packages/cuadriga_interfaces/msg/_gpx_path.py\n'}
[9.689234] (cuadriga_interfaces) StdoutLine: {'line': b'-- Installing: /home/laura_benitez/urdf_ws/install/cuadriga_interfaces/local/lib/python3.10/dist-packages/cuadriga_interfaces/msg/_gpx_path_s.c\n'}
[9.690602] (cuadriga_interfaces) StdoutLine: {'line': b'-- Installing: /home/laura_benitez/urdf_ws/install/cuadriga_interfaces/local/lib/python3.10/dist-packages/cuadriga_interfaces/msg/_gpx_point.py\n'}
[9.692101] (cuadriga_interfaces) StdoutLine: {'line': b'-- Installing: /home/laura_benitez/urdf_ws/install/cuadriga_interfaces/local/lib/python3.10/dist-packages/cuadriga_interfaces/msg/_gpx_point_s.c\n'}
[9.693411] (cuadriga_interfaces) StdoutLine: {'line': b'-- Installing: /home/laura_benitez/urdf_ws/install/cuadriga_interfaces/local/lib/python3.10/dist-packages/cuadriga_interfaces/msg/__init__.py\n'}
[9.694647] (cuadriga_interfaces) StdoutLine: {'line': b'-- Installing: /home/laura_benitez/urdf_ws/install/cuadriga_interfaces/local/lib/python3.10/dist-packages/cuadriga_interfaces/_cuadriga_interfaces_s.ep.rosidl_typesupport_c.c\n'}
[9.696020] (cuadriga_interfaces) StdoutLine: {'line': b'-- Installing: /home/laura_benitez/urdf_ws/install/cuadriga_interfaces/local/lib/python3.10/dist-packages/cuadriga_interfaces/_cuadriga_interfaces_s.ep.rosidl_typesupport_fastrtps_c.c\n'}
[9.697535] (cuadriga_interfaces) StdoutLine: {'line': b'-- Installing: /home/laura_benitez/urdf_ws/install/cuadriga_interfaces/local/lib/python3.10/dist-packages/cuadriga_interfaces/_cuadriga_interfaces_s.ep.rosidl_typesupport_introspection_c.c\n'}
[9.698970] (cuadriga_interfaces) StdoutLine: {'line': b'-- Installing: /home/laura_benitez/urdf_ws/install/cuadriga_interfaces/local/lib/python3.10/dist-packages/cuadriga_interfaces/__init__.py\n'}
[9.757909] (-) TimerEvent: {}
[9.764339] (cuadriga_interfaces) StdoutLine: {'line': b"Listing '/home/laura_benitez/urdf_ws/install/cuadriga_interfaces/local/lib/python3.10/dist-packages/cuadriga_interfaces'...\n"}
[9.764701] (cuadriga_interfaces) StdoutLine: {'line': b"Compiling '/home/laura_benitez/urdf_ws/install/cuadriga_interfaces/local/lib/python3.10/dist-packages/cuadriga_interfaces/__init__.py'...\n"}
[9.764898] (cuadriga_interfaces) StdoutLine: {'line': b"Listing '/home/laura_benitez/urdf_ws/install/cuadriga_interfaces/local/lib/python3.10/dist-packages/cuadriga_interfaces/msg'...\n"}
[9.765041] (cuadriga_interfaces) StdoutLine: {'line': b"Compiling '/home/laura_benitez/urdf_ws/install/cuadriga_interfaces/local/lib/python3.10/dist-packages/cuadriga_interfaces/msg/__init__.py'...\n"}
[9.765145] (cuadriga_interfaces) StdoutLine: {'line': b"Compiling '/home/laura_benitez/urdf_ws/install/cuadriga_interfaces/local/lib/python3.10/dist-packages/cuadriga_interfaces/msg/_gpx_path.py'...\n"}
[9.765230] (cuadriga_interfaces) StdoutLine: {'line': b"Compiling '/home/laura_benitez/urdf_ws/install/cuadriga_interfaces/local/lib/python3.10/dist-packages/cuadriga_interfaces/msg/_gpx_point.py'...\n"}
[9.772175] (cuadriga_interfaces) StdoutLine: {'line': b'-- Installing: /home/laura_benitez/urdf_ws/install/cuadriga_interfaces/local/lib/python3.10/dist-packages/cuadriga_interfaces/cuadriga_interfaces_s__rosidl_typesupport_fastrtps_c.cpython-310-x86_64-linux-gnu.so\n'}
[9.783073] (cuadriga_interfaces) StdoutLine: {'line': b'-- Set runtime path of "/home/laura_benitez/urdf_ws/install/cuadriga_interfaces/local/lib/python3.10/dist-packages/cuadriga_interfaces/cuadriga_interfaces_s__rosidl_typesupport_fastrtps_c.cpython-310-x86_64-linux-gnu.so" to ""\n'}
[9.783886] (cuadriga_interfaces) StdoutLine: {'line': b'-- Installing: /home/laura_benitez/urdf_ws/install/cuadriga_interfaces/local/lib/python3.10/dist-packages/cuadriga_interfaces/cuadriga_interfaces_s__rosidl_typesupport_introspection_c.cpython-310-x86_64-linux-gnu.so\n'}
[9.794513] (cuadriga_interfaces) StdoutLine: {'line': b'-- Set runtime path of "/home/laura_benitez/urdf_ws/install/cuadriga_interfaces/local/lib/python3.10/dist-packages/cuadriga_interfaces/cuadriga_interfaces_s__rosidl_typesupport_introspection_c.cpython-310-x86_64-linux-gnu.so" to ""\n'}
[9.795358] (cuadriga_interfaces) StdoutLine: {'line': b'-- Installing: /home/laura_benitez/urdf_ws/install/cuadriga_interfaces/local/lib/python3.10/dist-packages/cuadriga_interfaces/cuadriga_interfaces_s__rosidl_typesupport_c.cpython-310-x86_64-linux-gnu.so\n'}
[9.805740] (cuadriga_interfaces) StdoutLine: {'line': b'-- Set runtime path of "/home/laura_benitez/urdf_ws/install/cuadriga_interfaces/local/lib/python3.10/dist-packages/cuadriga_interfaces/cuadriga_interfaces_s__rosidl_typesupport_c.cpython-310-x86_64-linux-gnu.so" to ""\n'}
[9.806004] (cuadriga_interfaces) StdoutLine: {'line': b'-- Installing: /home/laura_benitez/urdf_ws/install/cuadriga_interfaces/lib/libcuadriga_interfaces__rosidl_generator_py.so\n'}
[9.815647] (cuadriga_interfaces) StdoutLine: {'line': b'-- Set runtime path of "/home/laura_benitez/urdf_ws/install/cuadriga_interfaces/lib/libcuadriga_interfaces__rosidl_generator_py.so" to ""\n'}
[9.816064] (cuadriga_interfaces) StdoutLine: {'line': b'-- Installing: /home/laura_benitez/urdf_ws/install/cuadriga_interfaces/share/cuadriga_interfaces/msg/GPXPath.idl\n'}
[9.817293] (cuadriga_interfaces) StdoutLine: {'line': b'-- Installing: /home/laura_benitez/urdf_ws/install/cuadriga_interfaces/share/cuadriga_interfaces/msg/GPXPoint.idl\n'}
[9.818411] (cuadriga_interfaces) StdoutLine: {'line': b'-- Installing: /home/laura_benitez/urdf_ws/install/cuadriga_interfaces/share/cuadriga_interfaces/msg/GPXPath.msg\n'}
[9.819544] (cuadriga_interfaces) StdoutLine: {'line': b'-- Installing: /home/laura_benitez/urdf_ws/install/cuadriga_interfaces/share/cuadriga_interfaces/msg/GPXPoint.msg\n'}
[9.821045] (cuadriga_interfaces) StdoutLine: {'line': b'-- Installing: /home/laura_benitez/urdf_ws/install/cuadriga_interfaces/share/ament_index/resource_index/package_run_dependencies/cuadriga_interfaces\n'}
[9.822499] (cuadriga_interfaces) StdoutLine: {'line': b'-- Installing: /home/laura_benitez/urdf_ws/install/cuadriga_interfaces/share/ament_index/resource_index/parent_prefix_path/cuadriga_interfaces\n'}
[9.823635] (cuadriga_interfaces) StdoutLine: {'line': b'-- Installing: /home/laura_benitez/urdf_ws/install/cuadriga_interfaces/share/cuadriga_interfaces/environment/ament_prefix_path.sh\n'}
[9.824759] (cuadriga_interfaces) StdoutLine: {'line': b'-- Installing: /home/laura_benitez/urdf_ws/install/cuadriga_interfaces/share/cuadriga_interfaces/environment/ament_prefix_path.dsv\n'}
[9.825986] (cuadriga_interfaces) StdoutLine: {'line': b'-- Installing: /home/laura_benitez/urdf_ws/install/cuadriga_interfaces/share/cuadriga_interfaces/environment/path.sh\n'}
[9.827129] (cuadriga_interfaces) StdoutLine: {'line': b'-- Installing: /home/laura_benitez/urdf_ws/install/cuadriga_interfaces/share/cuadriga_interfaces/environment/path.dsv\n'}
[9.828323] (cuadriga_interfaces) StdoutLine: {'line': b'-- Installing: /home/laura_benitez/urdf_ws/install/cuadriga_interfaces/share/cuadriga_interfaces/local_setup.bash\n'}
[9.829980] (cuadriga_interfaces) StdoutLine: {'line': b'-- Installing: /home/laura_benitez/urdf_ws/install/cuadriga_interfaces/share/cuadriga_interfaces/local_setup.sh\n'}
[9.831490] (cuadriga_interfaces) StdoutLine: {'line': b'-- Installing: /home/laura_benitez/urdf_ws/install/cuadriga_interfaces/share/cuadriga_interfaces/local_setup.zsh\n'}
[9.832609] (cuadriga_interfaces) StdoutLine: {'line': b'-- Installing: /home/laura_benitez/urdf_ws/install/cuadriga_interfaces/share/cuadriga_interfaces/local_setup.dsv\n'}
[9.833637] (cuadriga_interfaces) StdoutLine: {'line': b'-- Installing: /home/laura_benitez/urdf_ws/install/cuadriga_interfaces/share/cuadriga_interfaces/package.dsv\n'}
[9.834914] (cuadriga_interfaces) StdoutLine: {'line': b'-- Installing: /home/laura_benitez/urdf_ws/install/cuadriga_interfaces/share/ament_index/resource_index/packages/cuadriga_interfaces\n'}
[9.836206] (cuadriga_interfaces) StdoutLine: {'line': b'-- Installing: /home/laura_benitez/urdf_ws/install/cuadriga_interfaces/share/cuadriga_interfaces/cmake/export_cuadriga_interfaces__rosidl_generator_cExport.cmake\n'}
[9.837440] (cuadriga_interfaces) StdoutLine: {'line': b'-- Installing: /home/laura_benitez/urdf_ws/install/cuadriga_interfaces/share/cuadriga_interfaces/cmake/export_cuadriga_interfaces__rosidl_generator_cExport-noconfig.cmake\n'}
[9.838806] (cuadriga_interfaces) StdoutLine: {'line': b'-- Installing: /home/laura_benitez/urdf_ws/install/cuadriga_interfaces/share/cuadriga_interfaces/cmake/export_cuadriga_interfaces__rosidl_typesupport_fastrtps_cExport.cmake\n'}
[9.839950] (cuadriga_interfaces) StdoutLine: {'line': b'-- Installing: /home/laura_benitez/urdf_ws/install/cuadriga_interfaces/share/cuadriga_interfaces/cmake/export_cuadriga_interfaces__rosidl_typesupport_fastrtps_cExport-noconfig.cmake\n'}
[9.841154] (cuadriga_interfaces) StdoutLine: {'line': b'-- Installing: /home/laura_benitez/urdf_ws/install/cuadriga_interfaces/share/cuadriga_interfaces/cmake/cuadriga_interfaces__rosidl_typesupport_introspection_cExport.cmake\n'}
[9.842363] (cuadriga_interfaces) StdoutLine: {'line': b'-- Installing: /home/laura_benitez/urdf_ws/install/cuadriga_interfaces/share/cuadriga_interfaces/cmake/cuadriga_interfaces__rosidl_typesupport_introspection_cExport-noconfig.cmake\n'}
[9.843585] (cuadriga_interfaces) StdoutLine: {'line': b'-- Installing: /home/laura_benitez/urdf_ws/install/cuadriga_interfaces/share/cuadriga_interfaces/cmake/cuadriga_interfaces__rosidl_typesupport_cExport.cmake\n'}
[9.844777] (cuadriga_interfaces) StdoutLine: {'line': b'-- Installing: /home/laura_benitez/urdf_ws/install/cuadriga_interfaces/share/cuadriga_interfaces/cmake/cuadriga_interfaces__rosidl_typesupport_cExport-noconfig.cmake\n'}
[9.846074] (cuadriga_interfaces) StdoutLine: {'line': b'-- Installing: /home/laura_benitez/urdf_ws/install/cuadriga_interfaces/share/cuadriga_interfaces/cmake/export_cuadriga_interfaces__rosidl_generator_cppExport.cmake\n'}
[9.847310] (cuadriga_interfaces) StdoutLine: {'line': b'-- Installing: /home/laura_benitez/urdf_ws/install/cuadriga_interfaces/share/cuadriga_interfaces/cmake/export_cuadriga_interfaces__rosidl_typesupport_fastrtps_cppExport.cmake\n'}
[9.848542] (cuadriga_interfaces) StdoutLine: {'line': b'-- Installing: /home/laura_benitez/urdf_ws/install/cuadriga_interfaces/share/cuadriga_interfaces/cmake/export_cuadriga_interfaces__rosidl_typesupport_fastrtps_cppExport-noconfig.cmake\n'}
[9.849752] (cuadriga_interfaces) StdoutLine: {'line': b'-- Installing: /home/laura_benitez/urdf_ws/install/cuadriga_interfaces/share/cuadriga_interfaces/cmake/cuadriga_interfaces__rosidl_typesupport_introspection_cppExport.cmake\n'}
[9.850957] (cuadriga_interfaces) StdoutLine: {'line': b'-- Installing: /home/laura_benitez/urdf_ws/install/cuadriga_interfaces/share/cuadriga_interfaces/cmake/cuadriga_interfaces__rosidl_typesupport_introspection_cppExport-noconfig.cmake\n'}
[9.852724] (cuadriga_interfaces) StdoutLine: {'line': b'-- Installing: /home/laura_benitez/urdf_ws/install/cuadriga_interfaces/share/cuadriga_interfaces/cmake/cuadriga_interfaces__rosidl_typesupport_cppExport.cmake\n'}
[9.853876] (cuadriga_interfaces) StdoutLine: {'line': b'-- Installing: /home/laura_benitez/urdf_ws/install/cuadriga_interfaces/share/cuadriga_interfaces/cmake/cuadriga_interfaces__rosidl_typesupport_cppExport-noconfig.cmake\n'}
[9.855174] (cuadriga_interfaces) StdoutLine: {'line': b'-- Installing: /home/laura_benitez/urdf_ws/install/cuadriga_interfaces/share/cuadriga_interfaces/cmake/export_cuadriga_interfaces__rosidl_generator_pyExport.cmake\n'}
[9.856441] (cuadriga_interfaces) StdoutLine: {'line': b'-- Installing: /home/laura_benitez/urdf_ws/install/cuadriga_interfaces/share/cuadriga_interfaces/cmake/export_cuadriga_interfaces__rosidl_generator_pyExport-noconfig.cmake\n'}
[9.857628] (cuadriga_interfaces) StdoutLine: {'line': b'-- Installing: /home/laura_benitez/urdf_ws/install/cuadriga_interfaces/share/cuadriga_interfaces/cmake/rosidl_cmake-extras.cmake\n'}
[9.858681] (cuadriga_interfaces) StdoutLine: {'line': b'-- Installing: /home/laura_benitez/urdf_ws/install/cuadriga_interfaces/share/cuadriga_interfaces/cmake/ament_cmake_export_dependencies-extras.cmake\n'}
[9.858808] (-) TimerEvent: {}
[9.859833] (cuadriga_interfaces) StdoutLine: {'line': b'-- Installing: /home/laura_benitez/urdf_ws/install/cuadriga_interfaces/share/cuadriga_interfaces/cmake/ament_cmake_export_include_directories-extras.cmake\n'}
[9.860944] (cuadriga_interfaces) StdoutLine: {'line': b'-- Installing: /home/laura_benitez/urdf_ws/install/cuadriga_interfaces/share/cuadriga_interfaces/cmake/ament_cmake_export_libraries-extras.cmake\n'}
[9.862341] (cuadriga_interfaces) StdoutLine: {'line': b'-- Installing: /home/laura_benitez/urdf_ws/install/cuadriga_interfaces/share/cuadriga_interfaces/cmake/ament_cmake_export_targets-extras.cmake\n'}
[9.864014] (cuadriga_interfaces) StdoutLine: {'line': b'-- Installing: /home/laura_benitez/urdf_ws/install/cuadriga_interfaces/share/cuadriga_interfaces/cmake/rosidl_cmake_export_typesupport_targets-extras.cmake\n'}
[9.865215] (cuadriga_interfaces) StdoutLine: {'line': b'-- Installing: /home/laura_benitez/urdf_ws/install/cuadriga_interfaces/share/cuadriga_interfaces/cmake/rosidl_cmake_export_typesupport_libraries-extras.cmake\n'}
[9.866294] (cuadriga_interfaces) StdoutLine: {'line': b'-- Installing: /home/laura_benitez/urdf_ws/install/cuadriga_interfaces/share/cuadriga_interfaces/cmake/cuadriga_interfacesConfig.cmake\n'}
[9.867358] (cuadriga_interfaces) StdoutLine: {'line': b'-- Installing: /home/laura_benitez/urdf_ws/install/cuadriga_interfaces/share/cuadriga_interfaces/cmake/cuadriga_interfacesConfig-version.cmake\n'}
[9.868420] (cuadriga_interfaces) StdoutLine: {'line': b'-- Installing: /home/laura_benitez/urdf_ws/install/cuadriga_interfaces/share/cuadriga_interfaces/package.xml\n'}
[9.873176] (cuadriga_interfaces) CommandEnded: {'returncode': 0}
[9.906687] (cuadriga_interfaces) JobEnded: {'identifier': 'cuadriga_interfaces', 'rc': 0}
[9.909734] (cuadriga) JobStarted: {'identifier': 'cuadriga'}
[9.953079] (cuadriga) JobProgress: {'identifier': 'cuadriga', 'progress': 'cmake'}
[9.955012] (cuadriga) Command: {'cmd': ['/usr/bin/cmake', '/home/laura_benitez/urdf_ws/src/cuadriga', '-DCMAKE_INSTALL_PREFIX=/home/laura_benitez/urdf_ws/install/cuadriga'], 'cwd': '/home/laura_benitez/urdf_ws/build/cuadriga', 'env': OrderedDict([('LESSOPEN', '| /usr/bin/lesspipe %s'), ('USER', 'laura_benitez'), ('SHLVL', '1'), ('LD_LIBRARY_PATH', '/home/laura_benitez/urdf_ws/install/cuadriga_interfaces/lib:/home/laura_benitez/rosgame_ws/install/rosgame_msgs/lib:/home/laura_benitez/rosgame_ws/install/rosgame_bridge/lib:/home/laura_benitez/cypr_ws/install/navigation/lib:/home/laura_benitez/cypr_ws/install/localization/lib:/opt/ros/humble/opt/rviz_ogre_vendor/lib:/opt/ros/humble/lib/x86_64-linux-gnu:/opt/ros/humble/lib'), ('HOME', '/home/laura_benitez'), ('OLDPWD', '/home/laura_benitez'), ('ROS_PYTHON_VERSION', '3'), ('WSL_DISTRO_NAME', 'Ubuntu'), ('COLCON_PREFIX_PATH', '/home/laura_benitez/rosgame_ws/install:/home/laura_benitez/cypr_ws/install:/home/laura_benitez/test_ws/install'), ('ROS_DISTRO', 'humble'), ('LOGNAME', 'laura_benitez'), ('NAME', 'DESKTOP-4ER2JO7'), ('_', '/usr/bin/colcon'), ('ROS_VERSION', '2'), ('TERM', 'xterm-256color'), ('LIBGL_ALWAYS_INDIRECT', '1'), ('ROS_LOCALHOST_ONLY', '0'), ('PATH', '/home/laura_benitez/.local/bin:/opt/ros/humble/bin:/usr/local/sbin:/usr/local/bin:/usr/sbin:/usr/bin:/sbin:/bin:/usr/games:/usr/local/games:/mnt/c/Program Files/WindowsApps/CanonicalGroupLimited.Ubuntu_2404.1.68.0_x64__79rhkp1fndgsc:/mnt/c/TwinCAT/Common64:/mnt/c/TwinCAT/Common32:/mnt/c/WINDOWS/system32:/mnt/c/WINDOWS:/mnt/c/WINDOWS/System32/Wbem:/mnt/c/WINDOWS/System32/WindowsPowerShell/v1.0/:/mnt/c/WINDOWS/System32/OpenSSH/:/mnt/c/Program Files/dotnet/:/mnt/c/Program Files (x86)/dotnet/:/mnt/c/Program Files (x86)/Windows Kits/10/Windows Performance Toolkit/:/mnt/c/Program Files (x86)/IVI Foundation/VISA/WinNT/Bin/:/mnt/c/Program Files/IVI Foundation/VISA/Win64/Bin/:/mnt/c/Program Files (x86)/IVI Foundation/VISA/WinNT/Bin:/mnt/c/Program Files (x86)/IVI Foundation/IVI/Bin/:/mnt/c/Program Files/IVI Foundation/IVI/Bin/:/mnt/c/Program Files (x86)/National Instruments/Shared/LabVIEW CLI:/mnt/c/Program Files/MATLAB/R2025a/bin:/mnt/c/Program Files/Git/cmd:/mnt/c/Users/laura/AppData/Local/Microsoft/WindowsApps:/mnt/c/Users/laura/AppData/Local/Programs/Microsoft VS Code/bin:/snap/bin'), ('DISPLAY', ':0'), ('LANG', 'en_US.UTF-8'), ('LS_COLORS', 'rs=0:di=01;34:ln=01;36:mh=00:pi=40;33:so=01;35:do=01;35:bd=40;33;01:cd=40;33;01:or=40;31;01:mi=00:su=37;41:sg=30;43:ca=30;41:tw=30;42:ow=34;42:st=37;44:ex=01;32:*.tar=01;31:*.tgz=01;31:*.arc=01;31:*.arj=01;31:*.taz=01;31:*.lha=01;31:*.lz4=01;31:*.lzh=01;31:*.lzma=01;31:*.tlz=01;31:*.txz=01;31:*.tzo=01;31:*.t7z=01;31:*.zip=01;31:*.z=01;31:*.dz=01;31:*.gz=01;31:*.lrz=01;31:*.lz=01;31:*.lzo=01;31:*.xz=01;31:*.zst=01;31:*.tzst=01;31:*.bz2=01;31:*.bz=01;31:*.tbz=01;31:*.tbz2=01;31:*.tz=01;31:*.deb=01;31:*.rpm=01;31:*.jar=01;31:*.war=01;31:*.ear=01;31:*.sar=01;31:*.rar=01;31:*.alz=01;31:*.ace=01;31:*.zoo=01;31:*.cpio=01;31:*.7z=01;31:*.rz=01;31:*.cab=01;31:*.wim=01;31:*.swm=01;31:*.dwm=01;31:*.esd=01;31:*.jpg=01;35:*.jpeg=01;35:*.mjpg=01;35:*.mjpeg=01;35:*.gif=01;35:*.bmp=01;35:*.pbm=01;35:*.pgm=01;35:*.ppm=01;35:*.tga=01;35:*.xbm=01;35:*.xpm=01;35:*.tif=01;35:*.tiff=01;35:*.png=01;35:*.svg=01;35:*.svgz=01;35:*.mng=01;35:*.pcx=01;35:*.mov=01;35:*.mpg=01;35:*.mpeg=01;35:*.m2v=01;35:*.mkv=01;35:*.webm=01;35:*.webp=01;35:*.ogm=01;35:*.mp4=01;35:*.m4v=01;35:*.mp4v=01;35:*.vob=01;35:*.qt=01;35:*.nuv=01;35:*.wmv=01;35:*.asf=01;35:*.rm=01;35:*.rmvb=01;35:*.flc=01;35:*.avi=01;35:*.fli=01;35:*.flv=01;35:*.gl=01;35:*.dl=01;35:*.xcf=01;35:*.xwd=01;35:*.yuv=01;35:*.cgm=01;35:*.emf=01;35:*.ogv=01;35:*.ogx=01;35:*.aac=00;36:*.au=00;36:*.flac=00;36:*.m4a=00;36:*.mid=00;36:*.midi=00;36:*.mka=00;36:*.mp3=00;36:*.mpc=00;36:*.ogg=00;36:*.ra=00;36:*.wav=00;36:*.oga=00;36:*.opus=00;36:*.spx=00;36:*.xspf=00;36:'), ('AMENT_PREFIX_PATH', '/home/laura_benitez/urdf_ws/install/cuadriga_interfaces:/home/laura_benitez/test_ws/install/mi_robot_description:/home/laura_benitez/rosgame_ws/install/warrior_15:/home/laura_benitez/rosgame_ws/install/rosgame_msgs:/home/laura_benitez/rosgame_ws/install/rosgame_bridge:/home/laura_benitez/cypr_ws/install/navigation:/home/laura_benitez/cypr_ws/install/motion:/home/laura_benitez/cypr_ws/install/localization:/home/laura_benitez/cypr_ws/install/keyboard_control:/home/laura_benitez/cypr_ws/install/arm_controller:/opt/ros/humble'), ('SHELL', '/bin/bash'), ('LESSCLOSE', '/usr/bin/lesspipe %s %s'), ('PWD', '/home/laura_benitez/urdf_ws/build/cuadriga'), ('QT_QPA_PLATFORM', 'xcb'), ('XDG_DATA_DIRS', '/usr/local/share:/usr/share:/var/lib/snapd/desktop'), ('PYTHONPATH', '/home/laura_benitez/urdf_ws/install/cuadriga_interfaces/local/lib/python3.10/dist-packages:/home/laura_benitez/rosgame_ws/install/rosgame_msgs/local/lib/python3.10/dist-packages:/home/laura_benitez/rosgame_ws/install/rosgame_bridge/local/lib/python3.10/dist-packages:/home/laura_benitez/cypr_ws/install/navigation/local/lib/python3.10/dist-packages:/home/laura_benitez/cypr_ws/install/localization/local/lib/python3.10/dist-packages:/home/laura_benitez/cypr_ws/install/arm_controller/lib/python3.10/site-packages:/opt/ros/humble/lib/python3.10/site-packages:/opt/ros/humble/local/lib/python3.10/dist-packages'), ('COLCON', '1'), ('HOSTTYPE', 'x86_64'), ('CMAKE_PREFIX_PATH', '/home/laura_benitez/urdf_ws/install/cuadriga_interfaces:/home/laura_benitez/test_ws/install/mi_robot_description:/home/laura_benitez/rosgame_ws/install/warrior_15:/home/laura_benitez/rosgame_ws/install/rosgame_msgs:/home/laura_benitez/rosgame_ws/install/rosgame_bridge:/home/laura_benitez/cypr_ws/install/navigation:/home/laura_benitez/cypr_ws/install/motion:/home/laura_benitez/cypr_ws/install/localization:/home/laura_benitez/cypr_ws/install/keyboard_control:/home/laura_benitez/cypr_ws/install/arm_controller:/opt/ros/humble'), ('WSLENV', '')]), 'shell': False}
[9.958939] (-) TimerEvent: {}
[10.064502] (-) TimerEvent: {}
[10.138650] (cuadriga) StdoutLine: {'line': b'-- The C compiler identification is GNU 11.4.0\n'}
[10.168619] (-) TimerEvent: {}
[10.273854] (-) TimerEvent: {}
[10.290102] (cuadriga) StdoutLine: {'line': b'-- The CXX compiler identification is GNU 11.4.0\n'}
[10.334343] (cuadriga) StdoutLine: {'line': b'-- Detecting C compiler ABI info\n'}
[10.378191] (-) TimerEvent: {}
[10.483118] (-) TimerEvent: {}
[10.585950] (cuadriga) StdoutLine: {'line': b'-- Detecting C compiler ABI info - done\n'}
[10.586245] (-) TimerEvent: {}
[10.596110] (cuadriga) StdoutLine: {'line': b'-- Check for working C compiler: /usr/bin/cc - skipped\n'}
[10.596421] (cuadriga) StdoutLine: {'line': b'-- Detecting C compile features\n'}
[10.596864] (cuadriga) StdoutLine: {'line': b'-- Detecting C compile features - done\n'}
[10.604983] (cuadriga) StdoutLine: {'line': b'-- Detecting CXX compiler ABI info\n'}
[10.690330] (-) TimerEvent: {}
[10.788007] (joy) StdoutLine: {'line': b'[ 66%] \x1b[32m\x1b[1mLinking CXX executable joy_enumerate_devices\x1b[0m\n'}
[10.794650] (-) TimerEvent: {}
[10.862665] (cuadriga) StdoutLine: {'line': b'-- Detecting CXX compiler ABI info - done\n'}
[10.873696] (cuadriga) StdoutLine: {'line': b'-- Check for working CXX compiler: /usr/bin/c++ - skipped\n'}
[10.874035] (cuadriga) StdoutLine: {'line': b'-- Detecting CXX compile features\n'}
[10.874528] (cuadriga) StdoutLine: {'line': b'-- Detecting CXX compile features - done\n'}
[10.889707] (cuadriga) StdoutLine: {'line': b'-- Found ament_cmake: 1.3.11 (/opt/ros/humble/share/ament_cmake/cmake)\n'}
[10.898515] (-) TimerEvent: {}
[11.009845] (-) TimerEvent: {}
[11.118966] (-) TimerEvent: {}
[11.168683] (cuadriga) StdoutLine: {'line': b'-- Found Python3: /usr/bin/python3 (found version "3.10.12") found components: Interpreter \n'}
[11.224176] (-) TimerEvent: {}
[11.253404] (joy) StdoutLine: {'line': b'[ 66%] Built target joy_enumerate_devices\n'}
[11.328879] (-) TimerEvent: {}
[11.433578] (-) TimerEvent: {}
[11.438353] (cuadriga) StdoutLine: {'line': b'-- Found rclcpp: 16.0.11 (/opt/ros/humble/share/rclcpp/cmake)\n'}
[11.537418] (-) TimerEvent: {}
[11.589156] (cuadriga) StdoutLine: {'line': b'-- Found rosidl_generator_c: 3.1.6 (/opt/ros/humble/share/rosidl_generator_c/cmake)\n'}
[11.610829] (cuadriga) StdoutLine: {'line': b'-- Found rosidl_adapter: 3.1.6 (/opt/ros/humble/share/rosidl_adapter/cmake)\n'}
[11.638028] (cuadriga) StdoutLine: {'line': b'-- Found rosidl_generator_cpp: 3.1.6 (/opt/ros/humble/share/rosidl_generator_cpp/cmake)\n'}
[11.638222] (-) TimerEvent: {}
[11.670117] (cuadriga) StdoutLine: {'line': b'-- Using all available rosidl_typesupport_c: rosidl_typesupport_fastrtps_c;rosidl_typesupport_introspection_c\n'}
[11.713899] (cuadriga) StdoutLine: {'line': b'-- Using all available rosidl_typesupport_cpp: rosidl_typesupport_fastrtps_cpp;rosidl_typesupport_introspection_cpp\n'}
[11.747171] (-) TimerEvent: {}
[11.846264] (cuadriga) StdoutLine: {'line': b'-- Found rmw_implementation_cmake: 6.1.2 (/opt/ros/humble/share/rmw_implementation_cmake/cmake)\n'}
[11.855082] (-) TimerEvent: {}
[11.858007] (cuadriga) StdoutLine: {'line': b'-- Found rmw_fastrtps_cpp: 6.2.7 (/opt/ros/humble/share/rmw_fastrtps_cpp/cmake)\n'}
[11.959816] (-) TimerEvent: {}
[12.077461] (-) TimerEvent: {}
[12.182472] (-) TimerEvent: {}
[12.256589] (cuadriga) StdoutLine: {'line': b'-- Found OpenSSL: /usr/lib/x86_64-linux-gnu/libcrypto.so (found version "3.0.2")  \n'}
[12.294221] (-) TimerEvent: {}
[12.375938] (cuadriga) StdoutLine: {'line': b'-- Found FastRTPS: /opt/ros/humble/include  \n'}
[12.398348] (-) TimerEvent: {}
[12.509217] (-) TimerEvent: {}
[12.585577] (cuadriga) StdoutLine: {'line': b"-- Using RMW implementation 'rmw_fastrtps_cpp' as default\n"}
[12.617414] (-) TimerEvent: {}
[12.622118] (cuadriga) StdoutLine: {'line': b'-- Looking for pthread.h\n'}
[12.724057] (-) TimerEvent: {}
[12.829102] (-) TimerEvent: {}
[12.870238] (cuadriga) StdoutLine: {'line': b'-- Looking for pthread.h - found\n'}
[12.871457] (cuadriga) StdoutLine: {'line': b'-- Performing Test CMAKE_HAVE_LIBC_PTHREAD\n'}
[12.933207] (-) TimerEvent: {}
[13.037217] (-) TimerEvent: {}
[13.114761] (cuadriga) StdoutLine: {'line': b'-- Performing Test CMAKE_HAVE_LIBC_PTHREAD - Success\n'}
[13.116379] (cuadriga) StdoutLine: {'line': b'-- Found Threads: TRUE  \n'}
[13.148226] (-) TimerEvent: {}
[13.215249] (cuadriga) StdoutLine: {'line': b'-- Found geometry_msgs: 4.2.4 (/opt/ros/humble/share/geometry_msgs/cmake)\n'}
[13.239109] (cuadriga) StdoutLine: {'line': b'-- Found sensor_msgs: 4.2.4 (/opt/ros/humble/share/sensor_msgs/cmake)\n'}
[13.251671] (-) TimerEvent: {}
[13.270990] (cuadriga) StdoutLine: {'line': b'-- Found GeographicLib: /usr/lib/x86_64-linux-gnu  \n'}
[13.272311] (cuadriga) StdoutLine: {'line': b'-- Found cuadriga_interfaces: 0.0.0 (/home/laura_benitez/urdf_ws/install/cuadriga_interfaces/share/cuadriga_interfaces/cmake)\n'}
[13.298594] (cuadriga) StdoutLine: {'line': b'-- Found ament_lint_auto: 0.12.11 (/opt/ros/humble/share/ament_lint_auto/cmake)\n'}
[13.356725] (-) TimerEvent: {}
[13.460977] (-) TimerEvent: {}
[13.493271] (cuadriga) StdoutLine: {'line': b"-- Added test 'cppcheck' to perform static code analysis on C / C++ code\n"}
[13.493540] (cuadriga) StdoutLine: {'line': b'-- Configured cppcheck include dirs: /home/laura_benitez/urdf_ws/src/cuadriga/include\n'}
[13.493656] (cuadriga) StdoutLine: {'line': b'-- Configured cppcheck exclude dirs and/or files: \n'}
[13.496413] (cuadriga) StdoutLine: {'line': b"-- Added test 'flake8' to check Python code syntax and style conventions\n"}
[13.499505] (cuadriga) StdoutLine: {'line': b"-- Added test 'lint_cmake' to check CMake code style\n"}
[13.502103] (cuadriga) StdoutLine: {'line': b"-- Added test 'pep257' to check Python code against some of the docstring style conventions in PEP 257\n"}
[13.507180] (cuadriga) StdoutLine: {'line': b"-- Added test 'uncrustify' to check C / C++ code style\n"}
[13.507366] (cuadriga) StdoutLine: {'line': b'-- Configured uncrustify additional arguments: \n'}
[13.509759] (cuadriga) StdoutLine: {'line': b"-- Added test 'xmllint' to check XML markup files\n"}
[13.528452] (cuadriga) StdoutLine: {'line': b'-- Configuring done\n'}
[13.565604] (-) TimerEvent: {}
[13.571417] (cuadriga) StdoutLine: {'line': b'-- Generating done\n'}
[13.641142] (cuadriga) StdoutLine: {'line': b'-- Build files have been written to: /home/laura_benitez/urdf_ws/build/cuadriga\n'}
[13.651571] (cuadriga) CommandEnded: {'returncode': 0}
[13.652131] (cuadriga) JobProgress: {'identifier': 'cuadriga', 'progress': 'build'}
[13.652492] (cuadriga) Command: {'cmd': ['/usr/bin/cmake', '--build', '/home/laura_benitez/urdf_ws/build/cuadriga', '--', '-j16', '-l16'], 'cwd': '/home/laura_benitez/urdf_ws/build/cuadriga', 'env': OrderedDict([('LESSOPEN', '| /usr/bin/lesspipe %s'), ('USER', 'laura_benitez'), ('SHLVL', '1'), ('LD_LIBRARY_PATH', '/home/laura_benitez/urdf_ws/install/cuadriga_interfaces/lib:/home/laura_benitez/rosgame_ws/install/rosgame_msgs/lib:/home/laura_benitez/rosgame_ws/install/rosgame_bridge/lib:/home/laura_benitez/cypr_ws/install/navigation/lib:/home/laura_benitez/cypr_ws/install/localization/lib:/opt/ros/humble/opt/rviz_ogre_vendor/lib:/opt/ros/humble/lib/x86_64-linux-gnu:/opt/ros/humble/lib'), ('HOME', '/home/laura_benitez'), ('OLDPWD', '/home/laura_benitez'), ('ROS_PYTHON_VERSION', '3'), ('WSL_DISTRO_NAME', 'Ubuntu'), ('COLCON_PREFIX_PATH', '/home/laura_benitez/rosgame_ws/install:/home/laura_benitez/cypr_ws/install:/home/laura_benitez/test_ws/install'), ('ROS_DISTRO', 'humble'), ('LOGNAME', 'laura_benitez'), ('NAME', 'DESKTOP-4ER2JO7'), ('_', '/usr/bin/colcon'), ('ROS_VERSION', '2'), ('TERM', 'xterm-256color'), ('LIBGL_ALWAYS_INDIRECT', '1'), ('ROS_LOCALHOST_ONLY', '0'), ('PATH', '/home/laura_benitez/.local/bin:/opt/ros/humble/bin:/usr/local/sbin:/usr/local/bin:/usr/sbin:/usr/bin:/sbin:/bin:/usr/games:/usr/local/games:/mnt/c/Program Files/WindowsApps/CanonicalGroupLimited.Ubuntu_2404.1.68.0_x64__79rhkp1fndgsc:/mnt/c/TwinCAT/Common64:/mnt/c/TwinCAT/Common32:/mnt/c/WINDOWS/system32:/mnt/c/WINDOWS:/mnt/c/WINDOWS/System32/Wbem:/mnt/c/WINDOWS/System32/WindowsPowerShell/v1.0/:/mnt/c/WINDOWS/System32/OpenSSH/:/mnt/c/Program Files/dotnet/:/mnt/c/Program Files (x86)/dotnet/:/mnt/c/Program Files (x86)/Windows Kits/10/Windows Performance Toolkit/:/mnt/c/Program Files (x86)/IVI Foundation/VISA/WinNT/Bin/:/mnt/c/Program Files/IVI Foundation/VISA/Win64/Bin/:/mnt/c/Program Files (x86)/IVI Foundation/VISA/WinNT/Bin:/mnt/c/Program Files (x86)/IVI Foundation/IVI/Bin/:/mnt/c/Program Files/IVI Foundation/IVI/Bin/:/mnt/c/Program Files (x86)/National Instruments/Shared/LabVIEW CLI:/mnt/c/Program Files/MATLAB/R2025a/bin:/mnt/c/Program Files/Git/cmd:/mnt/c/Users/laura/AppData/Local/Microsoft/WindowsApps:/mnt/c/Users/laura/AppData/Local/Programs/Microsoft VS Code/bin:/snap/bin'), ('DISPLAY', ':0'), ('LANG', 'en_US.UTF-8'), ('LS_COLORS', 'rs=0:di=01;34:ln=01;36:mh=00:pi=40;33:so=01;35:do=01;35:bd=40;33;01:cd=40;33;01:or=40;31;01:mi=00:su=37;41:sg=30;43:ca=30;41:tw=30;42:ow=34;42:st=37;44:ex=01;32:*.tar=01;31:*.tgz=01;31:*.arc=01;31:*.arj=01;31:*.taz=01;31:*.lha=01;31:*.lz4=01;31:*.lzh=01;31:*.lzma=01;31:*.tlz=01;31:*.txz=01;31:*.tzo=01;31:*.t7z=01;31:*.zip=01;31:*.z=01;31:*.dz=01;31:*.gz=01;31:*.lrz=01;31:*.lz=01;31:*.lzo=01;31:*.xz=01;31:*.zst=01;31:*.tzst=01;31:*.bz2=01;31:*.bz=01;31:*.tbz=01;31:*.tbz2=01;31:*.tz=01;31:*.deb=01;31:*.rpm=01;31:*.jar=01;31:*.war=01;31:*.ear=01;31:*.sar=01;31:*.rar=01;31:*.alz=01;31:*.ace=01;31:*.zoo=01;31:*.cpio=01;31:*.7z=01;31:*.rz=01;31:*.cab=01;31:*.wim=01;31:*.swm=01;31:*.dwm=01;31:*.esd=01;31:*.jpg=01;35:*.jpeg=01;35:*.mjpg=01;35:*.mjpeg=01;35:*.gif=01;35:*.bmp=01;35:*.pbm=01;35:*.pgm=01;35:*.ppm=01;35:*.tga=01;35:*.xbm=01;35:*.xpm=01;35:*.tif=01;35:*.tiff=01;35:*.png=01;35:*.svg=01;35:*.svgz=01;35:*.mng=01;35:*.pcx=01;35:*.mov=01;35:*.mpg=01;35:*.mpeg=01;35:*.m2v=01;35:*.mkv=01;35:*.webm=01;35:*.webp=01;35:*.ogm=01;35:*.mp4=01;35:*.m4v=01;35:*.mp4v=01;35:*.vob=01;35:*.qt=01;35:*.nuv=01;35:*.wmv=01;35:*.asf=01;35:*.rm=01;35:*.rmvb=01;35:*.flc=01;35:*.avi=01;35:*.fli=01;35:*.flv=01;35:*.gl=01;35:*.dl=01;35:*.xcf=01;35:*.xwd=01;35:*.yuv=01;35:*.cgm=01;35:*.emf=01;35:*.ogv=01;35:*.ogx=01;35:*.aac=00;36:*.au=00;36:*.flac=00;36:*.m4a=00;36:*.mid=00;36:*.midi=00;36:*.mka=00;36:*.mp3=00;36:*.mpc=00;36:*.ogg=00;36:*.ra=00;36:*.wav=00;36:*.oga=00;36:*.opus=00;36:*.spx=00;36:*.xspf=00;36:'), ('AMENT_PREFIX_PATH', '/home/laura_benitez/urdf_ws/install/cuadriga_interfaces:/home/laura_benitez/test_ws/install/mi_robot_description:/home/laura_benitez/rosgame_ws/install/warrior_15:/home/laura_benitez/rosgame_ws/install/rosgame_msgs:/home/laura_benitez/rosgame_ws/install/rosgame_bridge:/home/laura_benitez/cypr_ws/install/navigation:/home/laura_benitez/cypr_ws/install/motion:/home/laura_benitez/cypr_ws/install/localization:/home/laura_benitez/cypr_ws/install/keyboard_control:/home/laura_benitez/cypr_ws/install/arm_controller:/opt/ros/humble'), ('SHELL', '/bin/bash'), ('LESSCLOSE', '/usr/bin/lesspipe %s %s'), ('PWD', '/home/laura_benitez/urdf_ws/build/cuadriga'), ('QT_QPA_PLATFORM', 'xcb'), ('XDG_DATA_DIRS', '/usr/local/share:/usr/share:/var/lib/snapd/desktop'), ('PYTHONPATH', '/home/laura_benitez/urdf_ws/install/cuadriga_interfaces/local/lib/python3.10/dist-packages:/home/laura_benitez/rosgame_ws/install/rosgame_msgs/local/lib/python3.10/dist-packages:/home/laura_benitez/rosgame_ws/install/rosgame_bridge/local/lib/python3.10/dist-packages:/home/laura_benitez/cypr_ws/install/navigation/local/lib/python3.10/dist-packages:/home/laura_benitez/cypr_ws/install/localization/local/lib/python3.10/dist-packages:/home/laura_benitez/cypr_ws/install/arm_controller/lib/python3.10/site-packages:/opt/ros/humble/lib/python3.10/site-packages:/opt/ros/humble/local/lib/python3.10/dist-packages'), ('COLCON', '1'), ('HOSTTYPE', 'x86_64'), ('CMAKE_PREFIX_PATH', '/home/laura_benitez/urdf_ws/install/cuadriga_interfaces:/home/laura_benitez/test_ws/install/mi_robot_description:/home/laura_benitez/rosgame_ws/install/warrior_15:/home/laura_benitez/rosgame_ws/install/rosgame_msgs:/home/laura_benitez/rosgame_ws/install/rosgame_bridge:/home/laura_benitez/cypr_ws/install/navigation:/home/laura_benitez/cypr_ws/install/motion:/home/laura_benitez/cypr_ws/install/localization:/home/laura_benitez/cypr_ws/install/keyboard_control:/home/laura_benitez/cypr_ws/install/arm_controller:/opt/ros/humble'), ('WSLENV', '')]), 'shell': False}
[13.669035] (-) TimerEvent: {}
[13.778636] (-) TimerEvent: {}
[13.826745] (cuadriga) StdoutLine: {'line': b'[ 50%] \x1b[32mBuilding CXX object CMakeFiles/cuadriga.dir/src/cuadriga.cpp.o\x1b[0m\n'}
[13.884464] (-) TimerEvent: {}
[13.992566] (-) TimerEvent: {}
[14.099539] (-) TimerEvent: {}
[14.202999] (-) TimerEvent: {}
[14.308026] (-) TimerEvent: {}
[14.410528] (-) TimerEvent: {}
[14.525233] (-) TimerEvent: {}
[14.634588] (-) TimerEvent: {}
[14.738042] (-) TimerEvent: {}
[14.855101] (-) TimerEvent: {}
[14.960852] (-) TimerEvent: {}
[15.064823] (-) TimerEvent: {}
[15.169363] (-) TimerEvent: {}
[15.278599] (-) TimerEvent: {}
[15.384489] (-) TimerEvent: {}
[15.497404] (-) TimerEvent: {}
[15.609293] (-) TimerEvent: {}
[15.717753] (-) TimerEvent: {}
[15.829094] (-) TimerEvent: {}
[15.905078] (joy) StderrLine: {'line': b'\x1b[01m\x1b[K/home/laura_benitez/urdf_ws/src/joy/src/joy.cpp:\x1b[m\x1b[K In member function \xe2\x80\x98\x1b[01m\x1b[Kvoid joy::Joy::eventThread()\x1b[m\x1b[K\xe2\x80\x99:\n'}
[15.905385] (joy) StderrLine: {'line': b'\x1b[01m\x1b[K/home/laura_benitez/urdf_ws/src/joy/src/joy.cpp:489:13:\x1b[m\x1b[K \x1b[01;35m\x1b[Kwarning: \x1b[m\x1b[Kunused variable \xe2\x80\x98\x1b[01m\x1b[Kwheel_separation\x1b[m\x1b[K\xe2\x80\x99 [\x1b[01;35m\x1b[K\x1b]8;;https://gcc.gnu.org/onlinedocs/gcc/Warning-Options.html#index-Wunused-variable\x07-Wunused-variable\x1b]8;;\x07\x1b[m\x1b[K]\n'}
[15.905490] (joy) StderrLine: {'line': b'  489 |       float \x1b[01;35m\x1b[Kwheel_separation\x1b[m\x1b[K = 1.35;\n'}
[15.905578] (joy) StderrLine: {'line': b'      |             \x1b[01;35m\x1b[K^~~~~~~~~~~~~~~~\x1b[m\x1b[K\n'}
[15.905660] (joy) StderrLine: {'line': b'\x1b[01m\x1b[K/home/laura_benitez/urdf_ws/src/joy/src/joy.cpp:512:13:\x1b[m\x1b[K \x1b[01;35m\x1b[Kwarning: \x1b[m\x1b[Kunused variable \xe2\x80\x98\x1b[01m\x1b[Kthrottle\x1b[m\x1b[K\xe2\x80\x99 [\x1b[01;35m\x1b[K\x1b]8;;https://gcc.gnu.org/onlinedocs/gcc/Warning-Options.html#index-Wunused-variable\x07-Wunused-variable\x1b]8;;\x07\x1b[m\x1b[K]\n'}
[15.915918] (joy) StderrLine: {'line': b'  512 |       float \x1b[01;35m\x1b[Kthrottle\x1b[m\x1b[K = rad2per_throttle*(left_wheels + rigth_wheels)/wheels_radius;\n'}
[15.916083] (joy) StderrLine: {'line': b'      |             \x1b[01;35m\x1b[K^~~~~~~~\x1b[m\x1b[K\n'}
[15.916166] (joy) StderrLine: {'line': b'\x1b[01m\x1b[K/home/laura_benitez/urdf_ws/src/joy/src/joy.cpp:513:13:\x1b[m\x1b[K \x1b[01;35m\x1b[Kwarning: \x1b[m\x1b[Kunused variable \xe2\x80\x98\x1b[01m\x1b[Ksteer\x1b[m\x1b[K\xe2\x80\x99 [\x1b[01;35m\x1b[K\x1b]8;;https://gcc.gnu.org/onlinedocs/gcc/Warning-Options.html#index-Wunused-variable\x07-Wunused-variable\x1b]8;;\x07\x1b[m\x1b[K]\n'}
[15.916243] (joy) StderrLine: {'line': b'  513 |       float \x1b[01;35m\x1b[Ksteer\x1b[m\x1b[K = rad2per_steer*(-rigth_wheels + left_wheels)/wheels_radius;\n'}
[15.916312] (joy) StderrLine: {'line': b'      |             \x1b[01;35m\x1b[K^~~~~\x1b[m\x1b[K\n'}
[15.933096] (-) TimerEvent: {}
[16.041692] (-) TimerEvent: {}
[16.075390] (joy) StdoutLine: {'line': b'[ 83%] \x1b[32m\x1b[1mLinking CXX executable joy_node\x1b[0m\n'}
[16.148410] (-) TimerEvent: {}
[16.250831] (-) TimerEvent: {}
[16.352470] (-) TimerEvent: {}
[16.459139] (-) TimerEvent: {}
[16.562761] (joy) StdoutLine: {'line': b'[ 83%] Built target joy_node\n'}
[16.563002] (-) TimerEvent: {}
[16.672577] (-) TimerEvent: {}
[16.779935] (-) TimerEvent: {}
[16.884044] (-) TimerEvent: {}
[16.995137] (-) TimerEvent: {}
[17.069250] (cuadriga) StderrLine: {'line': b'\x1b[01m\x1b[K/home/laura_benitez/urdf_ws/src/cuadriga/src/cuadriga.cpp:\x1b[m\x1b[K In constructor \xe2\x80\x98\x1b[01m\x1b[KCuadriga::Cuadriga()\x1b[m\x1b[K\xe2\x80\x99:\n'}
[17.070049] (cuadriga) StderrLine: {'line': b'\x1b[01m\x1b[K/home/laura_benitez/urdf_ws/src/cuadriga/src/cuadriga.cpp:8:11:\x1b[m\x1b[K \x1b[01;35m\x1b[Kwarning: \x1b[m\x1b[Kunused variable \xe2\x80\x98\x1b[01m\x1b[KLatitud\x1b[m\x1b[K\xe2\x80\x99 [\x1b[01;35m\x1b[K\x1b]8;;https://gcc.gnu.org/onlinedocs/gcc/Warning-Options.html#index-Wunused-variable\x07-Wunused-variable\x1b]8;;\x07\x1b[m\x1b[K]\n'}
[17.070171] (cuadriga) StderrLine: {'line': b'    8 |     float \x1b[01;35m\x1b[KLatitud\x1b[m\x1b[K=0;\n'}
[17.070252] (cuadriga) StderrLine: {'line': b'      |           \x1b[01;35m\x1b[K^~~~~~~\x1b[m\x1b[K\n'}
[17.070324] (cuadriga) StderrLine: {'line': b'\x1b[01m\x1b[K/home/laura_benitez/urdf_ws/src/cuadriga/src/cuadriga.cpp:9:11:\x1b[m\x1b[K \x1b[01;35m\x1b[Kwarning: \x1b[m\x1b[Kunused variable \xe2\x80\x98\x1b[01m\x1b[KLongitud\x1b[m\x1b[K\xe2\x80\x99 [\x1b[01;35m\x1b[K\x1b]8;;https://gcc.gnu.org/onlinedocs/gcc/Warning-Options.html#index-Wunused-variable\x07-Wunused-variable\x1b]8;;\x07\x1b[m\x1b[K]\n'}
[17.070613] (cuadriga) StderrLine: {'line': b'    9 |     float \x1b[01;35m\x1b[KLongitud\x1b[m\x1b[K=0;\n'}
[17.070683] (cuadriga) StderrLine: {'line': b'      |           \x1b[01;35m\x1b[K^~~~~~~~\x1b[m\x1b[K\n'}
[17.070742] (cuadriga) StderrLine: {'line': b'\x1b[01m\x1b[K/home/laura_benitez/urdf_ws/src/cuadriga/src/cuadriga.cpp:10:11:\x1b[m\x1b[K \x1b[01;35m\x1b[Kwarning: \x1b[m\x1b[Kunused variable \xe2\x80\x98\x1b[01m\x1b[KAltitud\x1b[m\x1b[K\xe2\x80\x99 [\x1b[01;35m\x1b[K\x1b]8;;https://gcc.gnu.org/onlinedocs/gcc/Warning-Options.html#index-Wunused-variable\x07-Wunused-variable\x1b]8;;\x07\x1b[m\x1b[K]\n'}
[17.070802] (cuadriga) StderrLine: {'line': b'   10 |     float \x1b[01;35m\x1b[KAltitud\x1b[m\x1b[K=0;\n'}
[17.070910] (cuadriga) StderrLine: {'line': b'      |           \x1b[01;35m\x1b[K^~~~~~~\x1b[m\x1b[K\n'}
[17.070973] (cuadriga) StderrLine: {'line': b'\x1b[01m\x1b[K/home/laura_benitez/urdf_ws/src/cuadriga/src/cuadriga.cpp:11:11:\x1b[m\x1b[K \x1b[01;35m\x1b[Kwarning: \x1b[m\x1b[Kunused variable \xe2\x80\x98\x1b[01m\x1b[KLatitud0\x1b[m\x1b[K\xe2\x80\x99 [\x1b[01;35m\x1b[K\x1b]8;;https://gcc.gnu.org/onlinedocs/gcc/Warning-Options.html#index-Wunused-variable\x07-Wunused-variable\x1b]8;;\x07\x1b[m\x1b[K]\n'}
[17.071031] (cuadriga) StderrLine: {'line': b'   11 |     float \x1b[01;35m\x1b[KLatitud0\x1b[m\x1b[K=0;\n'}
[17.071085] (cuadriga) StderrLine: {'line': b'      |           \x1b[01;35m\x1b[K^~~~~~~~\x1b[m\x1b[K\n'}
[17.071141] (cuadriga) StderrLine: {'line': b'\x1b[01m\x1b[K/home/laura_benitez/urdf_ws/src/cuadriga/src/cuadriga.cpp:12:11:\x1b[m\x1b[K \x1b[01;35m\x1b[Kwarning: \x1b[m\x1b[Kunused variable \xe2\x80\x98\x1b[01m\x1b[KLongitud0\x1b[m\x1b[K\xe2\x80\x99 [\x1b[01;35m\x1b[K\x1b]8;;https://gcc.gnu.org/onlinedocs/gcc/Warning-Options.html#index-Wunused-variable\x07-Wunused-variable\x1b]8;;\x07\x1b[m\x1b[K]\n'}
[17.071199] (cuadriga) StderrLine: {'line': b'   12 |     float \x1b[01;35m\x1b[KLongitud0\x1b[m\x1b[K=0;\n'}
[17.071253] (cuadriga) StderrLine: {'line': b'      |           \x1b[01;35m\x1b[K^~~~~~~~~\x1b[m\x1b[K\n'}
[17.071307] (cuadriga) StderrLine: {'line': b'\x1b[01m\x1b[K/home/laura_benitez/urdf_ws/src/cuadriga/src/cuadriga.cpp:13:11:\x1b[m\x1b[K \x1b[01;35m\x1b[Kwarning: \x1b[m\x1b[Kunused variable \xe2\x80\x98\x1b[01m\x1b[KAltitud0\x1b[m\x1b[K\xe2\x80\x99 [\x1b[01;35m\x1b[K\x1b]8;;https://gcc.gnu.org/onlinedocs/gcc/Warning-Options.html#index-Wunused-variable\x07-Wunused-variable\x1b]8;;\x07\x1b[m\x1b[K]\n'}
[17.071376] (cuadriga) StderrLine: {'line': b'   13 |     float \x1b[01;35m\x1b[KAltitud0\x1b[m\x1b[K=0;\n'}
[17.071430] (cuadriga) StderrLine: {'line': b'      |           \x1b[01;35m\x1b[K^~~~~~~~\x1b[m\x1b[K\n'}
[17.071483] (cuadriga) StderrLine: {'line': b'\x1b[01m\x1b[K/home/laura_benitez/urdf_ws/src/cuadriga/src/cuadriga.cpp:14:10:\x1b[m\x1b[K \x1b[01;35m\x1b[Kwarning: \x1b[m\x1b[Kunused variable \xe2\x80\x98\x1b[01m\x1b[Kflag_origen\x1b[m\x1b[K\xe2\x80\x99 [\x1b[01;35m\x1b[K\x1b]8;;https://gcc.gnu.org/onlinedocs/gcc/Warning-Options.html#index-Wunused-variable\x07-Wunused-variable\x1b]8;;\x07\x1b[m\x1b[K]\n'}
[17.071542] (cuadriga) StderrLine: {'line': b'   14 |     bool \x1b[01;35m\x1b[Kflag_origen\x1b[m\x1b[K=false;\n'}
[17.071599] (cuadriga) StderrLine: {'line': b'      |          \x1b[01;35m\x1b[K^~~~~~~~~~~\x1b[m\x1b[K\n'}
[17.071653] (cuadriga) StderrLine: {'line': b'\x1b[01m\x1b[K/home/laura_benitez/urdf_ws/src/cuadriga/src/cuadriga.cpp:16:10:\x1b[m\x1b[K \x1b[01;35m\x1b[Kwarning: \x1b[m\x1b[Kunused variable \xe2\x80\x98\x1b[01m\x1b[Kflag\x1b[m\x1b[K\xe2\x80\x99 [\x1b[01;35m\x1b[K\x1b]8;;https://gcc.gnu.org/onlinedocs/gcc/Warning-Options.html#index-Wunused-variable\x07-Wunused-variable\x1b]8;;\x07\x1b[m\x1b[K]\n'}
[17.071709] (cuadriga) StderrLine: {'line': b'   16 |     bool \x1b[01;35m\x1b[Kflag\x1b[m\x1b[K = 0;\n'}
[17.071772] (cuadriga) StderrLine: {'line': b'      |          \x1b[01;35m\x1b[K^~~~\x1b[m\x1b[K\n'}
[17.071846] (cuadriga) StderrLine: {'line': b'\x1b[01m\x1b[K/home/laura_benitez/urdf_ws/src/cuadriga/src/cuadriga.cpp:17:10:\x1b[m\x1b[K \x1b[01;35m\x1b[Kwarning: \x1b[m\x1b[Kunused variable \xe2\x80\x98\x1b[01m\x1b[Kflag_rafaga_activa\x1b[m\x1b[K\xe2\x80\x99 [\x1b[01;35m\x1b[K\x1b]8;;https://gcc.gnu.org/onlinedocs/gcc/Warning-Options.html#index-Wunused-variable\x07-Wunused-variable\x1b]8;;\x07\x1b[m\x1b[K]\n'}
[17.071919] (cuadriga) StderrLine: {'line': b'   17 |     bool \x1b[01;35m\x1b[Kflag_rafaga_activa\x1b[m\x1b[K =false;\n'}
[17.071974] (cuadriga) StderrLine: {'line': b'      |          \x1b[01;35m\x1b[K^~~~~~~~~~~~~~~~~~\x1b[m\x1b[K\n'}
[17.072028] (cuadriga) StderrLine: {'line': b'\x1b[01m\x1b[K/home/laura_benitez/urdf_ws/src/cuadriga/src/cuadriga.cpp:18:9:\x1b[m\x1b[K \x1b[01;35m\x1b[Kwarning: \x1b[m\x1b[Kunused variable \xe2\x80\x98\x1b[01m\x1b[Kcontador_rafaga\x1b[m\x1b[K\xe2\x80\x99 [\x1b[01;35m\x1b[K\x1b]8;;https://gcc.gnu.org/onlinedocs/gcc/Warning-Options.html#index-Wunused-variable\x07-Wunused-variable\x1b]8;;\x07\x1b[m\x1b[K]\n'}
[17.072156] (cuadriga) StderrLine: {'line': b'   18 |     int \x1b[01;35m\x1b[Kcontador_rafaga\x1b[m\x1b[K = 0;\n'}
[17.072230] (cuadriga) StderrLine: {'line': b'      |         \x1b[01;35m\x1b[K^~~~~~~~~~~~~~~\x1b[m\x1b[K\n'}
[17.072286] (cuadriga) StderrLine: {'line': b'\x1b[01m\x1b[K/home/laura_benitez/urdf_ws/src/cuadriga/src/cuadriga.cpp:19:9:\x1b[m\x1b[K \x1b[01;35m\x1b[Kwarning: \x1b[m\x1b[Kunused variable \xe2\x80\x98\x1b[01m\x1b[Ktemporizador\x1b[m\x1b[K\xe2\x80\x99 [\x1b[01;35m\x1b[K\x1b]8;;https://gcc.gnu.org/onlinedocs/gcc/Warning-Options.html#index-Wunused-variable\x07-Wunused-variable\x1b]8;;\x07\x1b[m\x1b[K]\n'}
[17.072383] (cuadriga) StderrLine: {'line': b'   19 |     int \x1b[01;35m\x1b[Ktemporizador\x1b[m\x1b[K = 0;\n'}
[17.072442] (cuadriga) StderrLine: {'line': b'      |         \x1b[01;35m\x1b[K^~~~~~~~~~~~\x1b[m\x1b[K\n'}
[17.072497] (cuadriga) StderrLine: {'line': b'\x1b[01m\x1b[K/home/laura_benitez/urdf_ws/src/cuadriga/src/cuadriga.cpp:20:25:\x1b[m\x1b[K \x1b[01;35m\x1b[Kwarning: \x1b[m\x1b[Kunused variable \xe2\x80\x98\x1b[01m\x1b[KCaracter\x1b[m\x1b[K\xe2\x80\x99 [\x1b[01;35m\x1b[K\x1b]8;;https://gcc.gnu.org/onlinedocs/gcc/Warning-Options.html#index-Wunused-variable\x07-Wunused-variable\x1b]8;;\x07\x1b[m\x1b[K]\n'}
[17.072553] (cuadriga) StderrLine: {'line': b'   20 |     std::array <char,2> \x1b[01;35m\x1b[KCaracter\x1b[m\x1b[K = {0,0};\n'}
[17.072608] (cuadriga) StderrLine: {'line': b'      |                         \x1b[01;35m\x1b[K^~~~~~~~\x1b[m\x1b[K\n'}
[17.072661] (cuadriga) StderrLine: {'line': b'\x1b[01m\x1b[K/home/laura_benitez/urdf_ws/src/cuadriga/src/cuadriga.cpp:21:11:\x1b[m\x1b[K \x1b[01;35m\x1b[Kwarning: \x1b[m\x1b[Kunused variable \xe2\x80\x98\x1b[01m\x1b[KVoltaje_bateria\x1b[m\x1b[K\xe2\x80\x99 [\x1b[01;35m\x1b[K\x1b]8;;https://gcc.gnu.org/onlinedocs/gcc/Warning-Options.html#index-Wunused-variable\x07-Wunused-variable\x1b]8;;\x07\x1b[m\x1b[K]\n'}
[17.072715] (cuadriga) StderrLine: {'line': b'   21 |     float \x1b[01;35m\x1b[KVoltaje_bateria\x1b[m\x1b[K = 0;\n'}
[17.072767] (cuadriga) StderrLine: {'line': b'      |           \x1b[01;35m\x1b[K^~~~~~~~~~~~~~~\x1b[m\x1b[K\n'}
[17.072822] (cuadriga) StderrLine: {'line': b'\x1b[01m\x1b[K/home/laura_benitez/urdf_ws/src/cuadriga/src/cuadriga.cpp:22:11:\x1b[m\x1b[K \x1b[01;35m\x1b[Kwarning: \x1b[m\x1b[Kunused variable \xe2\x80\x98\x1b[01m\x1b[KVoltaje_controladora\x1b[m\x1b[K\xe2\x80\x99 [\x1b[01;35m\x1b[K\x1b]8;;https://gcc.gnu.org/onlinedocs/gcc/Warning-Options.html#index-Wunused-variable\x07-Wunused-variable\x1b]8;;\x07\x1b[m\x1b[K]\n'}
[17.072905] (cuadriga) StderrLine: {'line': b'   22 |     float \x1b[01;35m\x1b[KVoltaje_controladora\x1b[m\x1b[K = 0;\n'}
[17.072963] (cuadriga) StderrLine: {'line': b'      |           \x1b[01;35m\x1b[K^~~~~~~~~~~~~~~~~~~~\x1b[m\x1b[K\n'}
[17.073017] (cuadriga) StderrLine: {'line': b'\x1b[01m\x1b[K/home/laura_benitez/urdf_ws/src/cuadriga/src/cuadriga.cpp:24:11:\x1b[m\x1b[K \x1b[01;35m\x1b[Kwarning: \x1b[m\x1b[Kunused variable \xe2\x80\x98\x1b[01m\x1b[Kw\x1b[m\x1b[K\xe2\x80\x99 [\x1b[01;35m\x1b[K\x1b]8;;https://gcc.gnu.org/onlinedocs/gcc/Warning-Options.html#index-Wunused-variable\x07-Wunused-variable\x1b]8;;\x07\x1b[m\x1b[K]\n'}
[17.073072] (cuadriga) StderrLine: {'line': b'   24 |     float \x1b[01;35m\x1b[Kw\x1b[m\x1b[K = 0;\n'}
[17.073125] (cuadriga) StderrLine: {'line': b'      |           \x1b[01;35m\x1b[K^\x1b[m\x1b[K\n'}
[17.073177] (cuadriga) StderrLine: {'line': b'\x1b[01m\x1b[K/home/laura_benitez/urdf_ws/src/cuadriga/src/cuadriga.cpp:29:24:\x1b[m\x1b[K \x1b[01;35m\x1b[Kwarning: \x1b[m\x1b[Kunused variable \xe2\x80\x98\x1b[01m\x1b[Kcmd_vel_hex\x1b[m\x1b[K\xe2\x80\x99 [\x1b[01;35m\x1b[K\x1b]8;;https://gcc.gnu.org/onlinedocs/gcc/Warning-Options.html#index-Wunused-variable\x07-Wunused-variable\x1b]8;;\x07\x1b[m\x1b[K]\n'}
[17.073231] (cuadriga) StderrLine: {'line': b'   29 |     std::array<char,2> \x1b[01;35m\x1b[Kcmd_vel_hex\x1b[m\x1b[K = {0,0};\n'}
[17.073284] (cuadriga) StderrLine: {'line': b'      |                        \x1b[01;35m\x1b[K^~~~~~~~~~~\x1b[m\x1b[K\n'}
[17.073335] (cuadriga) StderrLine: {'line': b'\x1b[01m\x1b[K/home/laura_benitez/urdf_ws/src/cuadriga/src/cuadriga.cpp:\x1b[m\x1b[K In member function \xe2\x80\x98\x1b[01m\x1b[Kint Cuadriga::Hex2Dec(std::array<char, 2>)\x1b[m\x1b[K\xe2\x80\x99:\n'}
[17.073388] (cuadriga) StderrLine: {'line': b'\x1b[01m\x1b[K/home/laura_benitez/urdf_ws/src/cuadriga/src/cuadriga.cpp:155:21:\x1b[m\x1b[K \x1b[01;35m\x1b[Kwarning: \x1b[m\x1b[Kcomparison of integer expressions of different signedness: \xe2\x80\x98\x1b[01m\x1b[Kint\x1b[m\x1b[K\xe2\x80\x99 and \xe2\x80\x98\x1b[01m\x1b[Kstd::array<char, 2>::size_type\x1b[m\x1b[K\xe2\x80\x99 {aka \xe2\x80\x98\x1b[01m\x1b[Klong unsigned int\x1b[m\x1b[K\xe2\x80\x99} [\x1b[01;35m\x1b[K\x1b]8;;https://gcc.gnu.org/onlinedocs/gcc/Warning-Options.html#index-Wsign-compare\x07-Wsign-compare\x1b]8;;\x07\x1b[m\x1b[K]\n'}
[17.073444] (cuadriga) StderrLine: {'line': b'  155 |     for (int i = 0;\x1b[01;35m\x1b[Ki<hex_value.size()\x1b[m\x1b[K;i++) {\n'}
[17.073494] (cuadriga) StderrLine: {'line': b'      |                    \x1b[01;35m\x1b[K~^~~~~~~~~~~~~~~~~\x1b[m\x1b[K\n'}
[17.080686] (cuadriga) StderrLine: {'line': b'\x1b[01m\x1b[K/home/laura_benitez/urdf_ws/src/cuadriga/src/cuadriga.cpp:\x1b[m\x1b[K In member function \xe2\x80\x98\x1b[01m\x1b[Kvoid Cuadriga::FollowTheCarrot()\x1b[m\x1b[K\xe2\x80\x99:\n'}
[17.080941] (cuadriga) StderrLine: {'line': b'\x1b[01m\x1b[K/home/laura_benitez/urdf_ws/src/cuadriga/src/cuadriga.cpp:297:15:\x1b[m\x1b[K \x1b[01;35m\x1b[Kwarning: \x1b[m\x1b[Kunused variable \xe2\x80\x98\x1b[01m\x1b[Kk\x1b[m\x1b[K\xe2\x80\x99 [\x1b[01;35m\x1b[K\x1b]8;;https://gcc.gnu.org/onlinedocs/gcc/Warning-Options.html#index-Wunused-variable\x07-Wunused-variable\x1b]8;;\x07\x1b[m\x1b[K]\n'}
[17.081028] (cuadriga) StderrLine: {'line': b'  297 |         float \x1b[01;35m\x1b[Kk\x1b[m\x1b[K = 1; //Ganancia que le da peso a la distancia en el calculo\n'}
[17.081103] (cuadriga) StderrLine: {'line': b'      |               \x1b[01;35m\x1b[K^\x1b[m\x1b[K\n'}
[17.081172] (cuadriga) StderrLine: {'line': b'\x1b[01m\x1b[K/home/laura_benitez/urdf_ws/src/cuadriga/src/cuadriga.cpp:306:15:\x1b[m\x1b[K \x1b[01;35m\x1b[Kwarning: \x1b[m\x1b[Kunused variable \xe2\x80\x98\x1b[01m\x1b[KL\x1b[m\x1b[K\xe2\x80\x99 [\x1b[01;35m\x1b[K\x1b]8;;https://gcc.gnu.org/onlinedocs/gcc/Warning-Options.html#index-Wunused-variable\x07-Wunused-variable\x1b]8;;\x07\x1b[m\x1b[K]\n'}
[17.081246] (cuadriga) StderrLine: {'line': b'  306 |         float \x1b[01;35m\x1b[KL\x1b[m\x1b[K = 0.5;\n'}
[17.081307] (cuadriga) StderrLine: {'line': b'      |               \x1b[01;35m\x1b[K^\x1b[m\x1b[K\n'}
[17.087153] (cuadriga) StderrLine: {'line': b'\x1b[01m\x1b[K/home/laura_benitez/urdf_ws/src/cuadriga/src/cuadriga.cpp:\x1b[m\x1b[K In member function \xe2\x80\x98\x1b[01m\x1b[Kvoid Cuadriga::process_GPS_data(sensor_msgs::msg::NavSatFix_<std::allocator<void> >::SharedPtr)\x1b[m\x1b[K\xe2\x80\x99:\n'}
[17.087322] (cuadriga) StderrLine: {'line': b'\x1b[01m\x1b[K/home/laura_benitez/urdf_ws/src/cuadriga/src/cuadriga.cpp:424:15:\x1b[m\x1b[K \x1b[01;35m\x1b[Kwarning: \x1b[m\x1b[Kunused variable \xe2\x80\x98\x1b[01m\x1b[KL\x1b[m\x1b[K\xe2\x80\x99 [\x1b[01;35m\x1b[K\x1b]8;;https://gcc.gnu.org/onlinedocs/gcc/Warning-Options.html#index-Wunused-variable\x07-Wunused-variable\x1b]8;;\x07\x1b[m\x1b[K]\n'}
[17.087468] (cuadriga) StderrLine: {'line': b'  424 |         float \x1b[01;35m\x1b[KL\x1b[m\x1b[K = 0.5f;\n'}
[17.087549] (cuadriga) StderrLine: {'line': b'      |               \x1b[01;35m\x1b[K^\x1b[m\x1b[K\n'}
[17.108511] (-) TimerEvent: {}
[17.211001] (-) TimerEvent: {}
[17.314735] (-) TimerEvent: {}
[17.431214] (-) TimerEvent: {}
[17.543744] (-) TimerEvent: {}
[17.649298] (-) TimerEvent: {}
[17.759039] (-) TimerEvent: {}
[17.860694] (-) TimerEvent: {}
[17.967702] (-) TimerEvent: {}
[18.075901] (-) TimerEvent: {}
[18.182596] (-) TimerEvent: {}
[18.287343] (-) TimerEvent: {}
[18.389580] (-) TimerEvent: {}
[18.496748] (-) TimerEvent: {}
[18.599525] (-) TimerEvent: {}
[18.702814] (-) TimerEvent: {}
[18.805918] (-) TimerEvent: {}
[18.911041] (-) TimerEvent: {}
[19.017166] (-) TimerEvent: {}
[19.120333] (-) TimerEvent: {}
[19.224364] (-) TimerEvent: {}
[19.328565] (-) TimerEvent: {}
[19.432839] (-) TimerEvent: {}
[19.538918] (-) TimerEvent: {}
[19.648012] (-) TimerEvent: {}
[19.751238] (-) TimerEvent: {}
[19.860667] (-) TimerEvent: {}
[19.967969] (-) TimerEvent: {}
[20.071004] (-) TimerEvent: {}
[20.184954] (-) TimerEvent: {}
[20.286743] (-) TimerEvent: {}
[20.391012] (-) TimerEvent: {}
[20.495768] (-) TimerEvent: {}
[20.599010] (-) TimerEvent: {}
[20.703210] (-) TimerEvent: {}
[20.807467] (-) TimerEvent: {}
[20.911795] (-) TimerEvent: {}
[21.022100] (-) TimerEvent: {}
[21.124401] (-) TimerEvent: {}
[21.225433] (-) TimerEvent: {}
[21.329131] (-) TimerEvent: {}
[21.432931] (-) TimerEvent: {}
[21.537131] (-) TimerEvent: {}
[21.579211] (joy) StdoutLine: {'line': b'[100%] \x1b[32m\x1b[1mLinking CXX shared library libjoy.so\x1b[0m\n'}
[21.652418] (-) TimerEvent: {}
[21.759199] (-) TimerEvent: {}
[21.869257] (-) TimerEvent: {}
[21.974288] (-) TimerEvent: {}
[22.067501] (joy) StdoutLine: {'line': b'[100%] Built target joy\n'}
[22.078106] (-) TimerEvent: {}
[22.098079] (joy) CommandEnded: {'returncode': 0}
[22.099017] (joy) JobProgress: {'identifier': 'joy', 'progress': 'install'}
[22.099477] (joy) Command: {'cmd': ['/usr/bin/cmake', '--install', '/home/laura_benitez/urdf_ws/build/joy'], 'cwd': '/home/laura_benitez/urdf_ws/build/joy', 'env': OrderedDict([('LESSOPEN', '| /usr/bin/lesspipe %s'), ('USER', 'laura_benitez'), ('SHLVL', '1'), ('LD_LIBRARY_PATH', '/home/laura_benitez/rosgame_ws/install/rosgame_msgs/lib:/home/laura_benitez/rosgame_ws/install/rosgame_bridge/lib:/home/laura_benitez/cypr_ws/install/navigation/lib:/home/laura_benitez/cypr_ws/install/localization/lib:/opt/ros/humble/opt/rviz_ogre_vendor/lib:/opt/ros/humble/lib/x86_64-linux-gnu:/opt/ros/humble/lib'), ('HOME', '/home/laura_benitez'), ('OLDPWD', '/home/laura_benitez'), ('ROS_PYTHON_VERSION', '3'), ('WSL_DISTRO_NAME', 'Ubuntu'), ('COLCON_PREFIX_PATH', '/home/laura_benitez/rosgame_ws/install:/home/laura_benitez/cypr_ws/install:/home/laura_benitez/test_ws/install'), ('ROS_DISTRO', 'humble'), ('LOGNAME', 'laura_benitez'), ('NAME', 'DESKTOP-4ER2JO7'), ('_', '/usr/bin/colcon'), ('ROS_VERSION', '2'), ('TERM', 'xterm-256color'), ('LIBGL_ALWAYS_INDIRECT', '1'), ('ROS_LOCALHOST_ONLY', '0'), ('PATH', '/home/laura_benitez/.local/bin:/opt/ros/humble/bin:/usr/local/sbin:/usr/local/bin:/usr/sbin:/usr/bin:/sbin:/bin:/usr/games:/usr/local/games:/mnt/c/Program Files/WindowsApps/CanonicalGroupLimited.Ubuntu_2404.1.68.0_x64__79rhkp1fndgsc:/mnt/c/TwinCAT/Common64:/mnt/c/TwinCAT/Common32:/mnt/c/WINDOWS/system32:/mnt/c/WINDOWS:/mnt/c/WINDOWS/System32/Wbem:/mnt/c/WINDOWS/System32/WindowsPowerShell/v1.0/:/mnt/c/WINDOWS/System32/OpenSSH/:/mnt/c/Program Files/dotnet/:/mnt/c/Program Files (x86)/dotnet/:/mnt/c/Program Files (x86)/Windows Kits/10/Windows Performance Toolkit/:/mnt/c/Program Files (x86)/IVI Foundation/VISA/WinNT/Bin/:/mnt/c/Program Files/IVI Foundation/VISA/Win64/Bin/:/mnt/c/Program Files (x86)/IVI Foundation/VISA/WinNT/Bin:/mnt/c/Program Files (x86)/IVI Foundation/IVI/Bin/:/mnt/c/Program Files/IVI Foundation/IVI/Bin/:/mnt/c/Program Files (x86)/National Instruments/Shared/LabVIEW CLI:/mnt/c/Program Files/MATLAB/R2025a/bin:/mnt/c/Program Files/Git/cmd:/mnt/c/Users/laura/AppData/Local/Microsoft/WindowsApps:/mnt/c/Users/laura/AppData/Local/Programs/Microsoft VS Code/bin:/snap/bin'), ('DISPLAY', ':0'), ('LANG', 'en_US.UTF-8'), ('LS_COLORS', 'rs=0:di=01;34:ln=01;36:mh=00:pi=40;33:so=01;35:do=01;35:bd=40;33;01:cd=40;33;01:or=40;31;01:mi=00:su=37;41:sg=30;43:ca=30;41:tw=30;42:ow=34;42:st=37;44:ex=01;32:*.tar=01;31:*.tgz=01;31:*.arc=01;31:*.arj=01;31:*.taz=01;31:*.lha=01;31:*.lz4=01;31:*.lzh=01;31:*.lzma=01;31:*.tlz=01;31:*.txz=01;31:*.tzo=01;31:*.t7z=01;31:*.zip=01;31:*.z=01;31:*.dz=01;31:*.gz=01;31:*.lrz=01;31:*.lz=01;31:*.lzo=01;31:*.xz=01;31:*.zst=01;31:*.tzst=01;31:*.bz2=01;31:*.bz=01;31:*.tbz=01;31:*.tbz2=01;31:*.tz=01;31:*.deb=01;31:*.rpm=01;31:*.jar=01;31:*.war=01;31:*.ear=01;31:*.sar=01;31:*.rar=01;31:*.alz=01;31:*.ace=01;31:*.zoo=01;31:*.cpio=01;31:*.7z=01;31:*.rz=01;31:*.cab=01;31:*.wim=01;31:*.swm=01;31:*.dwm=01;31:*.esd=01;31:*.jpg=01;35:*.jpeg=01;35:*.mjpg=01;35:*.mjpeg=01;35:*.gif=01;35:*.bmp=01;35:*.pbm=01;35:*.pgm=01;35:*.ppm=01;35:*.tga=01;35:*.xbm=01;35:*.xpm=01;35:*.tif=01;35:*.tiff=01;35:*.png=01;35:*.svg=01;35:*.svgz=01;35:*.mng=01;35:*.pcx=01;35:*.mov=01;35:*.mpg=01;35:*.mpeg=01;35:*.m2v=01;35:*.mkv=01;35:*.webm=01;35:*.webp=01;35:*.ogm=01;35:*.mp4=01;35:*.m4v=01;35:*.mp4v=01;35:*.vob=01;35:*.qt=01;35:*.nuv=01;35:*.wmv=01;35:*.asf=01;35:*.rm=01;35:*.rmvb=01;35:*.flc=01;35:*.avi=01;35:*.fli=01;35:*.flv=01;35:*.gl=01;35:*.dl=01;35:*.xcf=01;35:*.xwd=01;35:*.yuv=01;35:*.cgm=01;35:*.emf=01;35:*.ogv=01;35:*.ogx=01;35:*.aac=00;36:*.au=00;36:*.flac=00;36:*.m4a=00;36:*.mid=00;36:*.midi=00;36:*.mka=00;36:*.mp3=00;36:*.mpc=00;36:*.ogg=00;36:*.ra=00;36:*.wav=00;36:*.oga=00;36:*.opus=00;36:*.spx=00;36:*.xspf=00;36:'), ('AMENT_PREFIX_PATH', '/home/laura_benitez/test_ws/install/mi_robot_description:/home/laura_benitez/rosgame_ws/install/warrior_15:/home/laura_benitez/rosgame_ws/install/rosgame_msgs:/home/laura_benitez/rosgame_ws/install/rosgame_bridge:/home/laura_benitez/cypr_ws/install/navigation:/home/laura_benitez/cypr_ws/install/motion:/home/laura_benitez/cypr_ws/install/localization:/home/laura_benitez/cypr_ws/install/keyboard_control:/home/laura_benitez/cypr_ws/install/arm_controller:/opt/ros/humble'), ('SHELL', '/bin/bash'), ('LESSCLOSE', '/usr/bin/lesspipe %s %s'), ('PWD', '/home/laura_benitez/urdf_ws/build/joy'), ('QT_QPA_PLATFORM', 'xcb'), ('XDG_DATA_DIRS', '/usr/local/share:/usr/share:/var/lib/snapd/desktop'), ('PYTHONPATH', '/home/laura_benitez/rosgame_ws/install/rosgame_msgs/local/lib/python3.10/dist-packages:/home/laura_benitez/rosgame_ws/install/rosgame_bridge/local/lib/python3.10/dist-packages:/home/laura_benitez/cypr_ws/install/navigation/local/lib/python3.10/dist-packages:/home/laura_benitez/cypr_ws/install/localization/local/lib/python3.10/dist-packages:/home/laura_benitez/cypr_ws/install/arm_controller/lib/python3.10/site-packages:/opt/ros/humble/lib/python3.10/site-packages:/opt/ros/humble/local/lib/python3.10/dist-packages'), ('COLCON', '1'), ('HOSTTYPE', 'x86_64'), ('CMAKE_PREFIX_PATH', '/home/laura_benitez/test_ws/install/mi_robot_description:/home/laura_benitez/rosgame_ws/install/warrior_15:/home/laura_benitez/rosgame_ws/install/rosgame_msgs:/home/laura_benitez/rosgame_ws/install/rosgame_bridge:/home/laura_benitez/cypr_ws/install/navigation:/home/laura_benitez/cypr_ws/install/motion:/home/laura_benitez/cypr_ws/install/localization:/home/laura_benitez/cypr_ws/install/keyboard_control:/home/laura_benitez/cypr_ws/install/arm_controller:/opt/ros/humble'), ('WSLENV', '')]), 'shell': False}
[22.123573] (joy) StdoutLine: {'line': b'-- Install configuration: ""\n'}
[22.124105] (joy) StdoutLine: {'line': b'-- Installing: /home/laura_benitez/urdf_ws/install/joy/lib/libjoy.so\n'}
[22.154226] (joy) StdoutLine: {'line': b'-- Set runtime path of "/home/laura_benitez/urdf_ws/install/joy/lib/libjoy.so" to ""\n'}
[22.154679] (joy) StdoutLine: {'line': b'-- Installing: /home/laura_benitez/urdf_ws/install/joy/lib/joy/joy_node\n'}
[22.165983] (joy) StdoutLine: {'line': b'-- Set runtime path of "/home/laura_benitez/urdf_ws/install/joy/lib/joy/joy_node" to ""\n'}
[22.166249] (joy) StdoutLine: {'line': b'-- Installing: /home/laura_benitez/urdf_ws/install/joy/lib/joy/joy_enumerate_devices\n'}
[22.167604] (joy) StdoutLine: {'line': b'-- Installing: /home/laura_benitez/urdf_ws/install/joy/include/joy\n'}
[22.168062] (joy) StdoutLine: {'line': b'-- Installing: /home/laura_benitez/urdf_ws/install/joy/include/joy/joy\n'}
[22.168353] (joy) StdoutLine: {'line': b'-- Installing: /home/laura_benitez/urdf_ws/install/joy/include/joy/joy/joy.hpp\n'}
[22.169479] (joy) StdoutLine: {'line': b'-- Installing: /home/laura_benitez/urdf_ws/install/joy/include/joy/joy/joy.hpp:Zone.Identifier\n'}
[22.170328] (joy) StdoutLine: {'line': b'-- Installing: /home/laura_benitez/urdf_ws/install/joy/share/joy/config\n'}
[22.171621] (joy) StdoutLine: {'line': b'-- Installing: /home/laura_benitez/urdf_ws/install/joy/share/joy/config/joy-params.yaml\n'}
[22.180043] (joy) StdoutLine: {'line': b'-- Installing: /home/laura_benitez/urdf_ws/install/joy/share/joy/config/joy-params.yaml:Zone.Identifier\n'}
[22.180269] (-) TimerEvent: {}
[22.180877] (joy) StdoutLine: {'line': b'-- Installing: /home/laura_benitez/urdf_ws/install/joy/share/joy/launch\n'}
[22.181202] (joy) StdoutLine: {'line': b'-- Installing: /home/laura_benitez/urdf_ws/install/joy/share/joy/launch/joy-composed-launch.py\n'}
[22.193833] (joy) StdoutLine: {'line': b'-- Installing: /home/laura_benitez/urdf_ws/install/joy/share/joy/launch/joy-composed-launch.py:Zone.Identifier\n'}
[22.194712] (joy) StdoutLine: {'line': b'-- Installing: /home/laura_benitez/urdf_ws/install/joy/share/joy/launch/joy-launch_test.py\n'}
[22.207265] (joy) StdoutLine: {'line': b'-- Installing: /home/laura_benitez/urdf_ws/install/joy/share/joy/launch/joy-launch_test.py:Zone.Identifier\n'}
[22.208745] (joy) StdoutLine: {'line': b'-- Installing: /home/laura_benitez/urdf_ws/install/joy/share/ament_index/resource_index/package_run_dependencies/joy\n'}
[22.210414] (joy) StdoutLine: {'line': b'-- Installing: /home/laura_benitez/urdf_ws/install/joy/share/ament_index/resource_index/parent_prefix_path/joy\n'}
[22.212024] (joy) StdoutLine: {'line': b'-- Installing: /home/laura_benitez/urdf_ws/install/joy/share/joy/environment/ament_prefix_path.sh\n'}
[22.213140] (joy) StdoutLine: {'line': b'-- Installing: /home/laura_benitez/urdf_ws/install/joy/share/joy/environment/ament_prefix_path.dsv\n'}
[22.214271] (joy) StdoutLine: {'line': b'-- Installing: /home/laura_benitez/urdf_ws/install/joy/share/joy/environment/path.sh\n'}
[22.215373] (joy) StdoutLine: {'line': b'-- Installing: /home/laura_benitez/urdf_ws/install/joy/share/joy/environment/path.dsv\n'}
[22.216488] (joy) StdoutLine: {'line': b'-- Installing: /home/laura_benitez/urdf_ws/install/joy/share/joy/local_setup.bash\n'}
[22.218006] (joy) StdoutLine: {'line': b'-- Installing: /home/laura_benitez/urdf_ws/install/joy/share/joy/local_setup.sh\n'}
[22.219037] (joy) StdoutLine: {'line': b'-- Installing: /home/laura_benitez/urdf_ws/install/joy/share/joy/local_setup.zsh\n'}
[22.220071] (joy) StdoutLine: {'line': b'-- Installing: /home/laura_benitez/urdf_ws/install/joy/share/joy/local_setup.dsv\n'}
[22.221069] (joy) StdoutLine: {'line': b'-- Installing: /home/laura_benitez/urdf_ws/install/joy/share/joy/package.dsv\n'}
[22.222230] (joy) StdoutLine: {'line': b'-- Installing: /home/laura_benitez/urdf_ws/install/joy/share/ament_index/resource_index/packages/joy\n'}
[22.223427] (joy) StdoutLine: {'line': b'-- Installing: /home/laura_benitez/urdf_ws/install/joy/share/ament_index/resource_index/rclcpp_components/joy\n'}
[22.224775] (joy) StdoutLine: {'line': b'-- Installing: /home/laura_benitez/urdf_ws/install/joy/share/joy/cmake/export_joyExport.cmake\n'}
[22.225884] (joy) StdoutLine: {'line': b'-- Installing: /home/laura_benitez/urdf_ws/install/joy/share/joy/cmake/export_joyExport-noconfig.cmake\n'}
[22.226854] (joy) StdoutLine: {'line': b'-- Installing: /home/laura_benitez/urdf_ws/install/joy/share/joy/cmake/ament_cmake_export_targets-extras.cmake\n'}
[22.227996] (joy) StdoutLine: {'line': b'-- Installing: /home/laura_benitez/urdf_ws/install/joy/share/joy/cmake/ament_cmake_export_dependencies-extras.cmake\n'}
[22.229010] (joy) StdoutLine: {'line': b'-- Installing: /home/laura_benitez/urdf_ws/install/joy/share/joy/cmake/joyConfig.cmake\n'}
[22.229978] (joy) StdoutLine: {'line': b'-- Installing: /home/laura_benitez/urdf_ws/install/joy/share/joy/cmake/joyConfig-version.cmake\n'}
[22.231155] (joy) StdoutLine: {'line': b'-- Installing: /home/laura_benitez/urdf_ws/install/joy/share/joy/package.xml\n'}
[22.234937] (joy) CommandEnded: {'returncode': 0}
[22.270903] (joy) JobEnded: {'identifier': 'joy', 'rc': 0}
[22.286520] (-) TimerEvent: {}
[22.388913] (-) TimerEvent: {}
[22.495574] (-) TimerEvent: {}
[22.603386] (-) TimerEvent: {}
[22.711115] (-) TimerEvent: {}
[22.815765] (-) TimerEvent: {}
[22.917246] (-) TimerEvent: {}
[23.029560] (-) TimerEvent: {}
[23.143111] (-) TimerEvent: {}
[23.254926] (-) TimerEvent: {}
[23.361645] (-) TimerEvent: {}
[23.471119] (-) TimerEvent: {}
[23.582942] (-) TimerEvent: {}
[23.689155] (-) TimerEvent: {}
[23.799106] (-) TimerEvent: {}
[23.903785] (-) TimerEvent: {}
[24.007272] (-) TimerEvent: {}
[24.118459] (-) TimerEvent: {}
[24.229696] (-) TimerEvent: {}
[24.341268] (-) TimerEvent: {}
[24.448890] (-) TimerEvent: {}
[24.557383] (-) TimerEvent: {}
[24.663127] (-) TimerEvent: {}
[24.771311] (-) TimerEvent: {}
[24.879098] (-) TimerEvent: {}
[24.983151] (-) TimerEvent: {}
[25.087304] (-) TimerEvent: {}
[25.196988] (-) TimerEvent: {}
[25.303107] (-) TimerEvent: {}
[25.423974] (-) TimerEvent: {}
[25.535104] (-) TimerEvent: {}
[25.646230] (-) TimerEvent: {}
[25.750901] (-) TimerEvent: {}
[25.868477] (-) TimerEvent: {}
[25.979856] (-) TimerEvent: {}
[26.082840] (-) TimerEvent: {}
[26.189076] (-) TimerEvent: {}
[26.292442] (-) TimerEvent: {}
[26.399253] (-) TimerEvent: {}
[26.514302] (-) TimerEvent: {}
[26.620871] (-) TimerEvent: {}
[26.730745] (-) TimerEvent: {}
[26.835506] (-) TimerEvent: {}
[26.943555] (-) TimerEvent: {}
[27.050422] (-) TimerEvent: {}
[27.153273] (-) TimerEvent: {}
[27.259467] (-) TimerEvent: {}
[27.323265] (cuadriga) StdoutLine: {'line': b'[100%] \x1b[32m\x1b[1mLinking CXX executable cuadriga\x1b[0m\n'}
[27.362776] (-) TimerEvent: {}
[27.467296] (-) TimerEvent: {}
[27.571666] (-) TimerEvent: {}
[27.682244] (-) TimerEvent: {}
[27.786885] (-) TimerEvent: {}
[27.893049] (-) TimerEvent: {}
[27.994549] (-) TimerEvent: {}
[28.067720] (cuadriga) StdoutLine: {'line': b'[100%] Built target cuadriga\n'}
[28.097412] (cuadriga) CommandEnded: {'returncode': 0}
[28.097939] (-) TimerEvent: {}
[28.098354] (cuadriga) JobProgress: {'identifier': 'cuadriga', 'progress': 'install'}
[28.098660] (cuadriga) Command: {'cmd': ['/usr/bin/cmake', '--install', '/home/laura_benitez/urdf_ws/build/cuadriga'], 'cwd': '/home/laura_benitez/urdf_ws/build/cuadriga', 'env': OrderedDict([('LESSOPEN', '| /usr/bin/lesspipe %s'), ('USER', 'laura_benitez'), ('SHLVL', '1'), ('LD_LIBRARY_PATH', '/home/laura_benitez/urdf_ws/install/cuadriga_interfaces/lib:/home/laura_benitez/rosgame_ws/install/rosgame_msgs/lib:/home/laura_benitez/rosgame_ws/install/rosgame_bridge/lib:/home/laura_benitez/cypr_ws/install/navigation/lib:/home/laura_benitez/cypr_ws/install/localization/lib:/opt/ros/humble/opt/rviz_ogre_vendor/lib:/opt/ros/humble/lib/x86_64-linux-gnu:/opt/ros/humble/lib'), ('HOME', '/home/laura_benitez'), ('OLDPWD', '/home/laura_benitez'), ('ROS_PYTHON_VERSION', '3'), ('WSL_DISTRO_NAME', 'Ubuntu'), ('COLCON_PREFIX_PATH', '/home/laura_benitez/rosgame_ws/install:/home/laura_benitez/cypr_ws/install:/home/laura_benitez/test_ws/install'), ('ROS_DISTRO', 'humble'), ('LOGNAME', 'laura_benitez'), ('NAME', 'DESKTOP-4ER2JO7'), ('_', '/usr/bin/colcon'), ('ROS_VERSION', '2'), ('TERM', 'xterm-256color'), ('LIBGL_ALWAYS_INDIRECT', '1'), ('ROS_LOCALHOST_ONLY', '0'), ('PATH', '/home/laura_benitez/.local/bin:/opt/ros/humble/bin:/usr/local/sbin:/usr/local/bin:/usr/sbin:/usr/bin:/sbin:/bin:/usr/games:/usr/local/games:/mnt/c/Program Files/WindowsApps/CanonicalGroupLimited.Ubuntu_2404.1.68.0_x64__79rhkp1fndgsc:/mnt/c/TwinCAT/Common64:/mnt/c/TwinCAT/Common32:/mnt/c/WINDOWS/system32:/mnt/c/WINDOWS:/mnt/c/WINDOWS/System32/Wbem:/mnt/c/WINDOWS/System32/WindowsPowerShell/v1.0/:/mnt/c/WINDOWS/System32/OpenSSH/:/mnt/c/Program Files/dotnet/:/mnt/c/Program Files (x86)/dotnet/:/mnt/c/Program Files (x86)/Windows Kits/10/Windows Performance Toolkit/:/mnt/c/Program Files (x86)/IVI Foundation/VISA/WinNT/Bin/:/mnt/c/Program Files/IVI Foundation/VISA/Win64/Bin/:/mnt/c/Program Files (x86)/IVI Foundation/VISA/WinNT/Bin:/mnt/c/Program Files (x86)/IVI Foundation/IVI/Bin/:/mnt/c/Program Files/IVI Foundation/IVI/Bin/:/mnt/c/Program Files (x86)/National Instruments/Shared/LabVIEW CLI:/mnt/c/Program Files/MATLAB/R2025a/bin:/mnt/c/Program Files/Git/cmd:/mnt/c/Users/laura/AppData/Local/Microsoft/WindowsApps:/mnt/c/Users/laura/AppData/Local/Programs/Microsoft VS Code/bin:/snap/bin'), ('DISPLAY', ':0'), ('LANG', 'en_US.UTF-8'), ('LS_COLORS', 'rs=0:di=01;34:ln=01;36:mh=00:pi=40;33:so=01;35:do=01;35:bd=40;33;01:cd=40;33;01:or=40;31;01:mi=00:su=37;41:sg=30;43:ca=30;41:tw=30;42:ow=34;42:st=37;44:ex=01;32:*.tar=01;31:*.tgz=01;31:*.arc=01;31:*.arj=01;31:*.taz=01;31:*.lha=01;31:*.lz4=01;31:*.lzh=01;31:*.lzma=01;31:*.tlz=01;31:*.txz=01;31:*.tzo=01;31:*.t7z=01;31:*.zip=01;31:*.z=01;31:*.dz=01;31:*.gz=01;31:*.lrz=01;31:*.lz=01;31:*.lzo=01;31:*.xz=01;31:*.zst=01;31:*.tzst=01;31:*.bz2=01;31:*.bz=01;31:*.tbz=01;31:*.tbz2=01;31:*.tz=01;31:*.deb=01;31:*.rpm=01;31:*.jar=01;31:*.war=01;31:*.ear=01;31:*.sar=01;31:*.rar=01;31:*.alz=01;31:*.ace=01;31:*.zoo=01;31:*.cpio=01;31:*.7z=01;31:*.rz=01;31:*.cab=01;31:*.wim=01;31:*.swm=01;31:*.dwm=01;31:*.esd=01;31:*.jpg=01;35:*.jpeg=01;35:*.mjpg=01;35:*.mjpeg=01;35:*.gif=01;35:*.bmp=01;35:*.pbm=01;35:*.pgm=01;35:*.ppm=01;35:*.tga=01;35:*.xbm=01;35:*.xpm=01;35:*.tif=01;35:*.tiff=01;35:*.png=01;35:*.svg=01;35:*.svgz=01;35:*.mng=01;35:*.pcx=01;35:*.mov=01;35:*.mpg=01;35:*.mpeg=01;35:*.m2v=01;35:*.mkv=01;35:*.webm=01;35:*.webp=01;35:*.ogm=01;35:*.mp4=01;35:*.m4v=01;35:*.mp4v=01;35:*.vob=01;35:*.qt=01;35:*.nuv=01;35:*.wmv=01;35:*.asf=01;35:*.rm=01;35:*.rmvb=01;35:*.flc=01;35:*.avi=01;35:*.fli=01;35:*.flv=01;35:*.gl=01;35:*.dl=01;35:*.xcf=01;35:*.xwd=01;35:*.yuv=01;35:*.cgm=01;35:*.emf=01;35:*.ogv=01;35:*.ogx=01;35:*.aac=00;36:*.au=00;36:*.flac=00;36:*.m4a=00;36:*.mid=00;36:*.midi=00;36:*.mka=00;36:*.mp3=00;36:*.mpc=00;36:*.ogg=00;36:*.ra=00;36:*.wav=00;36:*.oga=00;36:*.opus=00;36:*.spx=00;36:*.xspf=00;36:'), ('AMENT_PREFIX_PATH', '/home/laura_benitez/urdf_ws/install/cuadriga_interfaces:/home/laura_benitez/test_ws/install/mi_robot_description:/home/laura_benitez/rosgame_ws/install/warrior_15:/home/laura_benitez/rosgame_ws/install/rosgame_msgs:/home/laura_benitez/rosgame_ws/install/rosgame_bridge:/home/laura_benitez/cypr_ws/install/navigation:/home/laura_benitez/cypr_ws/install/motion:/home/laura_benitez/cypr_ws/install/localization:/home/laura_benitez/cypr_ws/install/keyboard_control:/home/laura_benitez/cypr_ws/install/arm_controller:/opt/ros/humble'), ('SHELL', '/bin/bash'), ('LESSCLOSE', '/usr/bin/lesspipe %s %s'), ('PWD', '/home/laura_benitez/urdf_ws/build/cuadriga'), ('QT_QPA_PLATFORM', 'xcb'), ('XDG_DATA_DIRS', '/usr/local/share:/usr/share:/var/lib/snapd/desktop'), ('PYTHONPATH', '/home/laura_benitez/urdf_ws/install/cuadriga_interfaces/local/lib/python3.10/dist-packages:/home/laura_benitez/rosgame_ws/install/rosgame_msgs/local/lib/python3.10/dist-packages:/home/laura_benitez/rosgame_ws/install/rosgame_bridge/local/lib/python3.10/dist-packages:/home/laura_benitez/cypr_ws/install/navigation/local/lib/python3.10/dist-packages:/home/laura_benitez/cypr_ws/install/localization/local/lib/python3.10/dist-packages:/home/laura_benitez/cypr_ws/install/arm_controller/lib/python3.10/site-packages:/opt/ros/humble/lib/python3.10/site-packages:/opt/ros/humble/local/lib/python3.10/dist-packages'), ('COLCON', '1'), ('HOSTTYPE', 'x86_64'), ('CMAKE_PREFIX_PATH', '/home/laura_benitez/urdf_ws/install/cuadriga_interfaces:/home/laura_benitez/test_ws/install/mi_robot_description:/home/laura_benitez/rosgame_ws/install/warrior_15:/home/laura_benitez/rosgame_ws/install/rosgame_msgs:/home/laura_benitez/rosgame_ws/install/rosgame_bridge:/home/laura_benitez/cypr_ws/install/navigation:/home/laura_benitez/cypr_ws/install/motion:/home/laura_benitez/cypr_ws/install/localization:/home/laura_benitez/cypr_ws/install/keyboard_control:/home/laura_benitez/cypr_ws/install/arm_controller:/opt/ros/humble'), ('WSLENV', '')]), 'shell': False}
[28.122428] (cuadriga) StdoutLine: {'line': b'-- Install configuration: ""\n'}
[28.123032] (cuadriga) StdoutLine: {'line': b'-- Installing: /home/laura_benitez/urdf_ws/install/cuadriga/lib/cuadriga/cuadriga\n'}
[28.152554] (cuadriga) StdoutLine: {'line': b'-- Set runtime path of "/home/laura_benitez/urdf_ws/install/cuadriga/lib/cuadriga/cuadriga" to ""\n'}
[28.152871] (cuadriga) StdoutLine: {'line': b'-- Installing: /home/laura_benitez/urdf_ws/install/cuadriga/share/cuadriga//launch\n'}
[28.153385] (cuadriga) StdoutLine: {'line': b'-- Installing: /home/laura_benitez/urdf_ws/install/cuadriga/share/cuadriga//launch/cuadriga_launch.py\n'}
[28.173961] (cuadriga) StdoutLine: {'line': b'-- Installing: /home/laura_benitez/urdf_ws/install/cuadriga/share/cuadriga//launch/cuadriga_launch.py:Zone.Identifier\n'}
[28.175492] (cuadriga) StdoutLine: {'line': b'-- Installing: /home/laura_benitez/urdf_ws/install/cuadriga/share/ament_index/resource_index/package_run_dependencies/cuadriga\n'}
[28.176744] (cuadriga) StdoutLine: {'line': b'-- Installing: /home/laura_benitez/urdf_ws/install/cuadriga/share/ament_index/resource_index/parent_prefix_path/cuadriga\n'}
[28.177906] (cuadriga) StdoutLine: {'line': b'-- Installing: /home/laura_benitez/urdf_ws/install/cuadriga/share/cuadriga/environment/ament_prefix_path.sh\n'}
[28.179030] (cuadriga) StdoutLine: {'line': b'-- Installing: /home/laura_benitez/urdf_ws/install/cuadriga/share/cuadriga/environment/ament_prefix_path.dsv\n'}
[28.180254] (cuadriga) StdoutLine: {'line': b'-- Installing: /home/laura_benitez/urdf_ws/install/cuadriga/share/cuadriga/environment/path.sh\n'}
[28.181342] (cuadriga) StdoutLine: {'line': b'-- Installing: /home/laura_benitez/urdf_ws/install/cuadriga/share/cuadriga/environment/path.dsv\n'}
[28.182370] (cuadriga) StdoutLine: {'line': b'-- Installing: /home/laura_benitez/urdf_ws/install/cuadriga/share/cuadriga/local_setup.bash\n'}
[28.183345] (cuadriga) StdoutLine: {'line': b'-- Installing: /home/laura_benitez/urdf_ws/install/cuadriga/share/cuadriga/local_setup.sh\n'}
[28.184511] (cuadriga) StdoutLine: {'line': b'-- Installing: /home/laura_benitez/urdf_ws/install/cuadriga/share/cuadriga/local_setup.zsh\n'}
[28.185473] (cuadriga) StdoutLine: {'line': b'-- Installing: /home/laura_benitez/urdf_ws/install/cuadriga/share/cuadriga/local_setup.dsv\n'}
[28.186440] (cuadriga) StdoutLine: {'line': b'-- Installing: /home/laura_benitez/urdf_ws/install/cuadriga/share/cuadriga/package.dsv\n'}
[28.187709] (cuadriga) StdoutLine: {'line': b'-- Installing: /home/laura_benitez/urdf_ws/install/cuadriga/share/ament_index/resource_index/packages/cuadriga\n'}
[28.188904] (cuadriga) StdoutLine: {'line': b'-- Installing: /home/laura_benitez/urdf_ws/install/cuadriga/share/cuadriga/cmake/cuadrigaConfig.cmake\n'}
[28.189825] (cuadriga) StdoutLine: {'line': b'-- Installing: /home/laura_benitez/urdf_ws/install/cuadriga/share/cuadriga/cmake/cuadrigaConfig-version.cmake\n'}
[28.190876] (cuadriga) StdoutLine: {'line': b'-- Installing: /home/laura_benitez/urdf_ws/install/cuadriga/share/cuadriga/package.xml\n'}
[28.194520] (cuadriga) CommandEnded: {'returncode': 0}
[28.201661] (-) TimerEvent: {}
[28.220325] (cuadriga) JobEnded: {'identifier': 'cuadriga', 'rc': 0}
[28.257601] (-) EventReactorShutdown: {}
